timestamp,datetime_utc,open,high,low,close,volume
1771612200,2026-02-20 18:30:00,0.1625,0.16393,0.16195,0.162902,563605.24390019
1771613100,2026-02-20 18:45:00,0.16295,0.163504,0.162404,0.162725,754169.78511184
1771614000,2026-02-20 19:00:00,0.162725,0.163112,0.1619,0.162,530777.05515212
1771614900,2026-02-20 19:15:00,0.162025,0.162264,0.161525,0.161844,189507.21513289
1771615800,2026-02-20 19:30:00,0.16185,0.162374,0.161446,0.161552,224617.9316784
1771616700,2026-02-20 19:45:00,0.16157,0.161968,0.161425,0.161949,168764.86117972
1771617600,2026-02-20 20:00:00,0.161935,0.162247,0.161675,0.16215,184448.0190447
1771618500,2026-02-20 20:15:00,0.162125,0.162161,0.161027,0.161167,186750.65789895
1771619400,2026-02-20 20:30:00,0.161175,0.161725,0.16095,0.161691,136649.12820623
1771620300,2026-02-20 20:45:00,0.16169,0.161855,0.16125,0.161575,205713.22234328
1771621200,2026-02-20 21:00:00,0.161599,0.161951,0.161352,0.161475,192786.42542307
1771622100,2026-02-20 21:15:00,0.161425,0.1617,0.16135,0.161563,122314.46586767
1771623000,2026-02-20 21:30:00,0.16159,0.161875,0.161392,0.161704,90765.4291146
1771623900,2026-02-20 21:45:00,0.161704,0.161941,0.161526,0.16175,134516.3663571
1771624800,2026-02-20 22:00:00,0.16179,0.1618,0.161311,0.161707,195937.77863398
1771625700,2026-02-20 22:15:00,0.161702,0.16251,0.161477,0.162321,160038.18312463
1771626600,2026-02-20 22:30:00,0.1623,0.162675,0.162004,0.16213,303840.85531196
1771627500,2026-02-20 22:45:00,0.16213,0.16258,0.162029,0.1624,149054.30205209
1771628400,2026-02-20 23:00:00,0.16244,0.162925,0.162337,0.162388,411527.79454155
1771629300,2026-02-20 23:15:00,0.162384,0.16253,0.16221,0.16238,90262.61815606
1771630200,2026-02-20 23:30:00,0.1624,0.162567,0.162176,0.16229,130307.45048454
1771631100,2026-02-20 23:45:00,0.162322,0.162749,0.162322,0.162597,88503.19836259
1771632000,2026-02-21 00:00:00,0.162576,0.162752,0.1623,0.16248,127234.7108628
1771632900,2026-02-21 00:15:00,0.162525,0.162555,0.162077,0.162098,103414.72918659
1771633800,2026-02-21 00:30:00,0.162084,0.162148,0.161596,0.161596,134579.38094264
1771634700,2026-02-21 00:45:00,0.1616,0.161699,0.1615,0.161637,76707.02595672
1771635600,2026-02-21 01:00:00,0.161665,0.161812,0.161512,0.16176,82212.06180004
1771636500,2026-02-21 01:15:00,0.16176,0.16192,0.161703,0.161825,96091.49185568
1771637400,2026-02-21 01:30:00,0.161845,0.162451,0.161828,0.162315,106196.68238362
1771638300,2026-02-21 01:45:00,0.1623,0.162418,0.162185,0.16236,63597.97216436
1771639200,2026-02-21 02:00:00,0.162375,0.16253,0.162111,0.16253,78110.29848851
1771640100,2026-02-21 02:15:00,0.162529,0.162849,0.1624,0.16275,197870.72227835
1771641000,2026-02-21 02:30:00,0.162749,0.162975,0.162625,0.162875,55507.69265839
1771641900,2026-02-21 02:45:00,0.16285,0.162894,0.162382,0.162382,80161.62293027
1771642800,2026-02-21 03:00:00,0.1624,0.162449,0.16165,0.161725,128561.62560132
1771643700,2026-02-21 03:15:00,0.161722,0.161939,0.161611,0.16193,78347.7447687
1771644600,2026-02-21 03:30:00,0.16193,0.162099,0.161494,0.161609,120247.81116934
1771645500,2026-02-21 03:45:00,0.161625,0.161937,0.16155,0.161937,79970.71723773
1771646400,2026-02-21 04:00:00,0.161935,0.161957,0.161726,0.161856,56037.86988319
1771647300,2026-02-21 04:15:00,0.161861,0.162049,0.161651,0.161847,176060.94945528
1771648200,2026-02-21 04:30:00,0.1618,0.16191,0.1617,0.16175,77365.06578571
1771649100,2026-02-21 04:45:00,0.161725,0.16208,0.161661,0.162006,66175.80635789
1771650000,2026-02-21 05:00:00,0.162051,0.16228,0.162042,0.1622,54595.32926413
1771650900,2026-02-21 05:15:00,0.162199,0.162411,0.162198,0.162362,55753.45267905
1771651800,2026-02-21 05:30:00,0.16237,0.162524,0.162053,0.162165,93703.43728892
1771652700,2026-02-21 05:45:00,0.162108,0.162129,0.161831,0.161973,41642.81034442
1771653600,2026-02-21 06:00:00,0.161999,0.16211,0.161825,0.16211,40165.36204922
1771654500,2026-02-21 06:15:00,0.162125,0.162203,0.161902,0.161925,41742.70641628
1771655400,2026-02-21 06:30:00,0.1619,0.1619,0.161525,0.16153,160554.01341996
1771656300,2026-02-21 06:45:00,0.161518,0.161755,0.161426,0.161689,129615.40714061
1771657200,2026-02-21 07:00:00,0.16169,0.161792,0.161426,0.161465,114850.36141022
1771658100,2026-02-21 07:15:00,0.16148,0.161614,0.16148,0.161529,121201.46563107
1771659000,2026-02-21 07:30:00,0.16157,0.161866,0.161529,0.161748,65292.91499032
1771659900,2026-02-21 07:45:00,0.161749,0.161825,0.161703,0.16178,25795.84829613
1771660800,2026-02-21 08:00:00,0.1618,0.161875,0.1616,0.161699,22466.31109518
1771661700,2026-02-21 08:15:00,0.16172,0.161991,0.16172,0.161834,140358.93351742
1771662600,2026-02-21 08:30:00,0.16183,0.162225,0.16183,0.162222,28984.19288962
1771663500,2026-02-21 08:45:00,0.162204,0.162847,0.16205,0.162728,136248.80392088
1771664400,2026-02-21 09:00:00,0.162725,0.162794,0.162601,0.162666,49497.25887085
1771665300,2026-02-21 09:15:00,0.162679,0.163959,0.162679,0.163959,182017.68229443
1771666200,2026-02-21 09:30:00,0.163896,0.164,0.163531,0.16375,109501.83489033
1771667100,2026-02-21 09:45:00,0.163774,0.163849,0.1631,0.16311,93130.02118734
1771668000,2026-02-21 10:00:00,0.163075,0.16335,0.16305,0.163111,60005.34096872
1771668900,2026-02-21 10:15:00,0.16312,0.163265,0.16312,0.16321,36808.55777926
1771669800,2026-02-21 10:30:00,0.16324,0.163325,0.163049,0.163083,37515.2406431
1771670700,2026-02-21 10:45:00,0.163079,0.163093,0.162778,0.16298,116172.30208959
1771671600,2026-02-21 11:00:00,0.162961,0.16335,0.162879,0.16299,271596.70217985
1771672500,2026-02-21 11:15:00,0.16295,0.163346,0.162929,0.163029,186002.98705674
1771673400,2026-02-21 11:30:00,0.16303,0.163064,0.162782,0.16282,107557.45309688
1771674300,2026-02-21 11:45:00,0.162849,0.1631,0.16267,0.1631,85872.07582894
1771675200,2026-02-21 12:00:00,0.16309,0.16315,0.162878,0.1629,52506.56448416
1771676100,2026-02-21 12:15:00,0.162875,0.16302,0.162734,0.162794,93308.0017562
1771677000,2026-02-21 12:30:00,0.162783,0.162783,0.162558,0.162633,110707.53737868
1771677900,2026-02-21 12:45:00,0.162703,0.16297,0.16265,0.162871,80848.65330161
1771678800,2026-02-21 13:00:00,0.162872,0.162979,0.162739,0.162824,105351.72731788
1771679700,2026-02-21 13:15:00,0.16283,0.163273,0.162751,0.163125,62488.76192021
1771680600,2026-02-21 13:30:00,0.163101,0.16321,0.16279,0.16292,97910.73715081
1771681500,2026-02-21 13:45:00,0.16292,0.163499,0.16292,0.163451,95097.71058644
1771682400,2026-02-21 14:00:00,0.16347,0.163574,0.163286,0.163429,157281.01597908
1771683300,2026-02-21 14:15:00,0.163375,0.164474,0.16326,0.164025,216006.24206173
1771684200,2026-02-21 14:30:00,0.164,0.164423,0.163907,0.16415,354380.85986552
1771685100,2026-02-21 14:45:00,0.16418,0.164292,0.16381,0.16394,179445.30847178
1771686000,2026-02-21 15:00:00,0.163975,0.164076,0.16342,0.163869,246063.03544098
1771686900,2026-02-21 15:15:00,0.163826,0.164067,0.163175,0.163195,122517.78812109
1771687800,2026-02-21 15:30:00,0.16315,0.1638,0.163025,0.1637,129169.18543677
1771688700,2026-02-21 15:45:00,0.1637,0.163779,0.163201,0.163214,87584.9960981
1771689600,2026-02-21 16:00:00,0.16323,0.163321,0.162198,0.162506,137001.66048246
1771690500,2026-02-21 16:15:00,0.162504,0.162637,0.161726,0.162125,149984.92036948
1771691400,2026-02-21 16:30:00,0.162075,0.1622,0.161788,0.162022,123470.15675411
1771692300,2026-02-21 16:45:00,0.161975,0.162154,0.161809,0.161992,150668.6343789
1771693200,2026-02-21 17:00:00,0.16202,0.162249,0.161723,0.161816,169446.73318581
1771694100,2026-02-21 17:15:00,0.161761,0.16195,0.161601,0.161763,121142.19543845
1771695000,2026-02-21 17:30:00,0.16184,0.162251,0.161709,0.162151,74680.03317977
1771695900,2026-02-21 17:45:00,0.16215,0.162287,0.161875,0.16195,133081.70427675
1771696800,2026-02-21 18:00:00,0.16191,0.162389,0.16191,0.162083,96165.16272641
1771697700,2026-02-21 18:15:00,0.162067,0.162432,0.162051,0.162111,121899.30553621
1771698600,2026-02-21 18:30:00,0.162101,0.16311,0.162039,0.16283,225768.58140112
1771699500,2026-02-21 18:45:00,0.162787,0.1632,0.162662,0.16293,176606.35280919
1771700400,2026-02-21 19:00:00,0.162875,0.16289,0.162601,0.162676,183161.21610521
1771701300,2026-02-21 19:15:00,0.162652,0.163053,0.162632,0.16275,152605.8515707
1771702200,2026-02-21 19:30:00,0.162742,0.163806,0.16265,0.163675,178779.8439949
1771703100,2026-02-21 19:45:00,0.163673,0.16368,0.162471,0.162631,194004.28654944
1771704000,2026-02-21 20:00:00,0.162625,0.162746,0.162388,0.162416,79731.02105127
1771704900,2026-02-21 20:15:00,0.162376,0.162624,0.162191,0.162555,137539.31060199
1771705800,2026-02-21 20:30:00,0.16256,0.162641,0.161825,0.161968,351564.13562081
1771706700,2026-02-21 20:45:00,0.16199,0.16211,0.161575,0.161625,316838.77266114
1771707600,2026-02-21 21:00:00,0.16163,0.161798,0.161477,0.161685,153685.44628515
1771708500,2026-02-21 21:15:00,0.161625,0.1622,0.161617,0.162175,87044.56797883
1771709400,2026-02-21 21:30:00,0.162175,0.162436,0.16213,0.162199,72773.6402054
1771710300,2026-02-21 21:45:00,0.162183,0.162338,0.162094,0.162329,63101.66029733
1771711200,2026-02-21 22:00:00,0.162319,0.162824,0.161646,0.16195,1176605.93949215
1771712100,2026-02-21 22:15:00,0.161974,0.162158,0.161848,0.161893,77743.27775363
1771713000,2026-02-21 22:30:00,0.16194,0.161945,0.161375,0.161514,179827.40385666
1771713900,2026-02-21 22:45:00,0.16158,0.16175,0.1613,0.1613,107833.93448107
1771714800,2026-02-21 23:00:00,0.161276,0.161411,0.160942,0.161147,870772.83128293
1771715700,2026-02-21 23:15:00,0.161144,0.161395,0.161144,0.1613,200186.72242616
1771716600,2026-02-21 23:30:00,0.1613,0.16133,0.161112,0.161112,235091.7212265
1771717500,2026-02-21 23:45:00,0.1611,0.161132,0.160951,0.160975,157936.32299917
1771718400,2026-02-22 00:00:00,0.160951,0.161,0.16056,0.160773,159939.79653874
1771719300,2026-02-22 00:15:00,0.16077,0.160996,0.160397,0.160654,541149.01437234
1771720200,2026-02-22 00:30:00,0.160613,0.160747,0.160276,0.160309,308328.05811061
1771721100,2026-02-22 00:45:00,0.16031,0.160638,0.160125,0.16047,135645.44554961
1771722000,2026-02-22 01:00:00,0.160452,0.160452,0.160016,0.16018,312698.37256204
1771722900,2026-02-22 01:15:00,0.1602,0.160447,0.16,0.16015,127861.87723629
1771723800,2026-02-22 01:30:00,0.16016,0.16019,0.159951,0.15999,115647.22470685
1771724700,2026-02-22 01:45:00,0.159982,0.160024,0.159515,0.159827,355322.6502074
1771725600,2026-02-22 02:00:00,0.15985,0.15988,0.158899,0.15891,332003.18094946
1771726500,2026-02-22 02:15:00,0.158922,0.158925,0.15776,0.157824,337275.0838228
1771727400,2026-02-22 02:30:00,0.1578,0.158064,0.155712,0.155923,7569549.07909135
1771728300,2026-02-22 02:45:00,0.155834,0.156013,0.153826,0.155491,14340686.76645862
1771729200,2026-02-22 03:00:00,0.15547,0.157554,0.154801,0.154884,8307454.73291899
1771730100,2026-02-22 03:15:00,0.154912,0.155,0.15428,0.154938,3945412.59411087
1771731000,2026-02-22 03:30:00,0.154921,0.155569,0.154774,0.155512,1913104.64992015
1771731900,2026-02-22 03:45:00,0.155516,0.156735,0.155461,0.15564,2125854.37579007
1771732800,2026-02-22 04:00:00,0.155616,0.156,0.155472,0.155834,822416.43893779
1771733700,2026-02-22 04:15:00,0.15583,0.15583,0.155342,0.15546,686081.20841118
1771734600,2026-02-22 04:30:00,0.155448,0.155522,0.155245,0.155478,1146132.30468134
1771735500,2026-02-22 04:45:00,0.15548,0.155865,0.155399,0.155806,195112.50881597
1771736400,2026-02-22 05:00:00,0.155822,0.15626,0.155805,0.155992,237726.25132212
1771737300,2026-02-22 05:15:00,0.156009,0.156409,0.156006,0.156409,344450.46117247
1771738200,2026-02-22 05:30:00,0.15641,0.156557,0.154948,0.155364,4023181.03060853
1771739100,2026-02-22 05:45:00,0.155364,0.155512,0.154978,0.155314,1207763.33613609
1771740000,2026-02-22 06:00:00,0.155312,0.155622,0.154999,0.155141,1723639.52947495
1771740900,2026-02-22 06:15:00,0.155141,0.155346,0.154587,0.155059,2158851.53553783
1771741800,2026-02-22 06:30:00,0.155023,0.155055,0.154399,0.15489,3181592.5289145
1771742700,2026-02-22 06:45:00,0.154903,0.15533,0.15489,0.15533,377445.74660406
1771743600,2026-02-22 07:00:00,0.155346,0.155601,0.155273,0.15558,775229.97528617
1771744500,2026-02-22 07:15:00,0.155545,0.155591,0.155297,0.155458,348359.6103029
1771745400,2026-02-22 07:30:00,0.155432,0.155637,0.155245,0.155637,156549.64115921
1771746300,2026-02-22 07:45:00,0.155617,0.155953,0.155533,0.155718,233943.07996885
1771747200,2026-02-22 08:00:00,0.15573,0.15588,0.155575,0.15588,86505.54738055
1771748100,2026-02-22 08:15:00,0.15588,0.156066,0.155482,0.15594,1755597.60683303
1771749000,2026-02-22 08:30:00,0.15599,0.15638,0.155876,0.1562,378143.15148338
1771749900,2026-02-22 08:45:00,0.15624,0.15627,0.156016,0.156016,61676.65001157
1771750800,2026-02-22 09:00:00,0.15592,0.156221,0.155863,0.15619,33173.5666873
1771751700,2026-02-22 09:15:00,0.15625,0.156582,0.15625,0.15641,127592.75391689
1771752600,2026-02-22 09:30:00,0.156409,0.15656,0.156321,0.156518,82936.76462129
1771753500,2026-02-22 09:45:00,0.156519,0.156869,0.156503,0.156603,165218.89470682
1771754400,2026-02-22 10:00:00,0.156613,0.15698,0.156397,0.15682,88542.59014585
1771755300,2026-02-22 10:15:00,0.15687,0.15695,0.156572,0.156642,82805.97179617
1771756200,2026-02-22 10:30:00,0.156669,0.156818,0.156479,0.156486,195081.21179698
1771757100,2026-02-22 10:45:00,0.156486,0.15667,0.156224,0.156327,254398.4977712
1771758000,2026-02-22 11:00:00,0.156282,0.156636,0.156282,0.15652,104231.13678524
1771758900,2026-02-22 11:15:00,0.156519,0.156661,0.156401,0.156428,219540.63405008
1771759800,2026-02-22 11:30:00,0.15642,0.156479,0.156311,0.1564,73379.07938678
1771760700,2026-02-22 11:45:00,0.1564,0.1566,0.1564,0.156576,182634.14739191
1771761600,2026-02-22 12:00:00,0.156552,0.156552,0.15538,0.155383,307377.34180403
1771762500,2026-02-22 12:15:00,0.15542,0.15564,0.155238,0.155546,167048.14431011
1771763400,2026-02-22 12:30:00,0.155517,0.155615,0.155184,0.155237,178602.2904494
1771764300,2026-02-22 12:45:00,0.155253,0.155485,0.15513,0.155281,143062.02113711
1771765200,2026-02-22 13:00:00,0.15531,0.155571,0.15487,0.155313,508443.47623739
1771766100,2026-02-22 13:15:00,0.15532,0.155544,0.155253,0.155317,108783.62238557
1771767000,2026-02-22 13:30:00,0.155265,0.155501,0.155005,0.155117,207702.30889757
1771767900,2026-02-22 13:45:00,0.155117,0.155117,0.154804,0.15496,258438.02121566
1771768800,2026-02-22 14:00:00,0.15496,0.155092,0.154513,0.154723,306050.20508763
1771769700,2026-02-22 14:15:00,0.154687,0.154799,0.154199,0.154367,358629.3096046
1771770600,2026-02-22 14:30:00,0.154306,0.154697,0.154259,0.154369,171958.57654457
1771771500,2026-02-22 14:45:00,0.15433,0.154656,0.154133,0.154567,236791.08692067
1771772400,2026-02-22 15:00:00,0.154573,0.154573,0.153974,0.15416,294668.2000625
1771773300,2026-02-22 15:15:00,0.154159,0.154959,0.153961,0.154959,159212.25919418
1771774200,2026-02-22 15:30:00,0.154925,0.154925,0.153903,0.15423,676510.18912545
1771775100,2026-02-22 15:45:00,0.15423,0.154454,0.154096,0.154293,144031.36951048
1771776000,2026-02-22 16:00:00,0.154287,0.154486,0.153975,0.15434,222111.79562517
1771776900,2026-02-22 16:15:00,0.154367,0.154665,0.154338,0.154488,143254.90411499
1771777800,2026-02-22 16:30:00,0.154528,0.154859,0.154401,0.15466,120927.98524889
1771778700,2026-02-22 16:45:00,0.154639,0.154937,0.154639,0.15486,152202.20494943
1771779600,2026-02-22 17:00:00,0.154855,0.15532,0.15428,0.15438,330839.87720324
1771780500,2026-02-22 17:15:00,0.154399,0.154454,0.154216,0.154216,227082.48724508
1771781400,2026-02-22 17:30:00,0.154216,0.15428,0.153845,0.154044,162805.9727758
1771782300,2026-02-22 17:45:00,0.1541,0.154354,0.154029,0.15413,162676.29314739
1771783200,2026-02-22 18:00:00,0.1541,0.154134,0.153759,0.15412,213036.4942507
1771784100,2026-02-22 18:15:00,0.15412,0.155682,0.15412,0.155444,4171644.44404203
1771785000,2026-02-22 18:30:00,0.155469,0.15582,0.155279,0.155406,1339981.22434587
1771785900,2026-02-22 18:45:00,0.155459,0.155686,0.155355,0.155454,165051.12461214
1771786800,2026-02-22 19:00:00,0.155402,0.155459,0.155036,0.155081,254005.42597701
1771787700,2026-02-22 19:15:00,0.15513,0.155193,0.154941,0.1551,158742.05727094
1771788600,2026-02-22 19:30:00,0.155088,0.15548,0.155088,0.155337,59717.47501014
1771789500,2026-02-22 19:45:00,0.155358,0.1554,0.155098,0.155259,87561.91860637
1771790400,2026-02-22 20:00:00,0.1552,0.155256,0.154985,0.15512,147333.82870689
1771791300,2026-02-22 20:15:00,0.15512,0.155347,0.155021,0.155323,141654.98168281
1771792200,2026-02-22 20:30:00,0.15534,0.15534,0.154953,0.155,133088.94704502
1771793100,2026-02-22 20:45:00,0.155,0.155012,0.154489,0.154532,124509.32739573
1771794000,2026-02-22 21:00:00,0.15454,0.154705,0.154525,0.154526,88038.7079474
1771794900,2026-02-22 21:15:00,0.15458,0.15468,0.154242,0.1543,116792.08296853
1771795800,2026-02-22 21:30:00,0.15432,0.154925,0.154243,0.154893,170404.05372119
1771796700,2026-02-22 21:45:00,0.15486,0.15498,0.15467,0.15481,186905.52132471
1771797600,2026-02-22 22:00:00,0.154781,0.15522,0.1547,0.154864,846908.3695753
1771798500,2026-02-22 22:15:00,0.15484,0.15526,0.154802,0.155042,65559.62715397
1771799400,2026-02-22 22:30:00,0.155006,0.15521,0.154826,0.155178,128919.67729366
1771800300,2026-02-22 22:45:00,0.155191,0.155288,0.155081,0.155081,123057.39429116
1771801200,2026-02-22 23:00:00,0.155122,0.155333,0.15477,0.15477,278925.22355406
1771802100,2026-02-22 23:15:00,0.154752,0.155009,0.154573,0.15486,260562.44809839
1771803000,2026-02-22 23:30:00,0.15484,0.1549,0.154564,0.15461,228007.86534858
1771803900,2026-02-22 23:45:00,0.154642,0.155088,0.154504,0.154872,423152.79170215
1771804800,2026-02-23 00:00:00,0.154875,0.155265,0.154798,0.155048,234155.34895784
1771805700,2026-02-23 00:15:00,0.155022,0.155087,0.154065,0.154233,205394.22698905
1771806600,2026-02-23 00:30:00,0.15428,0.154282,0.153266,0.153498,525532.96244132
1771807500,2026-02-23 00:45:00,0.153481,0.153676,0.152929,0.1531,370686.48566499
1771808400,2026-02-23 01:00:00,0.153045,0.153141,0.150322,0.151052,1685952.41413918
1771809300,2026-02-23 01:15:00,0.150984,0.151223,0.149094,0.149544,7521341.39397156
1771810200,2026-02-23 01:30:00,0.14952,0.151139,0.149304,0.150536,863742.80042037
1771811100,2026-02-23 01:45:00,0.15051,0.154403,0.149707,0.14991,3646931.18725769
1771812000,2026-02-23 02:00:00,0.149921,0.150972,0.149712,0.150365,626096.00247569
1771812900,2026-02-23 02:15:00,0.15041,0.15049,0.149895,0.15023,263277.13791986
1771813800,2026-02-23 02:30:00,0.15026,0.15057,0.150101,0.150479,445243.20965083
1771814700,2026-02-23 02:45:00,0.150444,0.1507,0.150346,0.150616,236119.50009136
1771815600,2026-02-23 03:00:00,0.150648,0.151648,0.150648,0.15132,429789.29363883
1771816500,2026-02-23 03:15:00,0.15132,0.151367,0.150254,0.150396,498131.64048576
1771817400,2026-02-23 03:30:00,0.1504,0.151112,0.150222,0.15107,953323.87932979
1771818300,2026-02-23 03:45:00,0.151104,0.15119,0.15072,0.150822,207884.61616174
1771819200,2026-02-23 04:00:00,0.15084,0.151182,0.150676,0.15106,258317.49969756
1771820100,2026-02-23 04:15:00,0.151008,0.151008,0.150465,0.15049,244375.49027862
1771821000,2026-02-23 04:30:00,0.150487,0.150528,0.149696,0.149953,700646.62032535
1771821900,2026-02-23 04:45:00,0.149964,0.150229,0.149937,0.150191,276676.04251186
1771822800,2026-02-23 05:00:00,0.150219,0.150906,0.150219,0.150711,213554.31971565
1771823700,2026-02-23 05:15:00,0.15071,0.151402,0.15071,0.15119,261439.83879375
1771824600,2026-02-23 05:30:00,0.151199,0.151406,0.150864,0.151152,222254.46268995
1771825500,2026-02-23 05:45:00,0.151104,0.151303,0.15096,0.150977,81339.43012436
1771826400,2026-02-23 06:00:00,0.15099,0.153096,0.150871,0.153048,363321.39135022
1771827300,2026-02-23 06:15:00,0.153026,0.153026,0.152352,0.1524,121317.19113752
1771828200,2026-02-23 06:30:00,0.152416,0.153192,0.152326,0.15311,186627.1846485
1771829100,2026-02-23 06:45:00,0.153109,0.153529,0.153109,0.153269,86848.82587188
1771830000,2026-02-23 07:00:00,0.153319,0.153504,0.153216,0.1533,141144.9019404
1771830900,2026-02-23 07:15:00,0.1533,0.15331,0.152917,0.153024,103256.44314097
1771831800,2026-02-23 07:30:00,0.153,0.153711,0.152835,0.153528,101791.14495405
1771832700,2026-02-23 07:45:00,0.153504,0.153533,0.153144,0.153144,65255.27253807
1771833600,2026-02-23 08:00:00,0.15312,0.153253,0.152631,0.152906,176946.79918507
1771834500,2026-02-23 08:15:00,0.152909,0.153059,0.152411,0.152529,90496.38117567
1771835400,2026-02-23 08:30:00,0.152505,0.152699,0.15242,0.152514,80231.60318026
1771836300,2026-02-23 08:45:00,0.152469,0.152544,0.15232,0.152544,65644.44863783
1771837200,2026-02-23 09:00:00,0.15254,0.153123,0.15254,0.152964,121892.72086744
1771838100,2026-02-23 09:15:00,0.152936,0.153352,0.152637,0.153211,150111.41405451
1771839000,2026-02-23 09:30:00,0.153188,0.15504,0.153104,0.15469,357220.14525123
1771839900,2026-02-23 09:45:00,0.154683,0.155344,0.154683,0.15524,97182.686281
1771840800,2026-02-23 10:00:00,0.15522,0.155978,0.155148,0.15524,172246.04406009
1771841700,2026-02-23 10:15:00,0.155204,0.156044,0.154935,0.15593,232962.01275695
1771842600,2026-02-23 10:30:00,0.15593,0.156059,0.155624,0.156031,104540.75339299
1771843500,2026-02-23 10:45:00,0.15604,0.156106,0.155719,0.155912,244186.31876765
1771844400,2026-02-23 11:00:00,0.15595,0.156231,0.155932,0.15599,207693.70273535
1771845300,2026-02-23 11:15:00,0.155991,0.15683,0.155986,0.15648,313855.44386565
1771846200,2026-02-23 11:30:00,0.156464,0.156704,0.15624,0.156356,183954.76185611
1771847100,2026-02-23 11:45:00,0.156355,0.156385,0.155814,0.156048,470639.29821097
1771848000,2026-02-23 12:00:00,0.156039,0.15644,0.155862,0.15624,251990.18748174
1771848900,2026-02-23 12:15:00,0.156232,0.156256,0.155734,0.15584,240038.77902987
1771849800,2026-02-23 12:30:00,0.155824,0.15736,0.155399,0.157137,368945.80554
1771850700,2026-02-23 12:45:00,0.157147,0.157453,0.156513,0.156566,213314.7092436
1771851600,2026-02-23 13:00:00,0.15657,0.156772,0.1564,0.15656,149561.60913437
1771852500,2026-02-23 13:15:00,0.156548,0.15655,0.156212,0.156317,207699.37928636
1771853400,2026-02-23 13:30:00,0.156326,0.156684,0.155876,0.156408,404191.12031921
1771854300,2026-02-23 13:45:00,0.156434,0.156492,0.155235,0.15532,274401.7770785
1771855200,2026-02-23 14:00:00,0.15532,0.155463,0.155205,0.15544,195961.57424421
1771856100,2026-02-23 14:15:00,0.155384,0.155466,0.154354,0.154437,149451.08952918
1771857000,2026-02-23 14:30:00,0.15445,0.155372,0.153821,0.154868,411185.87487979
1771857900,2026-02-23 14:45:00,0.15484,0.15566,0.154448,0.155288,339904.40815632
1771858800,2026-02-23 15:00:00,0.155313,0.155685,0.15456,0.1547,473418.2262809
1771859700,2026-02-23 15:15:00,0.1547,0.15526,0.153744,0.153916,307605.7064004
1771860600,2026-02-23 15:30:00,0.153883,0.154469,0.153542,0.153745,923621.17929375
1771861500,2026-02-23 15:45:00,0.153743,0.153998,0.152918,0.15301,1264694.69902071
1771862400,2026-02-23 16:00:00,0.15306,0.153135,0.151355,0.151405,509262.07373251
1771863300,2026-02-23 16:15:00,0.151369,0.152356,0.151339,0.152034,252425.93384642
1771864200,2026-02-23 16:30:00,0.151965,0.15274,0.151536,0.15182,390454.96428758
1771865100,2026-02-23 16:45:00,0.151817,0.151876,0.150881,0.151495,316447.69755428
1771866000,2026-02-23 17:00:00,0.151522,0.151954,0.150916,0.150916,271010.07588006
1771866900,2026-02-23 17:15:00,0.15097,0.15134,0.150228,0.150228,286470.85802564
1771867800,2026-02-23 17:30:00,0.15022,0.150824,0.149576,0.150144,480902.34525477
1771868700,2026-02-23 17:45:00,0.15015,0.151088,0.14939,0.151088,562235.51668033
1771869600,2026-02-23 18:00:00,0.151033,0.151895,0.150864,0.151256,365287.21759603
1771870500,2026-02-23 18:15:00,0.151228,0.151432,0.150571,0.15106,293691.22425334
1771871400,2026-02-23 18:30:00,0.151116,0.152124,0.15087,0.151741,174456.90500737
1771872300,2026-02-23 18:45:00,0.151704,0.151704,0.15064,0.150859,221657.41936995
1771873200,2026-02-23 19:00:00,0.150899,0.151032,0.150519,0.150627,271270.87021893
1771874100,2026-02-23 19:15:00,0.150675,0.150917,0.150262,0.1508,480460.81886882
1771875000,2026-02-23 19:30:00,0.150762,0.151106,0.150275,0.150768,822291.97173767
1771875900,2026-02-23 19:45:00,0.150772,0.15101,0.1502,0.150612,260551.26059246
1771876800,2026-02-23 20:00:00,0.15057,0.150849,0.150308,0.150421,262946.83953041
1771877700,2026-02-23 20:15:00,0.150399,0.150791,0.150216,0.150462,456496.41837355
1771878600,2026-02-23 20:30:00,0.15047,0.151377,0.15046,0.151026,140357.50910702
1771879500,2026-02-23 20:45:00,0.15103,0.151591,0.150785,0.151453,405478.42688036
1771880400,2026-02-23 21:00:00,0.151464,0.152051,0.151297,0.15175,600616.56185323
1771881300,2026-02-23 21:15:00,0.15179,0.1519,0.151529,0.151644,142401.16166927
1771882200,2026-02-23 21:30:00,0.15164,0.152115,0.151182,0.151756,223247.39364677
1771883100,2026-02-23 21:45:00,0.151722,0.152121,0.151704,0.151884,204995.27499897
1771884000,2026-02-23 22:00:00,0.151859,0.152634,0.151728,0.152473,328126.85253112
1771884900,2026-02-23 22:15:00,0.152484,0.152685,0.152323,0.152413,184316.49906265
1771885800,2026-02-23 22:30:00,0.15237,0.15262,0.152154,0.15224,152533.48883914
1771886700,2026-02-23 22:45:00,0.15224,0.152391,0.151698,0.151742,216755.59956739
1771887600,2026-02-23 23:00:00,0.15175,0.152208,0.151707,0.1519,191689.09378582
1771888500,2026-02-23 23:15:00,0.151903,0.15199,0.15161,0.151758,188697.1811037
1771889400,2026-02-23 23:30:00,0.15173,0.151782,0.151143,0.15119,224228.80217514
1771890300,2026-02-23 23:45:00,0.151248,0.15156,0.151118,0.15154,262489.94361772
1771891200,2026-02-24 00:00:00,0.15158,0.151956,0.151416,0.151772,232624.92896935
1771892100,2026-02-24 00:15:00,0.151729,0.15192,0.151615,0.151776,246663.16465548
1771893000,2026-02-24 00:30:00,0.15178,0.151911,0.151503,0.151755,362166.93602697
1771893900,2026-02-24 00:45:00,0.151808,0.152068,0.151751,0.15206,193799.0744985
1771894800,2026-02-24 01:00:00,0.152059,0.15206,0.150656,0.151037,328323.94309159
1771895700,2026-02-24 01:15:00,0.151056,0.152122,0.149564,0.15196,599934.52359317
1771896600,2026-02-24 01:30:00,0.15199,0.152552,0.151536,0.15185,287701.23108535
1771897500,2026-02-24 01:45:00,0.151835,0.152044,0.151368,0.151665,184874.22339891
1771898400,2026-02-24 02:00:00,0.151616,0.151882,0.151248,0.151486,1434742.51624215
1771899300,2026-02-24 02:15:00,0.151488,0.15165,0.15101,0.151549,304593.51217274
1771900200,2026-02-24 02:30:00,0.15159,0.152231,0.151036,0.15112,232343.32301513
1771901100,2026-02-24 02:45:00,0.1511,0.151232,0.150801,0.151114,304124.89029818
1771902000,2026-02-24 03:00:00,0.151104,0.151104,0.149983,0.150251,361240.48957638
1771902900,2026-02-24 03:15:00,0.150168,0.15055,0.149917,0.150112,253056.87264496
1771903800,2026-02-24 03:30:00,0.150168,0.15034,0.149976,0.150045,573394.00421632
1771904700,2026-02-24 03:45:00,0.150056,0.150275,0.149741,0.150275,171973.2394232
1771905600,2026-02-24 04:00:00,0.150275,0.150459,0.149321,0.149321,422477.10173837
1771906500,2026-02-24 04:15:00,0.14935,0.150287,0.149102,0.149894,544209.90397139
1771907400,2026-02-24 04:30:00,0.1499,0.1499,0.149189,0.149704,234451.72302088
1771908300,2026-02-24 04:45:00,0.149611,0.149767,0.149409,0.14969,142791.67736354
1771909200,2026-02-24 05:00:00,0.149619,0.15028,0.149513,0.14994,206267.36838436
1771910100,2026-02-24 05:15:00,0.149932,0.149932,0.148625,0.148769,448226.20074891
1771911000,2026-02-24 05:30:00,0.14876,0.149188,0.148572,0.148935,211470.2184309
1771911900,2026-02-24 05:45:00,0.148886,0.14922,0.148849,0.149114,116453.97942826
1771912800,2026-02-24 06:00:00,0.149125,0.149495,0.148944,0.1491,142345.51431376
1771913700,2026-02-24 06:15:00,0.14906,0.149698,0.14906,0.1495,268133.3130531
1771914600,2026-02-24 06:30:00,0.149466,0.149688,0.14926,0.149485,303719.88946338
1771915500,2026-02-24 06:45:00,0.14948,0.14948,0.148902,0.14924,216643.30664866
1771916400,2026-02-24 07:00:00,0.14926,0.14993,0.14892,0.149802,157586.8720622
1771917300,2026-02-24 07:15:00,0.149795,0.14986,0.14914,0.1495,213919.7475437
1771918200,2026-02-24 07:30:00,0.149481,0.1496,0.149118,0.149173,70596.55157301
1771919100,2026-02-24 07:45:00,0.1491,0.149324,0.14894,0.14922,150302.96584736
1771920000,2026-02-24 08:00:00,0.149207,0.149444,0.148745,0.1494,318037.88264745
1771920900,2026-02-24 08:15:00,0.14942,0.150053,0.14928,0.149959,215615.84629658
1771921800,2026-02-24 08:30:00,0.14995,0.150221,0.14972,0.15002,141577.29066785
1771922700,2026-02-24 08:45:00,0.150009,0.15026,0.149879,0.150136,75577.71845528
1771923600,2026-02-24 09:00:00,0.150133,0.150235,0.149793,0.149866,228953.97987383
1771924500,2026-02-24 09:15:00,0.149866,0.149866,0.14908,0.149128,188880.62468898
1771925400,2026-02-24 09:30:00,0.149128,0.149428,0.148608,0.149198,385977.40068442
1771926300,2026-02-24 09:45:00,0.149175,0.149557,0.148986,0.149553,330669.60316508
1771927200,2026-02-24 10:00:00,0.149499,0.149553,0.149176,0.149259,203445.94996761
1771928100,2026-02-24 10:15:00,0.149264,0.149526,0.149148,0.14932,163643.71094133
1771929000,2026-02-24 10:30:00,0.14932,0.149344,0.148851,0.14915,125488.59827734
1771929900,2026-02-24 10:45:00,0.149149,0.149526,0.149067,0.14929,97655.2554864
1771930800,2026-02-24 11:00:00,0.14932,0.14949,0.149229,0.149309,223151.28183689
1771931700,2026-02-24 11:15:00,0.149265,0.149591,0.149245,0.149245,265973.99629462
1771932600,2026-02-24 11:30:00,0.149266,0.149353,0.149032,0.149206,168885.42192605
1771933500,2026-02-24 11:45:00,0.149202,0.14938,0.149148,0.149234,142259.48077276
1771934400,2026-02-24 12:00:00,0.149225,0.149624,0.149045,0.149418,217607.14104856
1771935300,2026-02-24 12:15:00,0.149391,0.149492,0.149093,0.149418,102477.28761693
1771936200,2026-02-24 12:30:00,0.149391,0.14962,0.148824,0.148904,271294.80699732
1771937100,2026-02-24 12:45:00,0.148901,0.149122,0.148751,0.14891,206588.75141761
1771938000,2026-02-24 13:00:00,0.14892,0.149148,0.148652,0.14893,130849.52130146
1771938900,2026-02-24 13:15:00,0.14888,0.148911,0.148525,0.148555,340012.06606375
1771939800,2026-02-24 13:30:00,0.148567,0.148971,0.147299,0.148708,1057655.34146738
1771940700,2026-02-24 13:45:00,0.14867,0.148897,0.14851,0.148648,162273.85686726
1771941600,2026-02-24 14:00:00,0.148635,0.148728,0.148311,0.148473,410794.36884269
1771942500,2026-02-24 14:15:00,0.148392,0.148624,0.148041,0.148381,202959.70478596
1771943400,2026-02-24 14:30:00,0.148311,0.149888,0.147811,0.149638,1794464.89603227
1771944300,2026-02-24 14:45:00,0.149541,0.151079,0.149541,0.149828,1777081.29876707
1771945200,2026-02-24 15:00:00,0.14983,0.150497,0.149589,0.150295,462670.17060642
1771946100,2026-02-24 15:15:00,0.150228,0.1512,0.150201,0.150981,398824.54963335
1771947000,2026-02-24 15:30:00,0.150936,0.151172,0.15004,0.150365,209420.69720427
1771947900,2026-02-24 15:45:00,0.150309,0.150616,0.150102,0.150394,225415.31490765
1771948800,2026-02-24 16:00:00,0.15045,0.151727,0.150398,0.1513,437567.8110006
1771949700,2026-02-24 16:15:00,0.1513,0.15139,0.150381,0.150413,197113.92935168
1771950600,2026-02-24 16:30:00,0.150496,0.15069,0.149642,0.150214,1448423.45238131
1771951500,2026-02-24 16:45:00,0.15025,0.150853,0.149583,0.150845,530027.93047917
1771952400,2026-02-24 17:00:00,0.15081,0.15096,0.150375,0.150606,389503.0210451
1771953300,2026-02-24 17:15:00,0.150579,0.150624,0.150164,0.150466,847917.19322091
1771954200,2026-02-24 17:30:00,0.15039,0.15039,0.150064,0.150228,273020.90683836
1771955100,2026-02-24 17:45:00,0.150201,0.150741,0.150178,0.150487,402896.52415314
1771956000,2026-02-24 18:00:00,0.150487,0.151254,0.149877,0.149915,235083.46224329
1771956900,2026-02-24 18:15:00,0.149928,0.15093,0.149806,0.15072,191867.29812551
1771957800,2026-02-24 18:30:00,0.150723,0.151382,0.150649,0.15112,1407443.76273576
1771958700,2026-02-24 18:45:00,0.151173,0.151303,0.150796,0.15094,126814.39152493
1771959600,2026-02-24 19:00:00,0.150904,0.151443,0.150472,0.1505,236378.9694196
1771960500,2026-02-24 19:15:00,0.15055,0.150654,0.150282,0.1504,170318.4676291
1771961400,2026-02-24 19:30:00,0.15044,0.150869,0.150378,0.15085,238587.46033456
1771962300,2026-02-24 19:45:00,0.150822,0.150972,0.150685,0.150806,312877.08067023
1771963200,2026-02-24 20:00:00,0.150823,0.150995,0.150501,0.15071,394614.8752481
1771964100,2026-02-24 20:15:00,0.15071,0.151092,0.15071,0.150889,126801.93163022
1771965000,2026-02-24 20:30:00,0.15089,0.151299,0.150701,0.151225,920508.5980197
1771965900,2026-02-24 20:45:00,0.151165,0.15119,0.150823,0.150845,316360.56338328
1771966800,2026-02-24 21:00:00,0.150872,0.150872,0.149878,0.150237,1523593.70533337
1771967700,2026-02-24 21:15:00,0.1502,0.150207,0.149664,0.149795,250240.88550095
1771968600,2026-02-24 21:30:00,0.149796,0.150007,0.14962,0.149892,138675.27212
1771969500,2026-02-24 21:45:00,0.149887,0.150113,0.149739,0.15,147786.69695259
1771970400,2026-02-24 22:00:00,0.149967,0.150829,0.149834,0.150681,250403.22230459
1771971300,2026-02-24 22:15:00,0.15068,0.150715,0.150385,0.150476,231498.68708905
1771972200,2026-02-24 22:30:00,0.150404,0.15045,0.149994,0.150427,245443.71005436
1771973100,2026-02-24 22:45:00,0.150337,0.150461,0.149809,0.15021,289486.81804634
1771974000,2026-02-24 23:00:00,0.15021,0.15033,0.149464,0.149991,213748.39808403
1771974900,2026-02-24 23:15:00,0.149932,0.150279,0.149761,0.15025,1493126.46314798
1771975800,2026-02-24 23:30:00,0.150247,0.150348,0.149795,0.149896,1459701.98599603
1771976700,2026-02-24 23:45:00,0.149929,0.149949,0.149536,0.14957,350446.66281648
1771977600,2026-02-25 00:00:00,0.14957,0.149699,0.14945,0.14945,307123.06362838
1771978500,2026-02-25 00:15:00,0.14945,0.149733,0.149392,0.149436,219711.59873064
1771979400,2026-02-25 00:30:00,0.149461,0.150554,0.149461,0.150554,147010.08973621
1771980300,2026-02-25 00:45:00,0.15042,0.150828,0.15024,0.150549,209696.39599065
1771981200,2026-02-25 01:00:00,0.15055,0.154114,0.150446,0.154114,570332.12738738
1771982100,2026-02-25 01:15:00,0.154057,0.155424,0.15344,0.15421,899878.92140334
1771983000,2026-02-25 01:30:00,0.154272,0.155008,0.153745,0.15384,501915.6356006
1771983900,2026-02-25 01:45:00,0.153845,0.154195,0.153633,0.153759,306648.52600583
1771984800,2026-02-25 02:00:00,0.153788,0.15557,0.15376,0.154803,3362901.83004126
1771985700,2026-02-25 02:15:00,0.1548,0.154817,0.154336,0.154708,527077.85097264
1771986600,2026-02-25 02:30:00,0.154684,0.154854,0.153712,0.154329,603233.7022117
1771987500,2026-02-25 02:45:00,0.15431,0.154497,0.153931,0.154215,336948.39177176
1771988400,2026-02-25 03:00:00,0.154176,0.1544,0.153757,0.153968,202062.14159601
1771989300,2026-02-25 03:15:00,0.153959,0.154008,0.153004,0.15318,392398.92349399
1771990200,2026-02-25 03:30:00,0.15312,0.153518,0.152992,0.15322,417990.59048479
1771991100,2026-02-25 03:45:00,0.153184,0.153485,0.153056,0.153173,273043.30079967
1771992000,2026-02-25 04:00:00,0.153116,0.153316,0.152366,0.153316,1065825.15865017
1771992900,2026-02-25 04:15:00,0.153296,0.153661,0.152967,0.153248,521354.96153305
1771993800,2026-02-25 04:30:00,0.15325,0.153614,0.153182,0.153614,151207.88154504
1771994700,2026-02-25 04:45:00,0.153548,0.153646,0.153185,0.15324,177955.51239686
1771995600,2026-02-25 05:00:00,0.15324,0.15328,0.152352,0.152417,362676.4709851
1771996500,2026-02-25 05:15:00,0.152417,0.152417,0.151644,0.151744,263205.13326571
1771997400,2026-02-25 05:30:00,0.151776,0.15187,0.150784,0.15123,267029.78821707
1771998300,2026-02-25 05:45:00,0.151162,0.151602,0.151118,0.1515,565632.01780525
1771999200,2026-02-25 06:00:00,0.151535,0.151853,0.151524,0.151731,129990.1979054
1772000100,2026-02-25 06:15:00,0.151713,0.15202,0.15146,0.151624,162425.52784926
1772001000,2026-02-25 06:30:00,0.151602,0.151814,0.151543,0.15181,65256.30443379
1772001900,2026-02-25 06:45:00,0.151797,0.15184,0.151426,0.151764,365621.62500927
1772002800,2026-02-25 07:00:00,0.151752,0.152434,0.151742,0.152152,325857.31439978
1772003700,2026-02-25 07:15:00,0.15213,0.15253,0.152108,0.152492,342226.41528696
1772004600,2026-02-25 07:30:00,0.152466,0.152746,0.152252,0.15235,146951.15512072
1772005500,2026-02-25 07:45:00,0.152371,0.153148,0.15222,0.153148,561833.22653544
1772006400,2026-02-25 08:00:00,0.153098,0.153156,0.152768,0.15279,111472.77422446
1772007300,2026-02-25 08:15:00,0.15283,0.153098,0.152738,0.152842,212497.8432632
1772008200,2026-02-25 08:30:00,0.152849,0.153164,0.15259,0.153132,125867.02535699
1772009100,2026-02-25 08:45:00,0.15316,0.153934,0.153142,0.153912,170100.58206461
1772010000,2026-02-25 09:00:00,0.153868,0.154192,0.153542,0.153934,122460.98190684
1772010900,2026-02-25 09:15:00,0.153914,0.154568,0.153896,0.15423,103313.65029106
1772011800,2026-02-25 09:30:00,0.154209,0.154417,0.154044,0.154239,227959.72247848
1772012700,2026-02-25 09:45:00,0.15424,0.15459,0.15424,0.15446,174781.34349112
1772013600,2026-02-25 10:00:00,0.154505,0.154817,0.154335,0.154617,151157.47278982
1772014500,2026-02-25 10:15:00,0.154612,0.154885,0.154143,0.154345,180625.7801393
1772015400,2026-02-25 10:30:00,0.15437,0.154413,0.154143,0.154279,192426.55937866
1772016300,2026-02-25 10:45:00,0.154279,0.154537,0.15413,0.154224,137928.90258318
1772017200,2026-02-25 11:00:00,0.154213,0.15422,0.153684,0.153684,146757.87650058
1772018100,2026-02-25 11:15:00,0.153681,0.15467,0.153615,0.154473,163168.03997277
1772019000,2026-02-25 11:30:00,0.154493,0.155056,0.154341,0.154894,466727.04716019
1772019900,2026-02-25 11:45:00,0.154902,0.155029,0.154781,0.154896,181100.12796701
1772020800,2026-02-25 12:00:00,0.154921,0.155199,0.154638,0.154921,116242.63445298
1772021700,2026-02-25 12:15:00,0.15492,0.15649,0.154916,0.156338,498171.54885935
1772022600,2026-02-25 12:30:00,0.156348,0.156736,0.156128,0.15642,351419.68560303
1772023500,2026-02-25 12:45:00,0.156388,0.157238,0.156354,0.157,417846.10081803
1772024400,2026-02-25 13:00:00,0.156981,0.157493,0.156915,0.157246,227177.70869059
1772025300,2026-02-25 13:15:00,0.157212,0.157542,0.156703,0.15747,1090185.14460875
1772026200,2026-02-25 13:30:00,0.157456,0.158433,0.157342,0.15805,326806.2755026
1772027100,2026-02-25 13:45:00,0.15807,0.15876,0.158022,0.158255,584038.67412369
1772028000,2026-02-25 14:00:00,0.15827,0.159116,0.158253,0.15907,420873.8369029
1772028900,2026-02-25 14:15:00,0.159066,0.15951,0.159004,0.159176,303477.80808666
1772029800,2026-02-25 14:30:00,0.159064,0.159918,0.158837,0.159527,760143.20183796
1772030700,2026-02-25 14:45:00,0.159555,0.161139,0.159555,0.161,579059.58140522
1772031600,2026-02-25 15:00:00,0.160999,0.161332,0.159918,0.16034,2045794.53936545
1772032500,2026-02-25 15:15:00,0.16038,0.161219,0.160248,0.16035,1257015.33351464
1772033400,2026-02-25 15:30:00,0.160413,0.161578,0.15992,0.161438,841742.44109043
1772034300,2026-02-25 15:45:00,0.16144,0.161878,0.161325,0.161767,708006.21260604
1772035200,2026-02-25 16:00:00,0.161838,0.163767,0.16182,0.163502,702650.42577043
1772036100,2026-02-25 16:15:00,0.163502,0.165112,0.163379,0.164901,647864.38388895
1772037000,2026-02-25 16:30:00,0.164871,0.165781,0.164072,0.164726,683350.20775376
1772037900,2026-02-25 16:45:00,0.164743,0.165418,0.163121,0.163806,4318291.2432857
1772038800,2026-02-25 17:00:00,0.163763,0.165347,0.163623,0.165163,842457.84889406
1772039700,2026-02-25 17:15:00,0.165189,0.166751,0.165189,0.166545,652417.3675832
1772040600,2026-02-25 17:30:00,0.16652,0.166634,0.1657,0.166014,659987.46772626
1772041500,2026-02-25 17:45:00,0.166037,0.166214,0.165423,0.165771,415996.4421641
1772042400,2026-02-25 18:00:00,0.16582,0.166178,0.164985,0.166109,231830.23614089
1772043300,2026-02-25 18:15:00,0.166075,0.167216,0.165773,0.166975,317312.62439174
1772044200,2026-02-25 18:30:00,0.166975,0.167956,0.166566,0.167519,283141.62357259
1772045100,2026-02-25 18:45:00,0.16752,0.167633,0.165328,0.166144,1273632.49108884
1772046000,2026-02-25 19:00:00,0.166175,0.166244,0.16461,0.165015,549516.36566866
1772046900,2026-02-25 19:15:00,0.164956,0.165462,0.164738,0.165313,967909.41900307
1772047800,2026-02-25 19:30:00,0.16532,0.16532,0.16475,0.16514,319753.15981781
1772048700,2026-02-25 19:45:00,0.165145,0.166459,0.165078,0.16625,1176141.53207576
1772049600,2026-02-25 20:00:00,0.166267,0.16744,0.166267,0.16698,1039688.03444635
1772050500,2026-02-25 20:15:00,0.166974,0.167582,0.166745,0.166776,450308.43200739
1772051400,2026-02-25 20:30:00,0.16678,0.167947,0.166764,0.167159,687601.04366723
1772052300,2026-02-25 20:45:00,0.167176,0.167627,0.16676,0.16715,704362.80377932
1772053200,2026-02-25 21:00:00,0.167125,0.167648,0.16705,0.167177,553991.19980461
1772054100,2026-02-25 21:15:00,0.167179,0.167677,0.166006,0.166444,3412204.10314878
1772055000,2026-02-25 21:30:00,0.166431,0.169331,0.166344,0.168559,2317589.44276147
1772055900,2026-02-25 21:45:00,0.16859,0.169319,0.167782,0.168288,796260.95432653
1772056800,2026-02-25 22:00:00,0.168258,0.169156,0.168257,0.168952,836302.83123943
1772057700,2026-02-25 22:15:00,0.168896,0.169054,0.167754,0.16795,328101.18321595
1772058600,2026-02-25 22:30:00,0.167944,0.167944,0.16612,0.166256,266241.81615426
1772059500,2026-02-25 22:45:00,0.166286,0.166408,0.164941,0.165358,442676.50459453
1772060400,2026-02-25 23:00:00,0.16536,0.166198,0.164836,0.165387,371129.64471648
1772061300,2026-02-25 23:15:00,0.16542,0.165466,0.164025,0.164025,209120.41412457
1772062200,2026-02-25 23:30:00,0.164024,0.164061,0.161274,0.161461,590571.25207065
1772063100,2026-02-25 23:45:00,0.161385,0.162738,0.161294,0.162661,373439.77798007
1772064000,2026-02-26 00:00:00,0.162603,0.163203,0.161681,0.16299,600604.02461203
1772064900,2026-02-26 00:15:00,0.16299,0.16402,0.162922,0.163136,349141.50400482
1772065800,2026-02-26 00:30:00,0.163097,0.163846,0.161737,0.163121,450634.49722001
1772066700,2026-02-26 00:45:00,0.163111,0.1635,0.162655,0.163408,367184.96159189
1772067600,2026-02-26 01:00:00,0.163386,0.164429,0.16301,0.163996,299415.70095905
1772068500,2026-02-26 01:15:00,0.164082,0.164169,0.163307,0.163355,169028.93519221
1772069400,2026-02-26 01:30:00,0.163307,0.163771,0.162812,0.162826,242135.71184352
1772070300,2026-02-26 01:45:00,0.16284,0.162958,0.162376,0.16252,329562.10353513
1772071200,2026-02-26 02:00:00,0.16254,0.162581,0.161762,0.16205,367926.81918447
1772072100,2026-02-26 02:15:00,0.16205,0.163009,0.162041,0.16215,269745.96077665
1772073000,2026-02-26 02:30:00,0.16215,0.163245,0.16215,0.163124,282778.7113041
1772073900,2026-02-26 02:45:00,0.163125,0.163743,0.162951,0.16366,215941.03685831
1772074800,2026-02-26 03:00:00,0.163664,0.163832,0.163111,0.163154,298842.71589578
1772075700,2026-02-26 03:15:00,0.163125,0.163306,0.162874,0.163079,264289.27566225
1772076600,2026-02-26 03:30:00,0.163069,0.163734,0.163006,0.163532,269409.39912462
1772077500,2026-02-26 03:45:00,0.163531,0.163803,0.163214,0.163338,183024.87624419
1772078400,2026-02-26 04:00:00,0.163328,0.164111,0.163183,0.16365,605564.81445824
1772079300,2026-02-26 04:15:00,0.163676,0.164172,0.16327,0.163939,169887.16678002
1772080200,2026-02-26 04:30:00,0.16396,0.165532,0.163941,0.164923,256025.0391217
1772081100,2026-02-26 04:45:00,0.164945,0.165169,0.164511,0.164572,272956.41952654
1772082000,2026-02-26 05:00:00,0.164564,0.164793,0.162922,0.163334,328506.05685635
1772082900,2026-02-26 05:15:00,0.163328,0.1638,0.162854,0.163553,211965.94669851
1772083800,2026-02-26 05:30:00,0.163531,0.163761,0.163212,0.163633,117493.90536088
1772084700,2026-02-26 05:45:00,0.16364,0.163887,0.163273,0.16343,136145.08172137
1772085600,2026-02-26 06:00:00,0.16347,0.163952,0.163067,0.16347,156874.57017204
1772086500,2026-02-26 06:15:00,0.163444,0.16356,0.162874,0.162874,194385.06484769
1772087400,2026-02-26 06:30:00,0.162864,0.162922,0.162531,0.16269,125485.37180274
1772088300,2026-02-26 06:45:00,0.16269,0.163212,0.162429,0.162674,179797.07643561
1772089200,2026-02-26 07:00:00,0.162566,0.163149,0.162494,0.16287,237820.14532964
1772090100,2026-02-26 07:15:00,0.162865,0.16298,0.162574,0.162774,65769.77907397
1772091000,2026-02-26 07:30:00,0.162761,0.16284,0.162403,0.16246,112990.45040862
1772091900,2026-02-26 07:45:00,0.16246,0.162702,0.16234,0.162599,66348.25718365
1772092800,2026-02-26 08:00:00,0.162599,0.163467,0.162587,0.163188,170619.50233714
1772093700,2026-02-26 08:15:00,0.163225,0.164049,0.163012,0.16365,129806.86147722
1772094600,2026-02-26 08:30:00,0.16356,0.164166,0.16353,0.16362,90592.8714182
1772095500,2026-02-26 08:45:00,0.163647,0.164111,0.163067,0.16315,115276.90299034
1772096400,2026-02-26 09:00:00,0.163067,0.16501,0.163009,0.164691,299417.14712906
1772097300,2026-02-26 09:15:00,0.164662,0.164997,0.164119,0.164256,85955.47825013
1772098200,2026-02-26 09:30:00,0.164207,0.16498,0.164198,0.164799,244967.83373198
1772099100,2026-02-26 09:45:00,0.164807,0.165068,0.164659,0.164952,217220.39649581
1772100000,2026-02-26 10:00:00,0.164927,0.165164,0.164361,0.16446,185379.66197249
1772100900,2026-02-26 10:15:00,0.16447,0.164962,0.164383,0.164579,552903.83041292
1772101800,2026-02-26 10:30:00,0.164641,0.16486,0.164238,0.164433,90748.24974012
1772102700,2026-02-26 10:45:00,0.164436,0.164576,0.163587,0.163934,183046.44701161
1772103600,2026-02-26 11:00:00,0.163888,0.164072,0.163429,0.16383,282620.28839874
1772104500,2026-02-26 11:15:00,0.16383,0.16394,0.163197,0.163486,323650.31335306
1772105400,2026-02-26 11:30:00,0.163516,0.163825,0.163416,0.163803,242146.12065188
1772106300,2026-02-26 11:45:00,0.163804,0.163968,0.16337,0.163526,146238.24232376
1772107200,2026-02-26 12:00:00,0.16351,0.163848,0.163325,0.163494,187410.90838257
1772108100,2026-02-26 12:15:00,0.16349,0.163834,0.163339,0.16381,179034.77947867
1772109000,2026-02-26 12:30:00,0.163859,0.164517,0.163654,0.163835,218278.4311566
1772109900,2026-02-26 12:45:00,0.163804,0.164277,0.163634,0.16427,212547.95492273
1772110800,2026-02-26 13:00:00,0.164207,0.164207,0.163277,0.163323,567661.00575586
1772111700,2026-02-26 13:15:00,0.163309,0.16433,0.163181,0.164209,516785.95613641
1772112600,2026-02-26 13:30:00,0.164167,0.16426,0.163721,0.164211,420649.40064227
1772113500,2026-02-26 13:45:00,0.164204,0.164765,0.16368,0.164036,245110.59450519
1772114400,2026-02-26 14:00:00,0.16404,0.164253,0.162998,0.163928,471778.21197009
1772115300,2026-02-26 14:15:00,0.163899,0.164048,0.163519,0.16382,251736.11071775
1772116200,2026-02-26 14:30:00,0.163773,0.164238,0.162509,0.16337,387726.75945378
1772117100,2026-02-26 14:45:00,0.163339,0.164024,0.162243,0.163525,335472.37493414
1772118000,2026-02-26 15:00:00,0.163494,0.16359,0.16241,0.162596,420620.1005033
1772118900,2026-02-26 15:15:00,0.1626,0.1626,0.160596,0.161116,1808658.22105889
1772119800,2026-02-26 15:30:00,0.161107,0.162635,0.160445,0.16227,632524.5326356
1772120700,2026-02-26 15:45:00,0.162409,0.162976,0.161688,0.162316,668377.79162476
1772121600,2026-02-26 16:00:00,0.16232,0.162487,0.160935,0.161161,754247.18791962
1772122500,2026-02-26 16:15:00,0.161096,0.16213,0.161074,0.161787,304972.92645552
1772123400,2026-02-26 16:30:00,0.161772,0.161811,0.160081,0.16047,1398226.62249871
1772124300,2026-02-26 16:45:00,0.160488,0.160503,0.158445,0.158605,1389105.74404754
1772125200,2026-02-26 17:00:00,0.158596,0.159664,0.158503,0.159362,525858.90127468
1772126100,2026-02-26 17:15:00,0.159278,0.159867,0.159123,0.15969,544186.29936476
1772127000,2026-02-26 17:30:00,0.15969,0.159901,0.159,0.15903,456346.44439862
1772127900,2026-02-26 17:45:00,0.15907,0.15922,0.15869,0.15914,581405.24043337
1772128800,2026-02-26 18:00:00,0.15914,0.159265,0.158472,0.15917,608003.1882767
1772129700,2026-02-26 18:15:00,0.159166,0.159712,0.15888,0.159149,171453.2134839
1772130600,2026-02-26 18:30:00,0.159112,0.16077,0.159112,0.160084,593358.0420464
1772131500,2026-02-26 18:45:00,0.160054,0.160408,0.15989,0.160281,209877.94512239
1772132400,2026-02-26 19:00:00,0.16028,0.162057,0.160197,0.161193,823226.44278844
1772133300,2026-02-26 19:15:00,0.161193,0.161758,0.161082,0.161417,135930.04088609
1772134200,2026-02-26 19:30:00,0.161355,0.16176,0.16079,0.160856,253719.8343001
1772135100,2026-02-26 19:45:00,0.16092,0.161504,0.160813,0.16128,522444.89157769
1772136000,2026-02-26 20:00:00,0.161233,0.161944,0.161161,0.161479,213855.80862223
1772136900,2026-02-26 20:15:00,0.161489,0.161894,0.161367,0.16143,179386.94532835
1772137800,2026-02-26 20:30:00,0.16148,0.16151,0.160783,0.161166,169616.22448903
1772138700,2026-02-26 20:45:00,0.161203,0.161293,0.161015,0.16115,111938.01306997
1772139600,2026-02-26 21:00:00,0.161099,0.161486,0.160932,0.16142,129953.77570414
1772140500,2026-02-26 21:15:00,0.161479,0.161989,0.16145,0.161989,231115.98422272
1772141400,2026-02-26 21:30:00,0.161913,0.162,0.161354,0.161603,204401.57575482
1772142300,2026-02-26 21:45:00,0.161572,0.161724,0.161328,0.16159,179883.13620822
1772143200,2026-02-26 22:00:00,0.161647,0.162166,0.161416,0.162099,465543.12304264
1772144100,2026-02-26 22:15:00,0.1621,0.162228,0.161806,0.16205,136039.24547381
1772145000,2026-02-26 22:30:00,0.162006,0.162641,0.161975,0.16259,83052.90499187
1772145900,2026-02-26 22:45:00,0.16259,0.162766,0.162334,0.162557,143813.08180081
1772146800,2026-02-26 23:00:00,0.162533,0.162593,0.16194,0.16217,158031.47445251
1772147700,2026-02-26 23:15:00,0.162103,0.162604,0.161983,0.162396,691788.39928567
1772148600,2026-02-26 23:30:00,0.162409,0.162533,0.161816,0.16185,290040.08985608
1772149500,2026-02-26 23:45:00,0.16185,0.16218,0.16185,0.16218,418025.61504018
1772150400,2026-02-27 00:00:00,0.162213,0.162444,0.161835,0.16202,347742.99335345
1772151300,2026-02-27 00:15:00,0.16203,0.162095,0.161432,0.161684,112932.99306045
1772152200,2026-02-27 00:30:00,0.161684,0.161725,0.16087,0.16089,163890.41276932
1772153100,2026-02-27 00:45:00,0.160924,0.161719,0.160909,0.161711,153582.93972372
1772154000,2026-02-27 01:00:00,0.161719,0.161788,0.160983,0.161219,289506.08218308
1772154900,2026-02-27 01:15:00,0.16123,0.161575,0.16104,0.161311,147809.74813964
1772155800,2026-02-27 01:30:00,0.161286,0.16201,0.16118,0.161552,215559.27488614
1772156700,2026-02-27 01:45:00,0.161574,0.162181,0.161487,0.162006,472804.69629979
1772157600,2026-02-27 02:00:00,0.162021,0.162509,0.161882,0.161939,414015.81194844
1772158500,2026-02-27 02:15:00,0.161979,0.162662,0.161758,0.162195,202046.653939
1772159400,2026-02-27 02:30:00,0.162219,0.162762,0.16202,0.16221,149421.07454794
1772160300,2026-02-27 02:45:00,0.16221,0.162596,0.161914,0.162008,250624.11246457
1772161200,2026-02-27 03:00:00,0.161951,0.16198,0.161496,0.161709,149802.09771376
1772162100,2026-02-27 03:15:00,0.16171,0.162375,0.161567,0.1621,1451566.18630202
1772163000,2026-02-27 03:30:00,0.162099,0.1625,0.161974,0.162471,142825.5775805
1772163900,2026-02-27 03:45:00,0.162409,0.16336,0.162368,0.163091,120086.52032197
1772164800,2026-02-27 04:00:00,0.163078,0.1645,0.163078,0.164378,303397.28861631
1772165700,2026-02-27 04:15:00,0.164368,0.165157,0.16436,0.164846,1364031.76890228
1772166600,2026-02-27 04:30:00,0.164802,0.16481,0.16433,0.164504,239059.36767564
1772167500,2026-02-27 04:45:00,0.164496,0.164717,0.163952,0.164272,770044.05383118
1772168400,2026-02-27 05:00:00,0.164249,0.16472,0.164249,0.16437,514329.3526608
1772169300,2026-02-27 05:15:00,0.16437,0.164692,0.164076,0.16452,400127.73085369
1772170200,2026-02-27 05:30:00,0.164494,0.165442,0.164494,0.165309,470372.03519472
1772171100,2026-02-27 05:45:00,0.1653,0.165471,0.164665,0.164828,434665.25513813
1772172000,2026-02-27 06:00:00,0.164762,0.164985,0.164618,0.164881,200225.03289479
1772172900,2026-02-27 06:15:00,0.164808,0.164867,0.164237,0.164742,107332.36266088
1772173800,2026-02-27 06:30:00,0.164743,0.170967,0.164679,0.16632,2413280.18923973
1772174700,2026-02-27 06:45:00,0.166321,0.166663,0.165961,0.165961,473372.76399913
1772175600,2026-02-27 07:00:00,0.166032,0.166141,0.165395,0.165456,107130.93307414
1772176500,2026-02-27 07:15:00,0.165458,0.165686,0.165005,0.16504,184000.39031354
1772177400,2026-02-27 07:30:00,0.165072,0.165649,0.164764,0.165205,325358.74709156
1772178300,2026-02-27 07:45:00,0.165168,0.166296,0.165116,0.166008,388558.90425432
1772179200,2026-02-27 08:00:00,0.165984,0.166616,0.16598,0.1663,208034.67850594
1772180100,2026-02-27 08:15:00,0.16631,0.166313,0.1659,0.166073,326497.35643615
1772181000,2026-02-27 08:30:00,0.166073,0.166703,0.16572,0.16656,175288.0877432
1772181900,2026-02-27 08:45:00,0.166559,0.166663,0.166008,0.166272,285122.71613223
1772182800,2026-02-27 09:00:00,0.16632,0.166804,0.166152,0.166444,107587.12303275
1772183700,2026-02-27 09:15:00,0.166454,0.166462,0.165576,0.165736,168713.12370625
1772184600,2026-02-27 09:30:00,0.165636,0.165809,0.164808,0.164808,130904.7490359
1772185500,2026-02-27 09:45:00,0.164784,0.164784,0.163577,0.163991,1260224.82595885
1772186400,2026-02-27 10:00:00,0.163944,0.164016,0.162132,0.162132,268854.97838142
1772187300,2026-02-27 10:15:00,0.16212,0.163079,0.16212,0.162407,461689.03902787
1772188200,2026-02-27 10:30:00,0.162435,0.163091,0.162235,0.1626,288358.25889903
1772189100,2026-02-27 10:45:00,0.162631,0.16269,0.16095,0.161037,355969.50909945
1772190000,2026-02-27 11:00:00,0.161079,0.161482,0.161029,0.161071,148591.05387447
1772190900,2026-02-27 11:15:00,0.161067,0.161668,0.160571,0.160995,255822.03633219
1772191800,2026-02-27 11:30:00,0.16098,0.161044,0.15924,0.159283,256974.90289006
1772192700,2026-02-27 11:45:00,0.15927,0.159895,0.159257,0.15952,122049.88675191
1772193600,2026-02-27 12:00:00,0.159506,0.160016,0.159085,0.159552,1091846.51830403
1772194500,2026-02-27 12:15:00,0.15955,0.159935,0.159162,0.159388,733500.6851424
1772195400,2026-02-27 12:30:00,0.159384,0.15955,0.158144,0.158362,2904913.86701563
1772196300,2026-02-27 12:45:00,0.158367,0.15876,0.158193,0.158725,332515.72861137
1772197200,2026-02-27 13:00:00,0.15874,0.159533,0.15874,0.159015,126026.88220271
1772198100,2026-02-27 13:15:00,0.159051,0.159224,0.15841,0.158525,199618.62986521
1772199000,2026-02-27 13:30:00,0.158446,0.159008,0.157524,0.158865,848217.70640204
1772199900,2026-02-27 13:45:00,0.1589,0.159513,0.158827,0.15918,213153.96564692
1772200800,2026-02-27 14:00:00,0.159145,0.159355,0.158935,0.159176,101018.74976029
1772201700,2026-02-27 14:15:00,0.15914,0.159159,0.158366,0.158701,149944.2729144
1772202600,2026-02-27 14:30:00,0.158679,0.160029,0.15862,0.15925,1944049.40202919
1772203500,2026-02-27 14:45:00,0.159215,0.159325,0.158165,0.158439,378054.56935874
1772204400,2026-02-27 15:00:00,0.158305,0.159276,0.158235,0.158874,590692.98244621
1772205300,2026-02-27 15:15:00,0.1589,0.159495,0.158611,0.159281,481749.92405355
1772206200,2026-02-27 15:30:00,0.1593,0.160106,0.15879,0.159925,451984.44770443
1772207100,2026-02-27 15:45:00,0.159932,0.160425,0.159293,0.160178,340116.01642745
1772208000,2026-02-27 16:00:00,0.16015,0.160321,0.1582,0.15856,773243.90154307
1772208900,2026-02-27 16:15:00,0.158451,0.160223,0.158376,0.158725,2053291.84157477
1772209800,2026-02-27 16:30:00,0.15872,0.158924,0.157975,0.15815,327030.21820621
1772210700,2026-02-27 16:45:00,0.158172,0.15832,0.15762,0.157709,242914.5251528
1772211600,2026-02-27 17:00:00,0.157812,0.158149,0.157251,0.15736,303121.23146801
1772212500,2026-02-27 17:15:00,0.15739,0.15755,0.156833,0.157039,847600.2453088
1772213400,2026-02-27 17:30:00,0.157064,0.15795,0.156741,0.157577,451515.8186357
1772214300,2026-02-27 17:45:00,0.15758,0.158915,0.157487,0.158736,268697.81719815
1772215200,2026-02-27 18:00:00,0.15875,0.158776,0.158176,0.15835,344674.26031654
1772216100,2026-02-27 18:15:00,0.158351,0.158675,0.157951,0.158525,228655.97375961
1772217000,2026-02-27 18:30:00,0.1586,0.158896,0.15837,0.158675,245242.01978913
1772217900,2026-02-27 18:45:00,0.158714,0.15875,0.157914,0.158055,287230.68855489
1772218800,2026-02-27 19:00:00,0.158,0.158029,0.157225,0.157364,259252.98923532
1772219700,2026-02-27 19:15:00,0.157345,0.157807,0.157309,0.157575,243137.698446
1772220600,2026-02-27 19:30:00,0.157572,0.157773,0.156874,0.156999,206508.22163095
1772221500,2026-02-27 19:45:00,0.156999,0.157647,0.156925,0.157377,96647.30300032
1772222400,2026-02-27 20:00:00,0.157474,0.15795,0.157429,0.157688,279954.86213577
1772223300,2026-02-27 20:15:00,0.157675,0.1577,0.157417,0.157431,208159.19735431
1772224200,2026-02-27 20:30:00,0.15746,0.157638,0.1573,0.15746,336905.81090307
1772225100,2026-02-27 20:45:00,0.15746,0.157876,0.157375,0.15769,292006.09568416
1772226000,2026-02-27 21:00:00,0.157679,0.158178,0.15735,0.157791,279971.06297528
1772226900,2026-02-27 21:15:00,0.157812,0.157866,0.15761,0.157641,119460.34666052
1772227800,2026-02-27 21:30:00,0.15767,0.1577,0.157235,0.15745,90086.19008694
1772228700,2026-02-27 21:45:00,0.15745,0.1576,0.157,0.1576,127404.82661626
1772229600,2026-02-27 22:00:00,0.15755,0.157714,0.157301,0.15748,156150.20734134
1772230500,2026-02-27 22:15:00,0.157503,0.1577,0.156994,0.157074,626088.28048761
1772231400,2026-02-27 22:30:00,0.157074,0.15788,0.156276,0.157786,1379121.85709266
1772232300,2026-02-27 22:45:00,0.157822,0.158138,0.157733,0.158032,151345.6355256
1772233200,2026-02-27 23:00:00,0.158,0.15842,0.157892,0.15815,153335.38082195
1772234100,2026-02-27 23:15:00,0.158145,0.158826,0.158125,0.158728,148454.80616924
1772235000,2026-02-27 23:30:00,0.158772,0.158926,0.158625,0.15885,268590.49836027
1772235900,2026-02-27 23:45:00,0.158832,0.158928,0.158628,0.158794,199235.98294668
1772236800,2026-02-28 00:00:00,0.15875,0.158911,0.158398,0.158911,169073.533156
1772237700,2026-02-28 00:15:00,0.158856,0.15913,0.158578,0.158652,176277.17990569
1772238600,2026-02-28 00:30:00,0.158652,0.159298,0.158506,0.159236,73981.94357689
1772239500,2026-02-28 00:45:00,0.159176,0.15943,0.158975,0.159301,233165.37418045
1772240400,2026-02-28 01:00:00,0.15934,0.159835,0.159328,0.15948,311513.72129904
1772241300,2026-02-28 01:15:00,0.15948,0.159493,0.158675,0.15875,118320.00726983
1772242200,2026-02-28 01:30:00,0.15875,0.1588,0.158475,0.158673,100561.4985357
1772243100,2026-02-28 01:45:00,0.158669,0.1591,0.158626,0.158775,107524.96761231
1772244000,2026-02-28 02:00:00,0.158792,0.1591,0.158683,0.158926,71418.49776634
1772244900,2026-02-28 02:15:00,0.158933,0.159272,0.158933,0.159148,147322.06477986
1772245800,2026-02-28 02:30:00,0.159144,0.159526,0.159129,0.159352,114845.9371601
1772246700,2026-02-28 02:45:00,0.159389,0.15952,0.159249,0.159329,82439.25448762
1772247600,2026-02-28 03:00:00,0.1593,0.159304,0.158735,0.158775,123865.45159156
1772248500,2026-02-28 03:15:00,0.15875,0.159025,0.158701,0.15879,75720.5347392
1772249400,2026-02-28 03:30:00,0.1588,0.1588,0.158128,0.158214,248654.93322015
1772250300,2026-02-28 03:45:00,0.158212,0.158374,0.158052,0.158153,75483.84262087
1772251200,2026-02-28 04:00:00,0.158144,0.158188,0.15775,0.157998,57956.48791585
1772252100,2026-02-28 04:15:00,0.15796,0.158242,0.157725,0.157725,155223.5121027
1772253000,2026-02-28 04:30:00,0.15778,0.15802,0.157205,0.157956,220849.67806555
1772253900,2026-02-28 04:45:00,0.157825,0.158049,0.157768,0.15794,68840.0340937
1772254800,2026-02-28 05:00:00,0.158,0.158271,0.157917,0.158234,63168.13992092
1772255700,2026-02-28 05:15:00,0.15819,0.15819,0.157658,0.157658,45424.74951908
1772256600,2026-02-28 05:30:00,0.157651,0.157651,0.156963,0.157125,114046.86682052
1772257500,2026-02-28 05:45:00,0.1571,0.157275,0.1568,0.157268,108476.608062
1772258400,2026-02-28 06:00:00,0.157269,0.157269,0.156643,0.156687,231683.4650114
1772259300,2026-02-28 06:15:00,0.15674,0.156822,0.153521,0.154082,4614807.63021028
1772260200,2026-02-28 06:30:00,0.153884,0.154088,0.151436,0.152762,673449.36160029
1772261100,2026-02-28 06:45:00,0.152824,0.15294,0.150386,0.150721,1898678.29002192
1772262000,2026-02-28 07:00:00,0.150688,0.15256,0.15,0.15215,401152.43303988
1772262900,2026-02-28 07:15:00,0.1522,0.152628,0.151114,0.151407,256910.47252751
1772263800,2026-02-28 07:30:00,0.151343,0.154088,0.151266,0.15358,449425.10340882
1772264700,2026-02-28 07:45:00,0.153476,0.153476,0.15118,0.15124,668573.26138998
1772265600,2026-02-28 08:00:00,0.151164,0.15117,0.15012,0.15012,339120.02089496
1772266500,2026-02-28 08:15:00,0.15011,0.150382,0.149094,0.149094,424080.33450103
1772267400,2026-02-28 08:30:00,0.149127,0.14937,0.14858,0.148906,426966.43353287
1772268300,2026-02-28 08:45:00,0.148906,0.14912,0.148462,0.14873,462529.61291196
1772269200,2026-02-28 09:00:00,0.148728,0.149358,0.148259,0.14904,475565.14320324
1772270100,2026-02-28 09:15:00,0.14904,0.149664,0.148608,0.149284,316045.15794114
1772271000,2026-02-28 09:30:00,0.14928,0.149352,0.148355,0.14862,162091.75890403
1772271900,2026-02-28 09:45:00,0.148584,0.148828,0.148056,0.14844,368283.7790458
1772272800,2026-02-28 10:00:00,0.14846,0.148618,0.147888,0.148316,438825.96669139
1772273700,2026-02-28 10:15:00,0.148297,0.149337,0.148248,0.14892,422130.28056478
1772274600,2026-02-28 10:30:00,0.148938,0.149941,0.148938,0.14923,399655.03985373
1772275500,2026-02-28 10:45:00,0.149219,0.14932,0.148555,0.148752,221442.12643776
1772276400,2026-02-28 11:00:00,0.148818,0.149403,0.148608,0.149204,338032.39677827
1772277300,2026-02-28 11:15:00,0.1492,0.149856,0.149058,0.14964,338614.79150049
1772278200,2026-02-28 11:30:00,0.149616,0.150131,0.148806,0.148968,318390.86152289
1772279100,2026-02-28 11:45:00,0.148967,0.149208,0.148415,0.148536,947364.05493384
1772280000,2026-02-28 12:00:00,0.14854,0.14888,0.148311,0.148672,532742.3685405
1772280900,2026-02-28 12:15:00,0.148704,0.149184,0.148632,0.149043,205116.04286158
1772281800,2026-02-28 12:30:00,0.149057,0.149393,0.148928,0.14916,355772.90882716
1772282700,2026-02-28 12:45:00,0.14919,0.14933,0.148872,0.148979,266346.60688732
1772283600,2026-02-28 13:00:00,0.14896,0.149511,0.148938,0.14948,419643.84148787
1772284500,2026-02-28 13:15:00,0.14948,0.149828,0.1488,0.14886,234046.55039562
1772285400,2026-02-28 13:30:00,0.14886,0.149064,0.148488,0.148861,410324.0510531
1772286300,2026-02-28 13:45:00,0.148814,0.152648,0.148814,0.152524,785499.46659281
1772287200,2026-02-28 14:00:00,0.15256,0.15324,0.15108,0.15183,550038.31115511
1772288100,2026-02-28 14:15:00,0.15178,0.152404,0.151598,0.152329,400715.67231733
1772289000,2026-02-28 14:30:00,0.152348,0.15319,0.151788,0.152875,359669.80406321
1772289900,2026-02-28 14:45:00,0.152935,0.15313,0.15099,0.15122,565149.10232013
1772290800,2026-02-28 15:00:00,0.151224,0.151477,0.150241,0.15035,296383.92759201
1772291700,2026-02-28 15:15:00,0.15036,0.15215,0.150346,0.15176,742071.21885235
1772292600,2026-02-28 15:30:00,0.151747,0.152103,0.151195,0.151525,835243.0366316
1772293500,2026-02-28 15:45:00,0.151432,0.151812,0.15128,0.151676,513914.4240911
1772294400,2026-02-28 16:00:00,0.151648,0.151648,0.151033,0.15137,170659.53826413
1772295300,2026-02-28 16:15:00,0.151416,0.151472,0.150936,0.151368,309854.61035553
1772296200,2026-02-28 16:30:00,0.151341,0.151732,0.15066,0.151701,249042.17113232
1772297100,2026-02-28 16:45:00,0.151704,0.152387,0.15134,0.151925,1202565.30816522
1772298000,2026-02-28 17:00:00,0.15195,0.152049,0.151176,0.151283,277169.34724702
1772298900,2026-02-28 17:15:00,0.151284,0.151393,0.1509,0.151324,134242.67118537
1772299800,2026-02-28 17:30:00,0.151284,0.151396,0.150417,0.150756,521076.76208814
1772300700,2026-02-28 17:45:00,0.15072,0.152124,0.150501,0.151946,301608.82028696
1772301600,2026-02-28 18:00:00,0.151882,0.152117,0.15164,0.151807,160547.52894395
1772302500,2026-02-28 18:15:00,0.151807,0.15187,0.151426,0.151637,193123.99680755
1772303400,2026-02-28 18:30:00,0.1517,0.154083,0.151695,0.15358,1754684.96800069
1772304300,2026-02-28 18:45:00,0.153608,0.155188,0.153566,0.15445,924128.89753669
1772305200,2026-02-28 19:00:00,0.15445,0.15455,0.153468,0.1538,1413121.04787888
1772306100,2026-02-28 19:15:00,0.15375,0.154084,0.153493,0.15358,272062.07346078
1772307000,2026-02-28 19:30:00,0.153655,0.156001,0.153608,0.155496,3708910.41461564
1772307900,2026-02-28 19:45:00,0.15552,0.156008,0.154896,0.155312,588907.05862845
1772308800,2026-02-28 20:00:00,0.155232,0.156252,0.154968,0.156078,241806.39019738
1772309700,2026-02-28 20:15:00,0.156057,0.157749,0.155846,0.157393,1174800.31659374
1772310600,2026-02-28 20:30:00,0.157354,0.157691,0.156316,0.157093,853886.7585597
1772311500,2026-02-28 20:45:00,0.157035,0.15826,0.157035,0.158115,1587202.09914687
1772312400,2026-02-28 21:00:00,0.158136,0.158136,0.156227,0.156716,778525.24383562
1772313300,2026-02-28 21:15:00,0.156745,0.156774,0.155984,0.1561,416321.9819182
1772314200,2026-02-28 21:30:00,0.15615,0.157383,0.15566,0.156906,1857513.46695602
1772315100,2026-02-28 21:45:00,0.157006,0.157337,0.156488,0.15709,228867.29163481
1772316000,2026-02-28 22:00:00,0.157122,0.157751,0.157006,0.157249,496339.64848189
1772316900,2026-02-28 22:15:00,0.157229,0.158021,0.157086,0.157615,318329.39775489
1772317800,2026-02-28 22:30:00,0.15766,0.159888,0.157498,0.1595,2800611.86481904
1772318700,2026-02-28 22:45:00,0.1595,0.160323,0.15921,0.159896,915866.34166953
1772319600,2026-02-28 23:00:00,0.159879,0.160173,0.159369,0.159566,572922.52653409
1772320500,2026-02-28 23:15:00,0.159644,0.160069,0.159461,0.15976,631102.79203057
1772321400,2026-02-28 23:30:00,0.159701,0.16024,0.159135,0.159538,1138785.59858074
1772322300,2026-02-28 23:45:00,0.15954,0.15979,0.158833,0.15895,410675.09701193
1772323200,2026-03-01 00:00:00,0.15901,0.159819,0.158584,0.159123,411626.12932088
1772324100,2026-03-01 00:15:00,0.159082,0.159587,0.158971,0.159,305822.07056199
1772325000,2026-03-01 00:30:00,0.159,0.159132,0.158381,0.159007,286575.60480353
1772325900,2026-03-01 00:45:00,0.15905,0.159587,0.158967,0.159233,202030.98568089
1772326800,2026-03-01 01:00:00,0.159161,0.159161,0.15747,0.15776,493566.09681168
1772327700,2026-03-01 01:15:00,0.15776,0.158192,0.157296,0.157933,287915.29860713
1772328600,2026-03-01 01:30:00,0.157858,0.159698,0.15776,0.159611,152747.07463396
1772329500,2026-03-01 01:45:00,0.159505,0.162311,0.159505,0.161418,845616.0303956
1772330400,2026-03-01 02:00:00,0.161443,0.16463,0.161443,0.163763,2299259.20777669
1772331300,2026-03-01 02:15:00,0.163792,0.16414,0.162995,0.163618,533029.67106451
1772332200,2026-03-01 02:30:00,0.163672,0.164235,0.163473,0.163955,904907.55020014
1772333100,2026-03-01 02:45:00,0.163937,0.164135,0.162966,0.163538,889326.63413773
1772334000,2026-03-01 03:00:00,0.163473,0.164187,0.16327,0.163686,764738.62721559
1772334900,2026-03-01 03:15:00,0.163676,0.164029,0.162814,0.163303,212280.70238238
1772335800,2026-03-01 03:30:00,0.163241,0.163332,0.162748,0.163183,167709.1597048
1772336700,2026-03-01 03:45:00,0.163212,0.163368,0.161774,0.162719,422812.98092545
1772337600,2026-03-01 04:00:00,0.162748,0.162864,0.161983,0.162028,600736.41726863
1772338500,2026-03-01 04:15:00,0.162067,0.162255,0.16115,0.16174,325193.70090537
1772339400,2026-03-01 04:30:00,0.161742,0.162476,0.161708,0.162166,182942.30073194
1772340300,2026-03-01 04:45:00,0.16217,0.162262,0.161962,0.162179,817845.29563013
1772341200,2026-03-01 05:00:00,0.16218,0.16235,0.161746,0.161746,632722.39225936
1772342100,2026-03-01 05:15:00,0.16175,0.162416,0.161584,0.16219,356385.85011525
1772343000,2026-03-01 05:30:00,0.162189,0.162322,0.161983,0.162146,235444.77314631
1772343900,2026-03-01 05:45:00,0.162119,0.162303,0.161729,0.161748,204271.46017001
1772344800,2026-03-01 06:00:00,0.16183,0.16184,0.160034,0.160514,231712.50189216
1772345700,2026-03-01 06:15:00,0.160484,0.16082,0.160302,0.160302,209490.90519297
1772346600,2026-03-01 06:30:00,0.16034,0.160484,0.159528,0.159899,270521.3024092
1772347500,2026-03-01 06:45:00,0.159847,0.160126,0.159448,0.15997,248503.63274022
1772348400,2026-03-01 07:00:00,0.159986,0.160276,0.159562,0.16007,95781.70675632
1772349300,2026-03-01 07:15:00,0.160038,0.16049,0.159868,0.160168,75844.86712144
1772350200,2026-03-01 07:30:00,0.160106,0.160956,0.159937,0.160584,86178.7049245
1772351100,2026-03-01 07:45:00,0.16063,0.161018,0.160601,0.16089,600011.96277927
1772352000,2026-03-01 08:00:00,0.16089,0.161437,0.160718,0.16136,320873.28037801
1772352900,2026-03-01 08:15:00,0.16137,0.161437,0.160752,0.160762,69545.55050999
1772353800,2026-03-01 08:30:00,0.160761,0.16084,0.160345,0.160461,465284.66328812
1772354700,2026-03-01 08:45:00,0.160456,0.160469,0.15804,0.158448,3364226.14887931
1772355600,2026-03-01 09:00:00,0.158472,0.159024,0.157792,0.158846,182929.22922987
1772356500,2026-03-01 09:15:00,0.158856,0.159528,0.158856,0.159045,88634.72938056
1772357400,2026-03-01 09:30:00,0.15905,0.159094,0.157895,0.158036,172026.46112513
1772358300,2026-03-01 09:45:00,0.157968,0.158055,0.157475,0.157617,124084.76027582
1772359200,2026-03-01 10:00:00,0.15768,0.157968,0.156912,0.157678,405449.79515934
1772360100,2026-03-01 10:15:00,0.157656,0.157679,0.157288,0.157464,136606.09806268
1772361000,2026-03-01 10:30:00,0.157488,0.158354,0.157432,0.157655,341863.50662424
1772361900,2026-03-01 10:45:00,0.15767,0.157789,0.157441,0.15767,63024.77770866
1772362800,2026-03-01 11:00:00,0.15768,0.15785,0.156559,0.157009,583998.7089242
1772363700,2026-03-01 11:15:00,0.157049,0.15765,0.157015,0.157512,152140.4687409
1772364600,2026-03-01 11:30:00,0.157488,0.15779,0.157176,0.157314,258259.44136361
1772365500,2026-03-01 11:45:00,0.157344,0.157582,0.15724,0.157456,78662.26456908
1772366400,2026-03-01 12:00:00,0.157392,0.157542,0.157071,0.157077,235587.99459946
1772367300,2026-03-01 12:15:00,0.157073,0.157401,0.156994,0.157083,128015.78410064
1772368200,2026-03-01 12:30:00,0.15709,0.157223,0.156264,0.15689,210611.56922859
1772369100,2026-03-01 12:45:00,0.156876,0.156937,0.156049,0.156144,205525.12688281
1772370000,2026-03-01 13:00:00,0.156123,0.15648,0.155792,0.156336,116634.37908616
1772370900,2026-03-01 13:15:00,0.156312,0.156485,0.155282,0.15593,307813.31831742
1772371800,2026-03-01 13:30:00,0.15593,0.156121,0.155712,0.156053,194335.52828699
1772372700,2026-03-01 13:45:00,0.15605,0.159276,0.156024,0.158895,647816.08907253
1772373600,2026-03-01 14:00:00,0.158904,0.160317,0.158295,0.159576,635093.34972419
1772374500,2026-03-01 14:15:00,0.15958,0.159839,0.158225,0.158424,324282.73907853
1772375400,2026-03-01 14:30:00,0.1584,0.159221,0.157704,0.157968,248282.40982083
1772376300,2026-03-01 14:45:00,0.15792,0.158424,0.15756,0.158041,199848.38342973
1772377200,2026-03-01 15:00:00,0.158098,0.15872,0.157713,0.15872,565326.1320522
1772378100,2026-03-01 15:15:00,0.15864,0.159216,0.158352,0.158519,588674.40613961
1772379000,2026-03-01 15:30:00,0.15851,0.15912,0.158479,0.158856,159135.01533714
1772379900,2026-03-01 15:45:00,0.158832,0.159,0.157887,0.157944,191900.84828678
1772380800,2026-03-01 16:00:00,0.157992,0.15888,0.157344,0.158469,257229.56428898
1772381700,2026-03-01 16:15:00,0.158419,0.158808,0.157615,0.15856,289784.45519041
1772382600,2026-03-01 16:30:00,0.15856,0.15866,0.158014,0.158016,222093.97080828
1772383500,2026-03-01 16:45:00,0.15802,0.15802,0.155352,0.156366,569054.84322538
1772384400,2026-03-01 17:00:00,0.15632,0.156408,0.155712,0.156048,271151.80067152
1772385300,2026-03-01 17:15:00,0.156081,0.15614,0.154593,0.155616,617102.54077817
1772386200,2026-03-01 17:30:00,0.155616,0.155973,0.155208,0.155712,195782.5262984
1772387100,2026-03-01 17:45:00,0.155712,0.156036,0.15528,0.155361,404038.95295275
1772388000,2026-03-01 18:00:00,0.155376,0.15722,0.155305,0.15672,953848.75919477
1772388900,2026-03-01 18:15:00,0.15672,0.15719,0.155937,0.156152,380244.68741829
1772389800,2026-03-01 18:30:00,0.156144,0.156264,0.155546,0.156085,173182.53861172
1772390700,2026-03-01 18:45:00,0.15617,0.156336,0.15562,0.155813,259810.84610909
1772391600,2026-03-01 19:00:00,0.15583,0.155875,0.15503,0.155112,230576.99884613
1772392500,2026-03-01 19:15:00,0.155136,0.155191,0.154556,0.154562,177475.79793287
1772393400,2026-03-01 19:30:00,0.15458,0.155304,0.154068,0.154132,929787.28621826
1772394300,2026-03-01 19:45:00,0.154248,0.154591,0.15401,0.154347,633082.17598354
1772395200,2026-03-01 20:00:00,0.154356,0.154372,0.153268,0.153337,429301.99013482
1772396100,2026-03-01 20:15:00,0.153408,0.153614,0.15262,0.15262,358742.84026203
1772397000,2026-03-01 20:30:00,0.15265,0.15276,0.151786,0.152104,830148.67685765
1772397900,2026-03-01 20:45:00,0.15204,0.152577,0.151899,0.15224,381943.4202789
1772398800,2026-03-01 21:00:00,0.152243,0.153302,0.152189,0.15313,315684.10812931
1772399700,2026-03-01 21:15:00,0.15313,0.153946,0.152928,0.153783,242567.48194532
1772400600,2026-03-01 21:30:00,0.153816,0.153847,0.153245,0.153585,322009.53430445
1772401500,2026-03-01 21:45:00,0.15359,0.153807,0.153504,0.153584,264456.52030965
1772402400,2026-03-01 22:00:00,0.15356,0.155885,0.153507,0.155259,986603.95230962
1772403300,2026-03-01 22:15:00,0.15516,0.155672,0.154178,0.154475,541450.66851796
1772404200,2026-03-01 22:30:00,0.154476,0.155001,0.153379,0.15414,362891.48979653
1772405100,2026-03-01 22:45:00,0.154112,0.154112,0.15328,0.15333,193650.77034513
1772406000,2026-03-01 23:00:00,0.153272,0.155348,0.153164,0.154384,262207.95249539
1772406900,2026-03-01 23:15:00,0.154364,0.154504,0.153894,0.153968,299467.99500669
1772407800,2026-03-01 23:30:00,0.153936,0.15461,0.153903,0.154296,251803.38973548
1772408700,2026-03-01 23:45:00,0.154272,0.154704,0.153985,0.15421,207159.2857663
1772409600,2026-03-02 00:00:00,0.154191,0.154776,0.154012,0.154321,332703.07353964
1772410500,2026-03-02 00:15:00,0.15432,0.154416,0.153697,0.154259,236746.17608436
1772411400,2026-03-02 00:30:00,0.154272,0.155486,0.154153,0.155486,183861.19777194
1772412300,2026-03-02 00:45:00,0.155501,0.156072,0.155159,0.155845,360826.52130758
1772413200,2026-03-02 01:00:00,0.155784,0.157392,0.155405,0.157063,933061.74324244
1772414100,2026-03-02 01:15:00,0.157032,0.157278,0.155616,0.15583,178584.96112586
1772415000,2026-03-02 01:30:00,0.155832,0.156493,0.155832,0.156312,212802.47768011
1772415900,2026-03-02 01:45:00,0.1563,0.156578,0.155784,0.156064,416361.75194254
1772416800,2026-03-02 02:00:00,0.156067,0.1565,0.154512,0.15504,356668.56695752
1772417700,2026-03-02 02:15:00,0.15506,0.155352,0.154648,0.155112,268191.34294121
1772418600,2026-03-02 02:30:00,0.155065,0.155856,0.155016,0.155208,77527.04789823
1772419500,2026-03-02 02:45:00,0.155256,0.155496,0.154788,0.155156,115996.13925931
1772420400,2026-03-02 03:00:00,0.15516,0.1557,0.154488,0.15544,250504.43107571
1772421300,2026-03-02 03:15:00,0.15544,0.15636,0.155376,0.15631,194943.61851243
1772422200,2026-03-02 03:30:00,0.15631,0.156581,0.155952,0.15623,419788.07279939
1772423100,2026-03-02 03:45:00,0.156184,0.156703,0.155999,0.155999,316011.23962011
1772424000,2026-03-02 04:00:00,0.15606,0.156119,0.155648,0.155673,176256.05486537
1772424900,2026-03-02 04:15:00,0.15572,0.156126,0.155352,0.156088,172921.7048338
1772425800,2026-03-02 04:30:00,0.156024,0.156168,0.15552,0.155664,260079.48737976
1772426700,2026-03-02 04:45:00,0.155616,0.155616,0.155165,0.155472,210164.6015483
1772427600,2026-03-02 05:00:00,0.155496,0.155566,0.154633,0.154976,219153.74050952
1772428500,2026-03-02 05:15:00,0.154976,0.155328,0.154824,0.15507,85417.74140276
1772429400,2026-03-02 05:30:00,0.155069,0.156173,0.15504,0.156048,213089.69580533
1772430300,2026-03-02 05:45:00,0.156084,0.156084,0.155016,0.155121,229449.78427343
1772431200,2026-03-02 06:00:00,0.15512,0.15512,0.154511,0.154776,136273.26593401
1772432100,2026-03-02 06:15:00,0.1548,0.154848,0.153048,0.153919,430665.64169042
1772433000,2026-03-02 06:30:00,0.15396,0.154392,0.153706,0.15426,171865.37067236
1772433900,2026-03-02 06:45:00,0.154224,0.154224,0.153528,0.153793,158450.96017228
1772434800,2026-03-02 07:00:00,0.153794,0.153888,0.152352,0.152448,238289.19063908
1772435700,2026-03-02 07:15:00,0.152424,0.153139,0.152156,0.15295,125506.00053217
1772436600,2026-03-02 07:30:00,0.152957,0.15346,0.152786,0.153273,89844.94249753
1772437500,2026-03-02 07:45:00,0.153278,0.153307,0.15288,0.15297,65002.67540228
1772438400,2026-03-02 08:00:00,0.152952,0.15328,0.151985,0.153179,884691.46078943
1772439300,2026-03-02 08:15:00,0.153214,0.153214,0.15187,0.152112,206660.66469844
1772440200,2026-03-02 08:30:00,0.152136,0.15298,0.152136,0.152808,212935.04248633
1772441100,2026-03-02 08:45:00,0.152786,0.15387,0.152597,0.1536,193562.669307
1772442000,2026-03-02 09:00:00,0.153603,0.15468,0.15343,0.15444,245978.24972134
1772442900,2026-03-02 09:15:00,0.15444,0.155112,0.154358,0.154358,175656.08760009
1772443800,2026-03-02 09:30:00,0.154348,0.154748,0.154008,0.15427,327763.46396314
1772444700,2026-03-02 09:45:00,0.154224,0.154224,0.153696,0.153716,88013.99015109
1772445600,2026-03-02 10:00:00,0.153672,0.154045,0.153288,0.15372,90387.46674195
1772446500,2026-03-02 10:15:00,0.15372,0.154072,0.153635,0.154072,107536.101629
1772447400,2026-03-02 10:30:00,0.154088,0.154132,0.153476,0.153787,171548.78014872
1772448300,2026-03-02 10:45:00,0.153691,0.15379,0.153368,0.15379,73130.25748855
1772449200,2026-03-02 11:00:00,0.153756,0.153774,0.153021,0.153102,215683.60585222
1772450100,2026-03-02 11:15:00,0.15317,0.153696,0.152964,0.153374,174274.16590734
1772451000,2026-03-02 11:30:00,0.153276,0.153952,0.153274,0.153765,106765.24419153
1772451900,2026-03-02 11:45:00,0.15379,0.154258,0.153312,0.153462,265957.84809287
1772452800,2026-03-02 12:00:00,0.153425,0.15377,0.153307,0.153705,128046.24906402
1772453700,2026-03-02 12:15:00,0.15373,0.15373,0.152967,0.15318,130763.79216467
1772454600,2026-03-02 12:30:00,0.153165,0.153405,0.152762,0.15334,242020.79744198
1772455500,2026-03-02 12:45:00,0.153308,0.153446,0.153102,0.153244,169459.66602013
1772456400,2026-03-02 13:00:00,0.153225,0.153303,0.152596,0.15283,148365.23701646
1772457300,2026-03-02 13:15:00,0.15285,0.153656,0.15267,0.152875,592059.22317365
1772458200,2026-03-02 13:30:00,0.152774,0.153563,0.152679,0.15315,785711.29142057
1772459100,2026-03-02 13:45:00,0.153039,0.153212,0.152661,0.152822,909957.03915761
1772460000,2026-03-02 14:00:00,0.15285,0.15317,0.152392,0.152864,391113.87298202
1772460900,2026-03-02 14:15:00,0.152898,0.153171,0.151985,0.15255,275045.0420771
1772461800,2026-03-02 14:30:00,0.152557,0.15581,0.152422,0.155689,1056338.35965956
1772462700,2026-03-02 14:45:00,0.155516,0.157351,0.15518,0.157074,378667.03142155
1772463600,2026-03-02 15:00:00,0.156987,0.160112,0.156774,0.160063,1056543.02578748
1772464500,2026-03-02 15:15:00,0.160134,0.161,0.159725,0.160128,664852.0042694
1772465400,2026-03-02 15:30:00,0.160152,0.161424,0.158969,0.161328,1253748.08945595
1772466300,2026-03-02 15:45:00,0.16133,0.16157,0.159624,0.160368,419958.77529141
1772467200,2026-03-02 16:00:00,0.160392,0.162071,0.16019,0.162,468333.64030047
1772468100,2026-03-02 16:15:00,0.162024,0.16218,0.160609,0.160824,630056.95735158
1772469000,2026-03-02 16:30:00,0.16082,0.161641,0.159099,0.16156,440521.90906345
1772469900,2026-03-02 16:45:00,0.161549,0.16216,0.159244,0.15937,1744933.16135459
1772470800,2026-03-02 17:00:00,0.159394,0.1598,0.158809,0.159023,449681.31158106
1772471700,2026-03-02 17:15:00,0.15904,0.159237,0.158249,0.158872,443618.45030611
1772472600,2026-03-02 17:30:00,0.1589,0.159341,0.15694,0.15694,507999.2076419
1772473500,2026-03-02 17:45:00,0.156913,0.15834,0.156869,0.158287,183031.23375117
1772474400,2026-03-02 18:00:00,0.15829,0.158704,0.157052,0.158704,368050.29157857
1772475300,2026-03-02 18:15:00,0.158649,0.1589,0.158135,0.15834,250037.5480832
1772476200,2026-03-02 18:30:00,0.158368,0.159121,0.158238,0.158984,436398.64374339
1772477100,2026-03-02 18:45:00,0.158965,0.15918,0.157865,0.158242,521673.43874148
1772478000,2026-03-02 19:00:00,0.15824,0.158395,0.157225,0.157841,740325.35306658
1772478900,2026-03-02 19:15:00,0.157859,0.15848,0.157668,0.157984,211059.51508712
1772479800,2026-03-02 19:30:00,0.15792,0.158564,0.157611,0.157836,298225.56617826
1772480700,2026-03-02 19:45:00,0.157839,0.158676,0.157797,0.158573,478096.28929951
1772481600,2026-03-02 20:00:00,0.158508,0.159292,0.157416,0.157755,575621.12433044
1772482500,2026-03-02 20:15:00,0.157716,0.15853,0.157716,0.158256,173361.70573845
1772483400,2026-03-02 20:30:00,0.158228,0.158707,0.158052,0.15864,241254.21009828
1772484300,2026-03-02 20:45:00,0.158668,0.159094,0.15778,0.157783,759986.46899033
1772485200,2026-03-02 21:00:00,0.157819,0.157936,0.157164,0.157874,232629.99131715
1772486100,2026-03-02 21:15:00,0.157808,0.15784,0.157164,0.157612,193966.12465975
1772487000,2026-03-02 21:30:00,0.15762,0.157805,0.155851,0.156744,1375838.55965015
1772487900,2026-03-02 21:45:00,0.156772,0.157092,0.156157,0.156631,453569.90067511
1772488800,2026-03-02 22:00:00,0.156632,0.157384,0.156632,0.156944,407382.9632211
1772489700,2026-03-02 22:15:00,0.15698,0.157556,0.156632,0.157388,163568.82998751
1772490600,2026-03-02 22:30:00,0.15736,0.157696,0.156945,0.157208,126584.56708126
1772491500,2026-03-02 22:45:00,0.15722,0.15722,0.156905,0.157185,212998.06599956
1772492400,2026-03-02 23:00:00,0.157219,0.15734,0.155881,0.155881,403186.50207004
1772493300,2026-03-02 23:15:00,0.155848,0.156218,0.155358,0.15538,1095122.85547777
1772494200,2026-03-02 23:30:00,0.155424,0.155568,0.155064,0.155485,1206710.86789267
1772495100,2026-03-02 23:45:00,0.155495,0.155792,0.15538,0.155759,423152.31675523
1772496000,2026-03-03 00:00:00,0.155799,0.155799,0.154608,0.154833,455710.22085321
1772496900,2026-03-03 00:15:00,0.154824,0.154996,0.153479,0.153624,289654.4644534
1772497800,2026-03-03 00:30:00,0.153641,0.154997,0.153151,0.154978,386950.26083328
1772498700,2026-03-03 00:45:00,0.154896,0.154923,0.15408,0.154417,218731.19837281
1772499600,2026-03-03 01:00:00,0.154416,0.154776,0.154117,0.154272,144491.61515042
1772500500,2026-03-03 01:15:00,0.15427,0.154608,0.153853,0.15411,385971.82627253
1772501400,2026-03-03 01:30:00,0.154057,0.154751,0.153552,0.154225,1326910.3323898
1772502300,2026-03-03 01:45:00,0.154152,0.154344,0.1534,0.153457,486039.06800593
1772503200,2026-03-03 02:00:00,0.153408,0.153408,0.15264,0.153128,948674.64833726
1772504100,2026-03-03 02:15:00,0.153162,0.153162,0.152334,0.153024,529793.89917852
1772505000,2026-03-03 02:30:00,0.152952,0.153448,0.152932,0.153057,214264.06298087
1772505900,2026-03-03 02:45:00,0.15306,0.15336,0.152736,0.152844,179526.41925571
1772506800,2026-03-03 03:00:00,0.152856,0.152966,0.152208,0.152937,779587.98130484
1772507700,2026-03-03 03:15:00,0.15295,0.153226,0.15252,0.152832,289518.86907659
1772508600,2026-03-03 03:30:00,0.152762,0.153726,0.152703,0.15351,212318.45199224
1772509500,2026-03-03 03:45:00,0.15351,0.153656,0.152857,0.152943,226566.4508777
1772510400,2026-03-03 04:00:00,0.152928,0.153188,0.152664,0.15284,228635.57653932
1772511300,2026-03-03 04:15:00,0.15284,0.152869,0.152432,0.15253,212399.19853464
1772512200,2026-03-03 04:30:00,0.152493,0.152664,0.152248,0.152426,256768.42462016
1772513100,2026-03-03 04:45:00,0.152367,0.152384,0.151897,0.1522,335053.99271723
1772514000,2026-03-03 05:00:00,0.152152,0.153,0.151944,0.153,223954.36931488
1772514900,2026-03-03 05:15:00,0.153019,0.153619,0.152977,0.153141,419199.79472373
1772515800,2026-03-03 05:30:00,0.15316,0.153164,0.152177,0.152436,239851.67052786
1772516700,2026-03-03 05:45:00,0.152424,0.152568,0.151769,0.152396,288689.44955189
1772517600,2026-03-03 06:00:00,0.152395,0.152664,0.152064,0.15232,207871.30379503
1772518500,2026-03-03 06:15:00,0.152303,0.152328,0.151537,0.151632,341377.23144841
1772519400,2026-03-03 06:30:00,0.151608,0.15195,0.151359,0.151777,268997.74868113
1772520300,2026-03-03 06:45:00,0.151777,0.152136,0.151609,0.1519,300575.73828604
1772521200,2026-03-03 07:00:00,0.151911,0.152664,0.151753,0.152627,432470.47134366
1772522100,2026-03-03 07:15:00,0.152642,0.152912,0.15244,0.152618,418719.54410426
1772523000,2026-03-03 07:30:00,0.152617,0.152688,0.152185,0.152424,222324.73549232
1772523900,2026-03-03 07:45:00,0.152448,0.152684,0.152232,0.152624,423325.01479362
1772524800,2026-03-03 08:00:00,0.152629,0.152945,0.152192,0.15221,299162.61091878
1772525700,2026-03-03 08:15:00,0.152223,0.152481,0.15133,0.151679,299594.38634915
1772526600,2026-03-03 08:30:00,0.151697,0.15172,0.150603,0.150694,384385.49327789
1772527500,2026-03-03 08:45:00,0.150624,0.15088,0.150454,0.15055,567148.21436839
1772528400,2026-03-03 09:00:00,0.150554,0.151058,0.150508,0.150847,403284.28376845
1772529300,2026-03-03 09:15:00,0.15091,0.151116,0.150284,0.150443,1227276.09993811
1772530200,2026-03-03 09:30:00,0.15046,0.150865,0.150076,0.150486,1339095.52037854
1772531100,2026-03-03 09:45:00,0.15048,0.150515,0.150018,0.150018,135019.54699205
1772532000,2026-03-03 10:00:00,0.150024,0.150127,0.149285,0.149491,1619986.98500087
1772532900,2026-03-03 10:15:00,0.1495,0.149996,0.149358,0.149638,289875.87420687
1772533800,2026-03-03 10:30:00,0.149634,0.149952,0.14953,0.149798,139568.02692161
1772534700,2026-03-03 10:45:00,0.14985,0.150876,0.149776,0.150106,1648358.88044204
1772535600,2026-03-03 11:00:00,0.150128,0.150391,0.14992,0.14993,238544.96998687
1772536500,2026-03-03 11:15:00,0.149909,0.149909,0.149403,0.149637,135587.06806246
1772537400,2026-03-03 11:30:00,0.14964,0.150386,0.14938,0.150386,232762.14900541
1772538300,2026-03-03 11:45:00,0.150379,0.15099,0.150373,0.150876,303040.99775971
1772539200,2026-03-03 12:00:00,0.150854,0.15263,0.150568,0.151668,1566634.81642709
1772540100,2026-03-03 12:15:00,0.151646,0.151678,0.15092,0.150969,173174.8326778
1772541000,2026-03-03 12:30:00,0.15095,0.15098,0.150305,0.15048,168311.45066846
1772541900,2026-03-03 12:45:00,0.1505,0.15072,0.150334,0.150454,180606.04559299
1772542800,2026-03-03 13:00:00,0.150465,0.150468,0.149712,0.14982,343504.71013649
1772543700,2026-03-03 13:15:00,0.149776,0.150187,0.149733,0.150085,196563.28199096
1772544600,2026-03-03 13:30:00,0.15009,0.150282,0.149755,0.149974,199236.45217875
1772545500,2026-03-03 13:45:00,0.149952,0.149952,0.1493,0.149468,453035.03858768
1772546400,2026-03-03 14:00:00,0.149424,0.153,0.149262,0.15033,1653847.30304739
1772547300,2026-03-03 14:15:00,0.1503,0.150959,0.150131,0.150332,305948.85022017
1772548200,2026-03-03 14:30:00,0.150326,0.151616,0.149233,0.149336,747194.03075386
1772549100,2026-03-03 14:45:00,0.149314,0.150417,0.148628,0.149702,859323.28215381
1772550000,2026-03-03 15:00:00,0.149665,0.150035,0.149016,0.149895,502975.51224822
1772550900,2026-03-03 15:15:00,0.149961,0.150257,0.148699,0.149241,351131.54549607
1772551800,2026-03-03 15:30:00,0.149302,0.15119,0.149302,0.1501,622591.6779922
1772552700,2026-03-03 15:45:00,0.150176,0.15093,0.15002,0.150827,240751.10637588
1772553600,2026-03-03 16:00:00,0.150827,0.15236,0.150151,0.15236,833277.1906539
1772554500,2026-03-03 16:15:00,0.152352,0.153841,0.151788,0.153231,1053246.17406629
1772555400,2026-03-03 16:30:00,0.15314,0.15314,0.150036,0.150846,627662.57129485
1772556300,2026-03-03 16:45:00,0.150846,0.152656,0.150696,0.151774,378527.75947749
1772557200,2026-03-03 17:00:00,0.15177,0.151949,0.150254,0.150912,293551.50295187
1772558100,2026-03-03 17:15:00,0.150904,0.151389,0.150358,0.151234,257001.99238548
1772559000,2026-03-03 17:30:00,0.15123,0.151785,0.15032,0.151737,498170.85180222
1772559900,2026-03-03 17:45:00,0.15169,0.152933,0.15146,0.152676,480168.8148523
1772560800,2026-03-03 18:00:00,0.152676,0.152984,0.152231,0.152563,329263.7151224
1772561700,2026-03-03 18:15:00,0.152568,0.15352,0.152568,0.152889,352286.47827038
1772562600,2026-03-03 18:30:00,0.15288,0.153881,0.152854,0.152992,290811.18092571
1772563500,2026-03-03 18:45:00,0.15302,0.15327,0.152315,0.1525,185162.97420094
1772564400,2026-03-03 19:00:00,0.1525,0.152568,0.151158,0.151578,401343.62546584
1772565300,2026-03-03 19:15:00,0.151613,0.152439,0.151263,0.15204,373742.2441381
1772566200,2026-03-03 19:30:00,0.152003,0.15225,0.151099,0.15204,452469.74579323
1772567100,2026-03-03 19:45:00,0.151956,0.152186,0.151375,0.15145,272118.04095993
1772568000,2026-03-03 20:00:00,0.15145,0.151703,0.150939,0.151224,252484.37909273
1772568900,2026-03-03 20:15:00,0.151221,0.15155,0.151032,0.151219,184592.43090942
1772569800,2026-03-03 20:30:00,0.151271,0.151818,0.151072,0.151324,297794.67560756
1772570700,2026-03-03 20:45:00,0.15142,0.15142,0.150331,0.1506,326693.73999333
1772571600,2026-03-03 21:00:00,0.150566,0.150657,0.149872,0.1504,723363.90874374
1772572500,2026-03-03 21:15:00,0.15042,0.150529,0.149755,0.150036,199907.74633828
1772573400,2026-03-03 21:30:00,0.150004,0.150325,0.149851,0.150165,221888.92397644
1772574300,2026-03-03 21:45:00,0.150166,0.150546,0.150074,0.150472,224741.23976178
1772575200,2026-03-03 22:00:00,0.150462,0.151479,0.150325,0.151159,247021.53725522
1772576100,2026-03-03 22:15:00,0.15116,0.151242,0.150667,0.15087,113960.07967535
1772577000,2026-03-03 22:30:00,0.15095,0.151718,0.150861,0.15155,340508.25433529
1772577900,2026-03-03 22:45:00,0.151552,0.151552,0.151017,0.151175,148968.72494012
1772578800,2026-03-03 23:00:00,0.151217,0.15225,0.15105,0.151633,523031.94093315
1772579700,2026-03-03 23:15:00,0.15168,0.15175,0.151195,0.151476,272883.90360982
1772580600,2026-03-03 23:30:00,0.151488,0.15182,0.151344,0.15155,196718.01102002
1772581500,2026-03-03 23:45:00,0.151523,0.151699,0.151368,0.151588,195791.40154981
1772582400,2026-03-04 00:00:00,0.15159,0.151655,0.151158,0.151536,207199.15715935
1772583300,2026-03-04 00:15:00,0.15153,0.151887,0.151284,0.15153,384290.87868759
1772584200,2026-03-04 00:30:00,0.151555,0.151655,0.1509,0.15104,226881.79383064
1772585100,2026-03-04 00:45:00,0.15102,0.151816,0.151004,0.15141,173063.33366747
1772586000,2026-03-04 01:00:00,0.151396,0.151889,0.150974,0.15124,306002.71700913
1772586900,2026-03-04 01:15:00,0.151256,0.151755,0.151078,0.151525,163280.76403449
1772587800,2026-03-04 01:30:00,0.15152,0.152688,0.1514,0.152495,474430.53051389
1772588700,2026-03-04 01:45:00,0.152456,0.152538,0.15205,0.152136,338118.5695238
1772589600,2026-03-04 02:00:00,0.152155,0.15228,0.151585,0.151699,145210.1361152
1772590500,2026-03-04 02:15:00,0.151749,0.151749,0.151104,0.151224,1525729.23012286
1772591400,2026-03-04 02:30:00,0.151248,0.15153,0.151032,0.151441,204691.28141267
1772592300,2026-03-04 02:45:00,0.15144,0.152423,0.15132,0.152096,484149.2663948
1772593200,2026-03-04 03:00:00,0.15209,0.15216,0.151488,0.151964,194759.79719419
1772594100,2026-03-04 03:15:00,0.151944,0.15216,0.150938,0.15103,163427.50561249
1772595000,2026-03-04 03:30:00,0.15103,0.15103,0.1499,0.150096,324317.32709294
1772595900,2026-03-04 03:45:00,0.150072,0.150891,0.149856,0.150845,167363.95037875
1772596800,2026-03-04 04:00:00,0.15086,0.151318,0.150266,0.15091,309797.04255833
1772597700,2026-03-04 04:15:00,0.150936,0.151008,0.150052,0.150107,279197.78252506
1772598600,2026-03-04 04:30:00,0.150107,0.150336,0.149832,0.15027,162909.1802713
1772599500,2026-03-04 04:45:00,0.150264,0.150624,0.150127,0.150433,181944.02931586
1772600400,2026-03-04 05:00:00,0.15045,0.150604,0.15012,0.15053,147931.06967656
1772601300,2026-03-04 05:15:00,0.15048,0.150605,0.149808,0.150106,245528.43469594
1772602200,2026-03-04 05:30:00,0.15011,0.15129,0.149861,0.15107,269138.05680708
1772603100,2026-03-04 05:45:00,0.15107,0.151472,0.150817,0.150853,216666.79620196
1772604000,2026-03-04 06:00:00,0.150816,0.15084,0.150227,0.150383,220189.27809699
1772604900,2026-03-04 06:15:00,0.150336,0.150336,0.149974,0.149996,216155.20633076
1772605800,2026-03-04 06:30:00,0.15001,0.150875,0.15001,0.150459,172326.31449284
1772606700,2026-03-04 06:45:00,0.150423,0.150568,0.150169,0.15033,197363.90465839
1772607600,2026-03-04 07:00:00,0.150278,0.150481,0.150096,0.150136,335651.28416729
1772608500,2026-03-04 07:15:00,0.150136,0.150858,0.150104,0.150858,115373.25600241
1772609400,2026-03-04 07:30:00,0.150887,0.151032,0.150655,0.1508,226783.08520416
1772610300,2026-03-04 07:45:00,0.150771,0.152064,0.150711,0.151948,505350.43614456
1772611200,2026-03-04 08:00:00,0.151949,0.152536,0.151641,0.152134,1169501.11206038
1772612100,2026-03-04 08:15:00,0.152105,0.152521,0.151762,0.151887,746691.55945196
1772613000,2026-03-04 08:30:00,0.151874,0.153419,0.151836,0.153183,557356.79653517
1772613900,2026-03-04 08:45:00,0.153236,0.1559,0.153236,0.155447,2642864.67147973
1772614800,2026-03-04 09:00:00,0.155498,0.155817,0.154429,0.155817,3346442.13269482
1772615700,2026-03-04 09:15:00,0.155846,0.156745,0.15573,0.15602,547688.40118139
1772616600,2026-03-04 09:30:00,0.15602,0.157484,0.155811,0.15695,1493907.76505289
1772617500,2026-03-04 09:45:00,0.157006,0.157305,0.155556,0.156194,549998.85759455
1772618400,2026-03-04 10:00:00,0.156309,0.156788,0.156049,0.15635,456920.07140376
1772619300,2026-03-04 10:15:00,0.156281,0.156397,0.154933,0.155005,307566.73742269
1772620200,2026-03-04 10:30:00,0.15503,0.15676,0.15455,0.15558,3744672.21791097
1772621100,2026-03-04 10:45:00,0.155552,0.155701,0.155003,0.155643,772090.5449184
1772622000,2026-03-04 11:00:00,0.155671,0.155936,0.155353,0.155897,464476.71406026
1772622900,2026-03-04 11:15:00,0.155869,0.155988,0.155401,0.155413,288528.26638136
1772623800,2026-03-04 11:30:00,0.155413,0.155468,0.154165,0.154444,497649.00896734
1772624700,2026-03-04 11:45:00,0.154353,0.154732,0.154328,0.154633,169143.85054352
1772625600,2026-03-04 12:00:00,0.154628,0.154657,0.154088,0.154367,226746.82753436
1772626500,2026-03-04 12:15:00,0.15436,0.154431,0.15309,0.153198,278370.46395897
1772627400,2026-03-04 12:30:00,0.153124,0.154018,0.152975,0.153912,348338.22854184
1772628300,2026-03-04 12:45:00,0.153787,0.1544,0.153718,0.154183,366143.33208179
1772629200,2026-03-04 13:00:00,0.15422,0.15524,0.154186,0.154739,545565.9112317
1772630100,2026-03-04 13:15:00,0.154697,0.154946,0.154251,0.154508,222879.40538047
1772631000,2026-03-04 13:30:00,0.154494,0.154745,0.15428,0.154544,173346.78178814
1772631900,2026-03-04 13:45:00,0.15454,0.15509,0.154266,0.1548,360364.0943898
1772632800,2026-03-04 14:00:00,0.15484,0.155631,0.15484,0.15541,347413.43478691
1772633700,2026-03-04 14:15:00,0.15537,0.155669,0.154799,0.155147,286904.14998172
1772634600,2026-03-04 14:30:00,0.155131,0.157082,0.154846,0.154846,1582961.19982849
1772635500,2026-03-04 14:45:00,0.15483,0.15567,0.154362,0.155512,742513.14386193
1772636400,2026-03-04 15:00:00,0.15552,0.156874,0.15552,0.15584,1360917.9616324
1772637300,2026-03-04 15:15:00,0.15584,0.1584,0.15584,0.158363,759829.01936577
1772638200,2026-03-04 15:30:00,0.158272,0.158785,0.157629,0.157887,886578.42184234
1772639100,2026-03-04 15:45:00,0.15792,0.16044,0.157849,0.160417,3451308.17417969
1772640000,2026-03-04 16:00:00,0.1604,0.161292,0.158988,0.159071,3594611.16340395
1772640900,2026-03-04 16:15:00,0.1591,0.159401,0.158119,0.1592,489376.9222805
1772641800,2026-03-04 16:30:00,0.159147,0.1601,0.159,0.1598,340974.31851841
1772642700,2026-03-04 16:45:00,0.159775,0.160638,0.158579,0.158669,2729747.9385442
1772643600,2026-03-04 17:00:00,0.15867,0.160811,0.158506,0.160464,544371.69761614
1772644500,2026-03-04 17:15:00,0.160497,0.161009,0.157669,0.158374,3761211.74107858
1772645400,2026-03-04 17:30:00,0.158374,0.1599,0.158374,0.15975,806256.48877418
1772646300,2026-03-04 17:45:00,0.159747,0.160521,0.159508,0.160196,370786.42491869
1772647200,2026-03-04 18:00:00,0.160208,0.16075,0.1594,0.159888,658093.82408064
1772648100,2026-03-04 18:15:00,0.15987,0.161054,0.15972,0.161054,764383.36479326
1772649000,2026-03-04 18:30:00,0.161054,0.161576,0.16035,0.161576,788324.91024953
1772649900,2026-03-04 18:45:00,0.161504,0.162668,0.1614,0.162668,362156.4214415
1772650800,2026-03-04 19:00:00,0.1627,0.164816,0.1627,0.164766,707971.42968961
1772651700,2026-03-04 19:15:00,0.164682,0.165342,0.16434,0.16456,4524752.60544542
1772652600,2026-03-04 19:30:00,0.164598,0.165868,0.163951,0.16554,375275.53413129
1772653500,2026-03-04 19:45:00,0.165525,0.165525,0.16347,0.16359,932477.9148534
1772654400,2026-03-04 20:00:00,0.163583,0.163944,0.163033,0.163554,379811.5726606
1772655300,2026-03-04 20:15:00,0.163564,0.164879,0.163548,0.164583,385770.68623721
1772656200,2026-03-04 20:30:00,0.164525,0.165216,0.16422,0.16494,264528.84639383
1772657100,2026-03-04 20:45:00,0.164933,0.165858,0.1641,0.16431,758313.72605197
1772658000,2026-03-04 21:00:00,0.16444,0.164488,0.162928,0.16314,431859.18570469
1772658900,2026-03-04 21:15:00,0.16311,0.16317,0.162253,0.16234,402091.00111144
1772659800,2026-03-04 21:30:00,0.1623,0.16251,0.161971,0.16248,387785.00931538
1772660700,2026-03-04 21:45:00,0.162479,0.162785,0.161704,0.161884,990750.17991901
1772661600,2026-03-04 22:00:00,0.16191,0.16254,0.161838,0.162286,634864.72485593
1772662500,2026-03-04 22:15:00,0.16227,0.162711,0.161895,0.162239,357851.47188635
1772663400,2026-03-04 22:30:00,0.16221,0.16221,0.160766,0.16077,182169.2115455
1772664300,2026-03-04 22:45:00,0.160748,0.16078,0.159841,0.160179,317396.96977643
1772665200,2026-03-04 23:00:00,0.1602,0.160281,0.15975,0.16016,251108.54475392
1772666100,2026-03-04 23:15:00,0.16017,0.160387,0.159085,0.15975,625841.98740537
1772667000,2026-03-04 23:30:00,0.15975,0.16032,0.158821,0.160293,400388.48413172
1772667900,2026-03-04 23:45:00,0.160252,0.1604,0.159406,0.1596,488601.23610404
1772668800,2026-03-05 00:00:00,0.159605,0.159776,0.158717,0.159057,160164.38169544
1772669700,2026-03-05 00:15:00,0.15905,0.159533,0.15864,0.158797,731832.12096735
1772670600,2026-03-05 00:30:00,0.1588,0.159454,0.158603,0.159142,621935.98255515
1772671500,2026-03-05 00:45:00,0.159198,0.15948,0.15891,0.158929,383967.05260022
1772672400,2026-03-05 01:00:00,0.158948,0.16017,0.158825,0.15984,423583.77305906
1772673300,2026-03-05 01:15:00,0.15984,0.159984,0.159195,0.159484,161890.3243985
1772674200,2026-03-05 01:30:00,0.15942,0.159465,0.158605,0.15879,866781.12682575
1772675100,2026-03-05 01:45:00,0.15879,0.158981,0.158269,0.158412,854425.36121815
1772676000,2026-03-05 02:00:00,0.158418,0.15965,0.158326,0.159071,673673.5815205
1772676900,2026-03-05 02:15:00,0.15907,0.159238,0.158541,0.158551,166695.04619859
1772677800,2026-03-05 02:30:00,0.15855,0.15855,0.15767,0.1578,169758.9371283
1772678700,2026-03-05 02:45:00,0.1578,0.15834,0.1578,0.158306,203064.98586316
1772679600,2026-03-05 03:00:00,0.158298,0.15873,0.15818,0.158609,154703.9960043
1772680500,2026-03-05 03:15:00,0.158599,0.158911,0.1581,0.158176,264424.27233652
1772681400,2026-03-05 03:30:00,0.158176,0.15828,0.157858,0.157859,205815.30937158
1772682300,2026-03-05 03:45:00,0.157859,0.15858,0.157841,0.158258,189856.81941363
1772683200,2026-03-05 04:00:00,0.15826,0.15868,0.158179,0.158384,149462.01031605
1772684100,2026-03-05 04:15:00,0.158414,0.159272,0.158356,0.159174,132347.58599812
1772685000,2026-03-05 04:30:00,0.159151,0.15957,0.158581,0.15951,252226.86658552
1772685900,2026-03-05 04:45:00,0.15948,0.16014,0.15941,0.159737,335672.73059551
1772686800,2026-03-05 05:00:00,0.15972,0.160169,0.159479,0.16004,243194.59623349
1772687700,2026-03-05 05:15:00,0.160083,0.160199,0.158616,0.158706,831675.51642378
1772688600,2026-03-05 05:30:00,0.158704,0.158819,0.158224,0.158572,436240.62693681
1772689500,2026-03-05 05:45:00,0.158549,0.1588,0.158357,0.158573,191918.82879756
1772690400,2026-03-05 06:00:00,0.15861,0.158671,0.15747,0.157609,412031.10156661
1772691300,2026-03-05 06:15:00,0.15761,0.158775,0.157494,0.15858,237840.53730315
1772692200,2026-03-05 06:30:00,0.15858,0.159089,0.158419,0.15876,241942.23057674
1772693100,2026-03-05 06:45:00,0.15873,0.159358,0.158679,0.159243,186478.06313781
1772694000,2026-03-05 07:00:00,0.15923,0.15984,0.15915,0.15972,205877.51539688
1772694900,2026-03-05 07:15:00,0.159727,0.159796,0.159295,0.159295,127536.56320995
1772695800,2026-03-05 07:30:00,0.159288,0.15933,0.158401,0.158401,192093.77214301
1772696700,2026-03-05 07:45:00,0.158428,0.158433,0.157121,0.15789,396529.00136466
1772697600,2026-03-05 08:00:00,0.157899,0.158214,0.1578,0.157879,144907.62287603
1772698500,2026-03-05 08:15:00,0.157869,0.15822,0.1575,0.157627,97824.3352782
1772699400,2026-03-05 08:30:00,0.15759,0.158337,0.15747,0.158265,176025.06735543
1772700300,2026-03-05 08:45:00,0.15819,0.15831,0.15786,0.158118,140286.26707209
1772701200,2026-03-05 09:00:00,0.1581,0.159477,0.1581,0.159182,441422.58136876
1772702100,2026-03-05 09:15:00,0.15921,0.15924,0.15861,0.15887,171162.32110438
1772703000,2026-03-05 09:30:00,0.15887,0.15921,0.158528,0.15873,104992.66493866
1772703900,2026-03-05 09:45:00,0.158696,0.15906,0.158574,0.158996,59289.15991561
1772704800,2026-03-05 10:00:00,0.15897,0.159224,0.158676,0.15897,211936.98421236
1772705700,2026-03-05 10:15:00,0.159,0.15993,0.1587,0.15978,288492.22478385
1772706600,2026-03-05 10:30:00,0.159828,0.16089,0.1596,0.16032,554939.91931181
1772707500,2026-03-05 10:45:00,0.160313,0.161093,0.160311,0.16068,171987.7309548
1772708400,2026-03-05 11:00:00,0.160676,0.160878,0.160439,0.160732,314462.11821267
1772709300,2026-03-05 11:15:00,0.160686,0.160837,0.16011,0.16059,141308.31432994
1772710200,2026-03-05 11:30:00,0.16056,0.16056,0.15912,0.159232,216642.11563959
1772711100,2026-03-05 11:45:00,0.1593,0.159639,0.1593,0.159629,161418.67225713
1772712000,2026-03-05 12:00:00,0.159618,0.159856,0.15921,0.15949,156294.374483
1772712900,2026-03-05 12:15:00,0.15948,0.159779,0.15884,0.15952,179770.44177312
1772713800,2026-03-05 12:30:00,0.15953,0.159701,0.159092,0.159419,183348.62483913
1772714700,2026-03-05 12:45:00,0.15951,0.160066,0.159442,0.159782,144881.03495079
1772715600,2026-03-05 13:00:00,0.15983,0.159834,0.159,0.15918,105632.14433502
1772716500,2026-03-05 13:15:00,0.15918,0.15945,0.1584,0.158879,232445.62196563
1772717400,2026-03-05 13:30:00,0.15888,0.158922,0.157694,0.15858,291504.67921987
1772718300,2026-03-05 13:45:00,0.158597,0.159106,0.158502,0.15883,461681.41339773
1772719200,2026-03-05 14:00:00,0.15885,0.15951,0.158656,0.15937,865396.09533855
1772720100,2026-03-05 14:15:00,0.159411,0.15948,0.158661,0.159426,763821.84354443
1772721000,2026-03-05 14:30:00,0.159368,0.1608,0.159162,0.15933,1162365.04518549
1772721900,2026-03-05 14:45:00,0.15935,0.161217,0.15918,0.160719,1883986.60182513
1772722800,2026-03-05 15:00:00,0.16068,0.16092,0.1578,0.1584,990280.05584018
1772723700,2026-03-05 15:15:00,0.15837,0.15855,0.15699,0.157059,423818.38921683
1772724600,2026-03-05 15:30:00,0.156992,0.158004,0.156583,0.157223,646067.1122669
1772725500,2026-03-05 15:45:00,0.157217,0.157575,0.156429,0.156825,510056.72792521
1772726400,2026-03-05 16:00:00,0.156794,0.156824,0.154206,0.154956,1674746.13473693
1772727300,2026-03-05 16:15:00,0.154965,0.155472,0.1547,0.15543,1321345.65047103
1772728200,2026-03-05 16:30:00,0.155435,0.156898,0.155411,0.15625,362822.30265262
1772729100,2026-03-05 16:45:00,0.15627,0.156456,0.155455,0.1558,1429407.12622081
1772730000,2026-03-05 17:00:00,0.155802,0.15675,0.155171,0.1555,696499.97060439
1772730900,2026-03-05 17:15:00,0.15555,0.15555,0.154995,0.1551,325992.8661729
1772731800,2026-03-05 17:30:00,0.155075,0.155408,0.1544,0.1549,493578.84902059
1772732700,2026-03-05 17:45:00,0.154931,0.155193,0.154555,0.154696,203322.66419352
1772733600,2026-03-05 18:00:00,0.154625,0.1553,0.154504,0.15514,424903.94017681
1772734500,2026-03-05 18:15:00,0.155153,0.155412,0.154664,0.1547,218079.7174486
1772735400,2026-03-05 18:30:00,0.15466,0.15543,0.15465,0.15527,276231.78784695
1772736300,2026-03-05 18:45:00,0.1553,0.15595,0.155227,0.15573,132104.663147
1772737200,2026-03-05 19:00:00,0.15575,0.157152,0.155652,0.157125,251496.15265895
1772738100,2026-03-05 19:15:00,0.157075,0.157751,0.156683,0.15697,246301.84289759
1772739000,2026-03-05 19:30:00,0.156855,0.1571,0.156425,0.15677,72710.95640888
1772739900,2026-03-05 19:45:00,0.156725,0.157004,0.156425,0.156552,209891.13492189
1772740800,2026-03-05 20:00:00,0.15661,0.157625,0.156525,0.157625,189968.3958857
1772741700,2026-03-05 20:15:00,0.15765,0.158456,0.15765,0.158223,471485.42530302
1772742600,2026-03-05 20:30:00,0.158225,0.15855,0.157966,0.158075,229707.16705226
1772743500,2026-03-05 20:45:00,0.1581,0.158311,0.157694,0.15817,136889.7241865
1772744400,2026-03-05 21:00:00,0.158155,0.158374,0.15784,0.158125,131700.50133674
1772745300,2026-03-05 21:15:00,0.158145,0.158636,0.158063,0.158371,194134.0548202
1772746200,2026-03-05 21:30:00,0.15838,0.158507,0.157014,0.157282,216926.60940398
1772747100,2026-03-05 21:45:00,0.157288,0.157663,0.156935,0.15725,130914.67953502
1772748000,2026-03-05 22:00:00,0.15725,0.157466,0.15645,0.156738,327904.24378399
1772748900,2026-03-05 22:15:00,0.15675,0.157128,0.156608,0.15712,175837.38939785
1772749800,2026-03-05 22:30:00,0.15712,0.157668,0.156888,0.157455,153784.78030413
1772750700,2026-03-05 22:45:00,0.15746,0.158198,0.157451,0.157566,89503.31806694
1772751600,2026-03-05 23:00:00,0.157553,0.15788,0.157525,0.157697,160774.80882355
1772752500,2026-03-05 23:15:00,0.1577,0.157797,0.157481,0.157569,221664.96061979
1772753400,2026-03-05 23:30:00,0.157592,0.157592,0.156732,0.156905,238321.66391523
1772754300,2026-03-05 23:45:00,0.1569,0.15695,0.156574,0.156849,266065.11287312
1772755200,2026-03-06 00:00:00,0.156849,0.157234,0.156558,0.157031,294520.03154729
1772756100,2026-03-06 00:15:00,0.157006,0.157024,0.1567,0.15697,303234.07520086
1772757000,2026-03-06 00:30:00,0.156968,0.157124,0.156776,0.15682,210728.85579495
1772757900,2026-03-06 00:45:00,0.156855,0.157274,0.156688,0.15719,385499.21675192
1772758800,2026-03-06 01:00:00,0.15719,0.157549,0.156875,0.156902,352858.37763686
1772759700,2026-03-06 01:15:00,0.156896,0.15718,0.15632,0.15661,182948.84747227
1772760600,2026-03-06 01:30:00,0.15661,0.159075,0.156597,0.158875,263790.72539562
1772761500,2026-03-06 01:45:00,0.15885,0.159032,0.1585,0.158784,137755.21248284
1772762400,2026-03-06 02:00:00,0.15883,0.15975,0.15855,0.15975,188549.8550876
1772763300,2026-03-06 02:15:00,0.15975,0.160525,0.158099,0.158625,1708736.83314157
1772764200,2026-03-06 02:30:00,0.1585,0.15944,0.158199,0.159402,402889.01777284
1772765100,2026-03-06 02:45:00,0.159396,0.1594,0.158837,0.159212,215012.97767264
1772766000,2026-03-06 03:00:00,0.159225,0.159649,0.158875,0.159025,254116.33260634
1772766900,2026-03-06 03:15:00,0.15905,0.15985,0.158975,0.15917,136181.54021292
1772767800,2026-03-06 03:30:00,0.15915,0.159422,0.158471,0.15855,713528.75133194
1772768700,2026-03-06 03:45:00,0.158526,0.159063,0.1584,0.159,179435.9809373
1772769600,2026-03-06 04:00:00,0.159025,0.15931,0.158475,0.15872,180530.02797691
1772770500,2026-03-06 04:15:00,0.158747,0.158946,0.158276,0.158282,326620.78925114
1772771400,2026-03-06 04:30:00,0.15834,0.15844,0.157075,0.157347,211344.21347049
1772772300,2026-03-06 04:45:00,0.157338,0.15763,0.157125,0.157465,172792.39619541
1772773200,2026-03-06 05:00:00,0.15747,0.15748,0.157072,0.15738,108838.41329623
1772774100,2026-03-06 05:15:00,0.15737,0.157746,0.15683,0.156908,87305.74127557
1772775000,2026-03-06 05:30:00,0.156906,0.157292,0.156506,0.156546,194933.81625802
1772775900,2026-03-06 05:45:00,0.156525,0.157675,0.156425,0.157543,230984.24807222
1772776800,2026-03-06 06:00:00,0.15754,0.157775,0.157425,0.157663,156223.42126372
1772777700,2026-03-06 06:15:00,0.15766,0.158349,0.15755,0.157834,232846.61205216
1772778600,2026-03-06 06:30:00,0.15783,0.158,0.157464,0.157973,248951.23764206
1772779500,2026-03-06 06:45:00,0.157968,0.15843,0.157759,0.157957,98838.16013161
1772780400,2026-03-06 07:00:00,0.15795,0.15825,0.157661,0.157798,159057.43355815
1772781300,2026-03-06 07:15:00,0.157775,0.158804,0.15769,0.158778,162606.66319871
1772782200,2026-03-06 07:30:00,0.158743,0.15908,0.158678,0.15908,72953.16527647
1772783100,2026-03-06 07:45:00,0.159121,0.159266,0.159037,0.15918,93462.14042993
1772784000,2026-03-06 08:00:00,0.15912,0.159227,0.158678,0.159029,155919.23937477
1772784900,2026-03-06 08:15:00,0.159029,0.159167,0.1587,0.1587,97572.01637535
1772785800,2026-03-06 08:30:00,0.15871,0.158952,0.15839,0.158633,206222.16958714
1772786700,2026-03-06 08:45:00,0.158667,0.159,0.15822,0.158416,119388.02204431
1772787600,2026-03-06 09:00:00,0.15842,0.15855,0.15717,0.15735,116876.21248846
1772788500,2026-03-06 09:15:00,0.15735,0.157624,0.156663,0.156804,373073.2164178
1772789400,2026-03-06 09:30:00,0.15675,0.157055,0.156467,0.15693,306762.36408608
1772790300,2026-03-06 09:45:00,0.15693,0.157674,0.1569,0.157605,166591.63347294
1772791200,2026-03-06 10:00:00,0.1575,0.15849,0.15747,0.158429,113616.59561712
1772792100,2026-03-06 10:15:00,0.158393,0.158776,0.158292,0.15863,160828.98708164
1772793000,2026-03-06 10:30:00,0.15855,0.15858,0.15816,0.1584,105295.61077109
1772793900,2026-03-06 10:45:00,0.158422,0.158539,0.158148,0.15825,132823.21822117
1772794800,2026-03-06 11:00:00,0.158246,0.158494,0.15792,0.15825,160093.52073189
1772795700,2026-03-06 11:15:00,0.158271,0.158279,0.157832,0.15798,101924.40968625
1772796600,2026-03-06 11:30:00,0.157922,0.157922,0.156935,0.156943,132508.86708508
1772797500,2026-03-06 11:45:00,0.15696,0.157016,0.156687,0.156827,106469.90053152
1772798400,2026-03-06 12:00:00,0.15678,0.157011,0.155202,0.15575,592779.89781271
1772799300,2026-03-06 12:15:00,0.15576,0.1566,0.155755,0.15618,161219.21969812
1772800200,2026-03-06 12:30:00,0.15627,0.15639,0.155405,0.155476,193088.76733694
1772801100,2026-03-06 12:45:00,0.15551,0.156408,0.1552,0.156232,192541.43855674
1772802000,2026-03-06 13:00:00,0.156168,0.156558,0.156138,0.156432,209363.00656862
1772802900,2026-03-06 13:15:00,0.15639,0.15693,0.155938,0.1563,238006.94536814
1772803800,2026-03-06 13:30:00,0.156276,0.157379,0.15536,0.156712,797485.55388732
1772804700,2026-03-06 13:45:00,0.15666,0.15666,0.154617,0.154627,2040656.93291621
1772805600,2026-03-06 14:00:00,0.15468,0.155207,0.1535,0.154073,1910929.50407381
1772806500,2026-03-06 14:15:00,0.15403,0.15453,0.153929,0.154083,827812.76251517
1772807400,2026-03-06 14:30:00,0.154095,0.15441,0.1525,0.15307,540193.74183712
1772808300,2026-03-06 14:45:00,0.15307,0.153411,0.15156,0.152219,540340.31006461
1772809200,2026-03-06 15:00:00,0.152218,0.15306,0.15207,0.152393,341926.71396842
1772810100,2026-03-06 15:15:00,0.152334,0.15297,0.152118,0.152639,443969.28700116
1772811000,2026-03-06 15:30:00,0.15261,0.153464,0.152354,0.15239,299204.55418064
1772811900,2026-03-06 15:45:00,0.15234,0.152384,0.151306,0.15186,314456.78084767
1772812800,2026-03-06 16:00:00,0.15183,0.15219,0.151001,0.151086,515438.33796136
1772813700,2026-03-06 16:15:00,0.151077,0.151618,0.151,0.151443,1229707.00031916
1772814600,2026-03-06 16:30:00,0.151424,0.152091,0.15132,0.151798,388350.33500638
1772815500,2026-03-06 16:45:00,0.151785,0.151993,0.151012,0.151164,321481.76016815
1772816400,2026-03-06 17:00:00,0.151122,0.151623,0.151002,0.151032,385868.95449579
1772817300,2026-03-06 17:15:00,0.151063,0.151776,0.151,0.151039,1464703.32207573
1772818200,2026-03-06 17:30:00,0.151012,0.151164,0.150069,0.150481,3530972.32467098
1772819100,2026-03-06 17:45:00,0.150482,0.151154,0.150482,0.150713,675459.30242138
1772820000,2026-03-06 18:00:00,0.150696,0.151937,0.150655,0.151937,471261.72045973
1772820900,2026-03-06 18:15:00,0.151936,0.152065,0.151534,0.151589,423009.21636972
1772821800,2026-03-06 18:30:00,0.151569,0.152315,0.151568,0.152265,393520.70484538
1772822700,2026-03-06 18:45:00,0.15229,0.152453,0.151854,0.15196,549602.76657488
1772823600,2026-03-06 19:00:00,0.151977,0.152666,0.15196,0.152556,260755.11438529
1772824500,2026-03-06 19:15:00,0.152604,0.152604,0.151644,0.15177,289705.33240826
1772825400,2026-03-06 19:30:00,0.151799,0.15194,0.151555,0.151555,228545.87484077
1772826300,2026-03-06 19:45:00,0.151554,0.15176,0.151497,0.151679,196247.58594422
1772827200,2026-03-06 20:00:00,0.151674,0.151949,0.15141,0.151446,103547.18536246
1772828100,2026-03-06 20:15:00,0.15145,0.151562,0.150867,0.150881,160629.70954247
1772829000,2026-03-06 20:30:00,0.150858,0.151462,0.150858,0.15126,195564.65157812
1772829900,2026-03-06 20:45:00,0.151259,0.1517,0.151259,0.151438,214406.31062933
1772830800,2026-03-06 21:00:00,0.151489,0.151662,0.151353,0.151591,266219.84367623
1772831700,2026-03-06 21:15:00,0.1516,0.151748,0.151101,0.15141,231179.00291459
1772832600,2026-03-06 21:30:00,0.151409,0.151988,0.151322,0.151988,477447.85984806
1772833500,2026-03-06 21:45:00,0.151989,0.152175,0.151916,0.152097,517300.7676436
1772834400,2026-03-06 22:00:00,0.152049,0.1521,0.151662,0.151696,202827.71490767
1772835300,2026-03-06 22:15:00,0.15167,0.152192,0.151616,0.152021,182032.96808431
1772836200,2026-03-06 22:30:00,0.152024,0.152294,0.151924,0.15216,223544.08468241
1772837100,2026-03-06 22:45:00,0.15216,0.152641,0.152133,0.152401,71426.92053236
1772838000,2026-03-06 23:00:00,0.15245,0.15245,0.152164,0.152182,63155.26707061
1772838900,2026-03-06 23:15:00,0.152228,0.152743,0.151947,0.15251,265142.69172846
1772839800,2026-03-06 23:30:00,0.152562,0.15257,0.152101,0.15221,168352.77927642
1772840700,2026-03-06 23:45:00,0.15221,0.15228,0.152188,0.15228,131370.84660344
1772841600,2026-03-07 00:00:00,0.15228,0.153052,0.152188,0.152837,182363.72327079
1772842500,2026-03-07 00:15:00,0.152828,0.152978,0.152598,0.152806,175157.70656687
1772843400,2026-03-07 00:30:00,0.15281,0.153297,0.152675,0.152892,156379.32077852
1772844300,2026-03-07 00:45:00,0.152847,0.153172,0.152837,0.152943,143822.73909938
1772845200,2026-03-07 01:00:00,0.152928,0.15307,0.152718,0.152728,109809.12087079
1772846100,2026-03-07 01:15:00,0.15275,0.152934,0.152694,0.15281,67829.50430706
1772847000,2026-03-07 01:30:00,0.15281,0.15287,0.152654,0.15285,81153.87441599
1772847900,2026-03-07 01:45:00,0.15285,0.152916,0.152642,0.152642,146409.14237457
1772848800,2026-03-07 02:00:00,0.152662,0.152897,0.152629,0.152768,76225.27117013
1772849700,2026-03-07 02:15:00,0.152771,0.15282,0.152252,0.152376,192856.36014327
1772850600,2026-03-07 02:30:00,0.15238,0.152739,0.152304,0.15255,203385.92567781
1772851500,2026-03-07 02:45:00,0.152508,0.152879,0.152422,0.152847,135704.88733339
1772852400,2026-03-07 03:00:00,0.15286,0.15355,0.152657,0.153502,218587.94232134
1772853300,2026-03-07 03:15:00,0.153408,0.153477,0.152857,0.152905,640801.02494959
1772854200,2026-03-07 03:30:00,0.152905,0.152905,0.152514,0.152664,45784.26629276
1772855100,2026-03-07 03:45:00,0.15266,0.152723,0.152316,0.152345,82321.98574153
1772856000,2026-03-07 04:00:00,0.15242,0.152444,0.151681,0.151843,171097.76674406
1772856900,2026-03-07 04:15:00,0.1518,0.15223,0.151776,0.152219,36485.21707823
1772857800,2026-03-07 04:30:00,0.152136,0.152399,0.151976,0.152344,61995.50957969
1772858700,2026-03-07 04:45:00,0.152338,0.152338,0.152091,0.15213,31645.64357141
1772859600,2026-03-07 05:00:00,0.15216,0.152265,0.152,0.15213,71396.48547928
1772860500,2026-03-07 05:15:00,0.152111,0.152247,0.151959,0.152138,71502.16375342
1772861400,2026-03-07 05:30:00,0.152152,0.152303,0.151841,0.152232,63079.87860941
1772862300,2026-03-07 05:45:00,0.152236,0.152615,0.152227,0.152586,65148.03079839
1772863200,2026-03-07 06:00:00,0.152544,0.152544,0.152232,0.15228,55620.35787996
1772864100,2026-03-07 06:15:00,0.152279,0.152279,0.15192,0.151959,81321.37046
1772865000,2026-03-07 06:30:00,0.151952,0.152256,0.151785,0.152181,75877.5643766
1772865900,2026-03-07 06:45:00,0.152179,0.152274,0.151656,0.15168,129551.5015414
1772866800,2026-03-07 07:00:00,0.151679,0.151778,0.151401,0.151671,139016.71105723
1772867700,2026-03-07 07:15:00,0.151679,0.151824,0.151518,0.151559,142967.33087361
1772868600,2026-03-07 07:30:00,0.15156,0.151763,0.151392,0.151737,79441.40809352
1772869500,2026-03-07 07:45:00,0.151769,0.151944,0.151706,0.1518,116335.96466534
1772870400,2026-03-07 08:00:00,0.151776,0.152005,0.151656,0.151961,100684.45611729
1772871300,2026-03-07 08:15:00,0.151968,0.15245,0.151968,0.152424,89841.65778446
1772872200,2026-03-07 08:30:00,0.152423,0.152659,0.152208,0.152279,104444.69195923
1772873100,2026-03-07 08:45:00,0.15228,0.15228,0.151536,0.151536,50463.28556702
1772874000,2026-03-07 09:00:00,0.151543,0.15156,0.151273,0.15151,161477.27661757
1772874900,2026-03-07 09:15:00,0.15151,0.151895,0.15151,0.151694,92086.27408408
1772875800,2026-03-07 09:30:00,0.151693,0.151975,0.151686,0.15192,73601.29313815
1772876700,2026-03-07 09:45:00,0.151909,0.152228,0.151909,0.15216,94069.57959301
1772877600,2026-03-07 10:00:00,0.15219,0.1524,0.15206,0.152306,39744.64784526
1772878500,2026-03-07 10:15:00,0.15234,0.152359,0.151826,0.151896,92519.73236509
1772879400,2026-03-07 10:30:00,0.151919,0.151992,0.151752,0.151872,41465.62027664
1772880300,2026-03-07 10:45:00,0.151849,0.151991,0.151776,0.151846,25651.45168737
1772881200,2026-03-07 11:00:00,0.15185,0.152559,0.151561,0.152559,69211.53817856
1772882100,2026-03-07 11:15:00,0.152448,0.15262,0.152232,0.152232,47453.28196787
1772883000,2026-03-07 11:30:00,0.152221,0.152241,0.15186,0.151992,89395.37968001
1772883900,2026-03-07 11:45:00,0.152015,0.152144,0.151825,0.151825,89612.27119698
1772884800,2026-03-07 12:00:00,0.151824,0.152001,0.151665,0.15178,117650.64237538
1772885700,2026-03-07 12:15:00,0.15182,0.152009,0.151736,0.1519,170218.14776589
1772886600,2026-03-07 12:30:00,0.151876,0.15193,0.151562,0.151609,59008.25523264
1772887500,2026-03-07 12:45:00,0.151639,0.151667,0.151334,0.151471,188716.22630931
1772888400,2026-03-07 13:00:00,0.151473,0.151644,0.151272,0.151392,212233.82171442
1772889300,2026-03-07 13:15:00,0.151416,0.151631,0.151249,0.151421,144769.87392188
1772890200,2026-03-07 13:30:00,0.151494,0.15175,0.151281,0.151523,251411.97799915
1772891100,2026-03-07 13:45:00,0.151512,0.15172,0.151396,0.151467,148629.29854951
1772892000,2026-03-07 14:00:00,0.151392,0.151392,0.150192,0.150499,1402392.99488684
1772892900,2026-03-07 14:15:00,0.150456,0.150797,0.150385,0.150761,134268.75230183
1772893800,2026-03-07 14:30:00,0.150697,0.151584,0.15052,0.15132,140989.5502398
1772894700,2026-03-07 14:45:00,0.15132,0.151516,0.151136,0.151142,321398.59298948
1772895600,2026-03-07 15:00:00,0.15118,0.151368,0.151036,0.151138,95944.12689978
1772896500,2026-03-07 15:15:00,0.151128,0.151329,0.150827,0.150934,197060.93511318
1772897400,2026-03-07 15:30:00,0.150917,0.151089,0.150229,0.150374,148622.4541188
1772898300,2026-03-07 15:45:00,0.15038,0.15084,0.150288,0.150784,107897.91765825
1772899200,2026-03-07 16:00:00,0.150744,0.151035,0.150576,0.15094,185983.71581685
1772900100,2026-03-07 16:15:00,0.150957,0.150987,0.150384,0.150452,111699.11604278
1772901000,2026-03-07 16:30:00,0.15045,0.150576,0.15024,0.150418,70915.30532033
1772901900,2026-03-07 16:45:00,0.150389,0.150641,0.150264,0.15062,159811.41293511
1772902800,2026-03-07 17:00:00,0.15062,0.150847,0.150588,0.150767,65251.55560633
1772903700,2026-03-07 17:15:00,0.150721,0.15132,0.150696,0.15129,152719.57145063
1772904600,2026-03-07 17:30:00,0.151256,0.151427,0.151232,0.151367,105103.27974964
1772905500,2026-03-07 17:45:00,0.151308,0.151443,0.151163,0.151238,185526.81904843
1772906400,2026-03-07 18:00:00,0.151234,0.15124,0.150103,0.150686,373625.44464557
1772907300,2026-03-07 18:15:00,0.150687,0.150756,0.150392,0.150742,97196.53897267
1772908200,2026-03-07 18:30:00,0.15068,0.15073,0.150416,0.15073,83974.08972002
1772909100,2026-03-07 18:45:00,0.150708,0.15073,0.150484,0.150568,176256.21103004
1772910000,2026-03-07 19:00:00,0.150576,0.150576,0.150151,0.150271,139413.99220911
1772910900,2026-03-07 19:15:00,0.150306,0.150444,0.149877,0.150024,305614.53233155
1772911800,2026-03-07 19:30:00,0.150026,0.150381,0.14994,0.150187,184835.74133251
1772912700,2026-03-07 19:45:00,0.150191,0.150255,0.14936,0.14978,350796.87506853
1772913600,2026-03-07 20:00:00,0.14978,0.15032,0.14977,0.15022,262235.25168154
1772914500,2026-03-07 20:15:00,0.15022,0.150408,0.150098,0.150353,119232.32288368
1772915400,2026-03-07 20:30:00,0.150365,0.150696,0.150264,0.150623,281230.79887566
1772916300,2026-03-07 20:45:00,0.150615,0.15067,0.150456,0.15054,136315.36504237
1772917200,2026-03-07 21:00:00,0.15054,0.151199,0.15054,0.15087,316700.66446403
1772918100,2026-03-07 21:15:00,0.150914,0.151056,0.1508,0.150936,146188.57110989
1772919000,2026-03-07 21:30:00,0.150914,0.150926,0.150351,0.150442,135975.29011525
1772919900,2026-03-07 21:45:00,0.150441,0.15045,0.150117,0.15035,137322.10533052
1772920800,2026-03-07 22:00:00,0.15035,0.150424,0.149905,0.14997,192790.37789907
1772921700,2026-03-07 22:15:00,0.149959,0.150021,0.149521,0.14965,265470.94759559
1772922600,2026-03-07 22:30:00,0.14965,0.149825,0.149179,0.14952,839731.92491627
1772923500,2026-03-07 22:45:00,0.149519,0.149874,0.149334,0.149592,829729.18316333
1772924400,2026-03-07 23:00:00,0.149589,0.150188,0.149568,0.149984,318052.85099139
1772925300,2026-03-07 23:15:00,0.150048,0.150247,0.149941,0.150017,230026.77723452
1772926200,2026-03-07 23:30:00,0.150049,0.150239,0.150032,0.150235,168114.28800743
1772927100,2026-03-07 23:45:00,0.15023,0.1505,0.150128,0.150477,307713.48763826
1772928000,2026-03-08 00:00:00,0.15048,0.150648,0.150336,0.150456,140650.50692591
1772928900,2026-03-08 00:15:00,0.150463,0.150523,0.1501,0.150213,111319.8827227
1772929800,2026-03-08 00:30:00,0.15021,0.150239,0.14998,0.150096,215597.05079469
1772930700,2026-03-08 00:45:00,0.15012,0.150129,0.149611,0.149863,233603.84311843
1772931600,2026-03-08 01:00:00,0.149862,0.149976,0.149466,0.149976,238011.13266841
1772932500,2026-03-08 01:15:00,0.149992,0.150117,0.149688,0.149688,92176.29717486
1772933400,2026-03-08 01:30:00,0.149666,0.14993,0.149411,0.149918,142907.54388947
1772934300,2026-03-08 01:45:00,0.149886,0.1501,0.149856,0.149927,72206.81408702
1772935200,2026-03-08 02:00:00,0.149856,0.149927,0.14964,0.149897,81345.71233176
1772936100,2026-03-08 02:15:00,0.149876,0.149968,0.149517,0.149551,217231.76663086
1772937000,2026-03-08 02:30:00,0.149551,0.1499,0.14916,0.1499,300485.60102845
1772937900,2026-03-08 02:45:00,0.149832,0.149832,0.14867,0.149086,1370521.15971586
1772938800,2026-03-08 03:00:00,0.149109,0.149109,0.148632,0.148923,261265.31076385
1772939700,2026-03-08 03:15:00,0.14897,0.149321,0.148877,0.149186,198144.27502014
1772940600,2026-03-08 03:30:00,0.149188,0.149284,0.14895,0.149053,261915.0564935
1772941500,2026-03-08 03:45:00,0.14904,0.149206,0.148859,0.1489,146788.03536318
1772942400,2026-03-08 04:00:00,0.148848,0.14896,0.1484,0.148518,245836.26692936
1772943300,2026-03-08 04:15:00,0.148524,0.148589,0.148403,0.14851,286209.846972
1772944200,2026-03-08 04:30:00,0.148488,0.148545,0.148273,0.148445,442512.28280976
1772945100,2026-03-08 04:45:00,0.148449,0.148472,0.1478,0.14806,235762.00528794
1772946000,2026-03-08 05:00:00,0.14806,0.148967,0.148003,0.148967,345021.12677833
1772946900,2026-03-08 05:15:00,0.14893,0.149544,0.148881,0.149341,108192.01977008
1772947800,2026-03-08 05:30:00,0.149329,0.14944,0.149166,0.149249,91462.38210934
1772948700,2026-03-08 05:45:00,0.14925,0.149289,0.149065,0.149103,55905.54275417
1772949600,2026-03-08 06:00:00,0.149064,0.149205,0.148818,0.14883,36092.29372235
1772950500,2026-03-08 06:15:00,0.148821,0.149542,0.148632,0.149057,2006067.5572828
1772951400,2026-03-08 06:30:00,0.149053,0.149389,0.148951,0.149118,841113.02225648
1772952300,2026-03-08 06:45:00,0.14912,0.149351,0.149015,0.149229,131913.64502234
1772953200,2026-03-08 07:00:00,0.149226,0.150255,0.149192,0.150106,159868.6930786
1772954100,2026-03-08 07:15:00,0.150105,0.1503,0.149856,0.150008,110597.66965818
1772955000,2026-03-08 07:30:00,0.149996,0.15018,0.149889,0.150059,132045.51142471
1772955900,2026-03-08 07:45:00,0.150052,0.150132,0.149855,0.14996,74193.47949756
1772956800,2026-03-08 08:00:00,0.149958,0.15001,0.14943,0.14943,164548.92315873
1772957700,2026-03-08 08:15:00,0.149459,0.149459,0.1492,0.149254,56089.39265853
1772958600,2026-03-08 08:30:00,0.14925,0.149925,0.149089,0.149925,114676.64815516
1772959500,2026-03-08 08:45:00,0.149839,0.150076,0.149839,0.149962,51807.95001974
1772960400,2026-03-08 09:00:00,0.14994,0.150671,0.149806,0.150561,140581.44431624
1772961300,2026-03-08 09:15:00,0.15056,0.151173,0.150555,0.150979,86418.22357907
1772962200,2026-03-08 09:30:00,0.15096,0.151143,0.150864,0.150929,95960.31056926
1772963100,2026-03-08 09:45:00,0.150926,0.151158,0.150773,0.150773,114012.43742413
1772964000,2026-03-08 10:00:00,0.150757,0.151264,0.150739,0.151164,79170.66226267
1772964900,2026-03-08 10:15:00,0.15116,0.152269,0.15115,0.151657,1031301.99998589
1772965800,2026-03-08 10:30:00,0.151641,0.15181,0.151365,0.151601,129403.17930982
1772966700,2026-03-08 10:45:00,0.151539,0.151539,0.151343,0.151504,100758.79084145
1772967600,2026-03-08 11:00:00,0.151488,0.151488,0.150144,0.150365,79577.93122142
1772968500,2026-03-08 11:15:00,0.15038,0.150778,0.15038,0.15062,107164.40855798
1772969400,2026-03-08 11:30:00,0.15062,0.150909,0.149866,0.149923,139596.0751026
1772970300,2026-03-08 11:45:00,0.14995,0.150229,0.149855,0.15012,172486.50686464
1772971200,2026-03-08 12:00:00,0.150106,0.150471,0.148895,0.149094,418765.99583679
1772972100,2026-03-08 12:15:00,0.149077,0.150742,0.148722,0.1507,541149.13059644
1772973000,2026-03-08 12:30:00,0.150726,0.15075,0.150228,0.150239,146812.02261212
1772973900,2026-03-08 12:45:00,0.15022,0.15022,0.149791,0.149962,150990.32034055
1772974800,2026-03-08 13:00:00,0.14996,0.150158,0.148857,0.148995,308780.72658572
1772975700,2026-03-08 13:15:00,0.148992,0.149585,0.148528,0.149399,431178.24176648
1772976600,2026-03-08 13:30:00,0.14935,0.14935,0.148662,0.149184,132034.93200742
1772977500,2026-03-08 13:45:00,0.149118,0.149669,0.149118,0.149378,358434.81377215
1772978400,2026-03-08 14:00:00,0.149369,0.149703,0.149186,0.149437,129868.01865089
1772979300,2026-03-08 14:15:00,0.149476,0.149785,0.14902,0.149078,356529.00162827
1772980200,2026-03-08 14:30:00,0.149078,0.14964,0.148909,0.149061,153087.29223841
1772981100,2026-03-08 14:45:00,0.149065,0.14952,0.148929,0.149484,124327.95343364
1772982000,2026-03-08 15:00:00,0.149455,0.149499,0.149,0.14924,139194.85874475
1772982900,2026-03-08 15:15:00,0.14918,0.149235,0.148681,0.148813,137833.70872219
1772983800,2026-03-08 15:30:00,0.14876,0.148896,0.14863,0.14876,96721.19402875
1772984700,2026-03-08 15:45:00,0.14874,0.14908,0.14858,0.148952,131774.02397065
1772985600,2026-03-08 16:00:00,0.148953,0.14896,0.148553,0.148567,107920.48876381
1772986500,2026-03-08 16:15:00,0.14854,0.148646,0.148329,0.148406,404468.70399239
1772987400,2026-03-08 16:30:00,0.148409,0.148467,0.14788,0.1484,338969.10238217
1772988300,2026-03-08 16:45:00,0.148388,0.148388,0.14794,0.14808,205434.77664797
1772989200,2026-03-08 17:00:00,0.148097,0.14892,0.148044,0.148702,174966.39702756
1772990100,2026-03-08 17:15:00,0.14871,0.14884,0.148426,0.148492,158824.43285956
1772991000,2026-03-08 17:30:00,0.148496,0.148652,0.14832,0.148485,89311.00726167
1772991900,2026-03-08 17:45:00,0.148449,0.148661,0.148349,0.148661,134014.16890118
1772992800,2026-03-08 18:00:00,0.148666,0.148764,0.148252,0.14828,111928.1052758
1772993700,2026-03-08 18:15:00,0.1483,0.148499,0.147899,0.148405,131051.15912966
1772994600,2026-03-08 18:30:00,0.148395,0.148675,0.1483,0.148378,105318.59544051
1772995500,2026-03-08 18:45:00,0.148324,0.148701,0.148267,0.1486,146770.09465222
1772996400,2026-03-08 19:00:00,0.14863,0.149584,0.148461,0.149378,246652.37767368
1772997300,2026-03-08 19:15:00,0.1494,0.150529,0.14932,0.15021,354188.11252246
1772998200,2026-03-08 19:30:00,0.150228,0.15039,0.15,0.15034,244385.80193563
1772999100,2026-03-08 19:45:00,0.150295,0.15052,0.149764,0.14998,168293.05607626
1773000000,2026-03-08 20:00:00,0.14998,0.15002,0.14948,0.14948,243982.1306539
1773000900,2026-03-08 20:15:00,0.14946,0.149949,0.149375,0.14948,123513.35872029
1773001800,2026-03-08 20:30:00,0.14946,0.150924,0.14944,0.150261,286812.26972618
1773002700,2026-03-08 20:45:00,0.150241,0.150328,0.149621,0.1497,242698.44946017
1773003600,2026-03-08 21:00:00,0.14972,0.14998,0.148547,0.148751,310060.30635543
1773004500,2026-03-08 21:15:00,0.14875,0.1494,0.148716,0.149316,108900.95251565
1773005400,2026-03-08 21:30:00,0.149232,0.149481,0.149118,0.149321,83871.96212299
1773006300,2026-03-08 21:45:00,0.14934,0.14945,0.14915,0.149283,80032.89678794
1773007200,2026-03-08 22:00:00,0.149256,0.149256,0.146781,0.147905,2259681.01422544
1773008100,2026-03-08 22:15:00,0.147889,0.148605,0.146981,0.148296,638558.71159347
1773009000,2026-03-08 22:30:00,0.148283,0.14952,0.14788,0.148916,600575.57266542
1773009900,2026-03-08 22:45:00,0.14892,0.14952,0.148888,0.149184,451283.18419664
1773010800,2026-03-08 23:00:00,0.149208,0.149784,0.14786,0.14908,1740649.94190622
1773011700,2026-03-08 23:15:00,0.14911,0.149652,0.14892,0.149482,293741.59177998
1773012600,2026-03-08 23:30:00,0.149496,0.14957,0.148335,0.14844,1105667.11483889
1773013500,2026-03-08 23:45:00,0.148416,0.148799,0.148053,0.148136,648459.90911536
1773014400,2026-03-09 00:00:00,0.148146,0.149524,0.148054,0.149415,336215.21747776
1773015300,2026-03-09 00:15:00,0.14944,0.149549,0.148422,0.149323,235658.55029254
1773016200,2026-03-09 00:30:00,0.14938,0.150742,0.149147,0.149553,1313739.08461218
1773017100,2026-03-09 00:45:00,0.149582,0.149853,0.149146,0.14924,263055.79137108
1773018000,2026-03-09 01:00:00,0.149215,0.149349,0.148596,0.148902,307519.657121
1773018900,2026-03-09 01:15:00,0.14891,0.149872,0.148844,0.14939,251198.55846558
1773019800,2026-03-09 01:30:00,0.14939,0.150021,0.148974,0.149714,337847.60112753
1773020700,2026-03-09 01:45:00,0.14969,0.149814,0.148451,0.148451,132307.55704538
1773021600,2026-03-09 02:00:00,0.148434,0.149031,0.148058,0.14854,174430.12567871
1773022500,2026-03-09 02:15:00,0.14848,0.148551,0.148016,0.148379,173670.79624068
1773023400,2026-03-09 02:30:00,0.148364,0.14978,0.14822,0.149749,257961.27704114
1773024300,2026-03-09 02:45:00,0.149712,0.150018,0.149304,0.149304,337750.79328462
1773025200,2026-03-09 03:00:00,0.14928,0.151665,0.14918,0.151488,1330152.50854509
1773026100,2026-03-09 03:15:00,0.15151,0.151749,0.149948,0.150281,400590.36970422
1773027000,2026-03-09 03:30:00,0.150312,0.150624,0.150105,0.15015,127390.28433293
1773027900,2026-03-09 03:45:00,0.150121,0.1506,0.14994,0.150407,197317.79889783
1773028800,2026-03-09 04:00:00,0.150432,0.150767,0.150353,0.15054,216320.74915742
1773029700,2026-03-09 04:15:00,0.150576,0.151498,0.150457,0.151384,221182.61358574
1773030600,2026-03-09 04:30:00,0.151343,0.15141,0.151075,0.151306,140284.71515273
1773031500,2026-03-09 04:45:00,0.151297,0.151392,0.15033,0.15033,136331.74532009
1773032400,2026-03-09 05:00:00,0.15038,0.150577,0.150329,0.150527,174173.97301504
1773033300,2026-03-09 05:15:00,0.15049,0.151271,0.149418,0.14988,1398404.75159331
1773034200,2026-03-09 05:30:00,0.149904,0.151521,0.149712,0.15108,860217.05303835
1773035100,2026-03-09 05:45:00,0.151113,0.151848,0.150942,0.151488,420665.32659438
1773036000,2026-03-09 06:00:00,0.151512,0.151585,0.15108,0.151181,200331.44606794
1773036900,2026-03-09 06:15:00,0.151152,0.151367,0.150721,0.150768,146334.29997538
1773037800,2026-03-09 06:30:00,0.150784,0.15096,0.149952,0.150063,116540.47032145
1773038700,2026-03-09 06:45:00,0.15,0.150269,0.149673,0.14971,110176.5367551
1773039600,2026-03-09 07:00:00,0.14976,0.149784,0.14884,0.148848,168323.56938402
1773040500,2026-03-09 07:15:00,0.148832,0.149248,0.14808,0.149005,185820.60322828
1773041400,2026-03-09 07:30:00,0.14902,0.149398,0.148903,0.149073,207942.34406602
1773042300,2026-03-09 07:45:00,0.149107,0.149328,0.148938,0.149148,52353.57482971
1773043200,2026-03-09 08:00:00,0.149144,0.149291,0.148897,0.149041,150663.52491983
1773044100,2026-03-09 08:15:00,0.149022,0.149889,0.148597,0.149719,203022.306284
1773045000,2026-03-09 08:30:00,0.149702,0.149923,0.148988,0.149209,195044.26359947
1773045900,2026-03-09 08:45:00,0.149121,0.149532,0.149037,0.14925,119978.11016594
1773046800,2026-03-09 09:00:00,0.149277,0.149367,0.148495,0.149345,206291.46131911
1773047700,2026-03-09 09:15:00,0.149311,0.149713,0.149269,0.14948,140610.01832335
1773048600,2026-03-09 09:30:00,0.149472,0.150808,0.149298,0.150586,345075.6415543
1773049500,2026-03-09 09:45:00,0.15059,0.150654,0.149532,0.149699,203214.9029003
1773050400,2026-03-09 10:00:00,0.149719,0.15006,0.149549,0.14989,134366.48930692
1773051300,2026-03-09 10:15:00,0.149682,0.14987,0.149449,0.149449,110521.00082812
1773052200,2026-03-09 10:30:00,0.149319,0.149567,0.148852,0.14904,177775.72867445
1773053100,2026-03-09 10:45:00,0.149006,0.14905,0.148738,0.148893,127388.48953216
1773054000,2026-03-09 11:00:00,0.14897,0.149182,0.14881,0.149029,77033.58911291
1773054900,2026-03-09 11:15:00,0.149039,0.149039,0.148278,0.148763,207117.57245696
1773055800,2026-03-09 11:30:00,0.14876,0.14938,0.14872,0.14927,131491.53608546
1773056700,2026-03-09 11:45:00,0.149265,0.149644,0.149134,0.14941,154406.06215732
1773057600,2026-03-09 12:00:00,0.149424,0.14993,0.149352,0.14993,146384.93034754
1773058500,2026-03-09 12:15:00,0.14995,0.150462,0.149886,0.15046,145695.53850495
1773059400,2026-03-09 12:30:00,0.15046,0.150832,0.150114,0.15044,853939.88303465
1773060300,2026-03-09 12:45:00,0.150397,0.15046,0.15004,0.150177,242209.31895726
1773061200,2026-03-09 13:00:00,0.150172,0.151224,0.150106,0.151102,341203.18581264
1773062100,2026-03-09 13:15:00,0.151074,0.1518,0.150416,0.15156,277206.90627429
1773063000,2026-03-09 13:30:00,0.151568,0.152412,0.151206,0.152257,1671656.12769
1773063900,2026-03-09 13:45:00,0.152261,0.152495,0.151413,0.15199,575023.58419293
1773064800,2026-03-09 14:00:00,0.151976,0.152438,0.151276,0.151607,331939.55417032
1773065700,2026-03-09 14:15:00,0.15169,0.15287,0.151602,0.152107,691531.6289439
1773066600,2026-03-09 14:30:00,0.152143,0.152628,0.151885,0.152396,572821.33148233
1773067500,2026-03-09 14:45:00,0.152294,0.152341,0.151814,0.151964,277605.67219312
1773068400,2026-03-09 15:00:00,0.151996,0.15223,0.151328,0.151866,333563.4695563
1773069300,2026-03-09 15:15:00,0.151892,0.152152,0.151492,0.15168,234772.51033453
1773070200,2026-03-09 15:30:00,0.15168,0.151892,0.150801,0.151217,219794.51088238
1773071100,2026-03-09 15:45:00,0.15118,0.15158,0.15,0.150242,3650162.39635299
1773072000,2026-03-09 16:00:00,0.150306,0.15132,0.150306,0.15081,259299.74089261
1773072900,2026-03-09 16:15:00,0.15081,0.151411,0.150559,0.15105,268904.09925144
1773073800,2026-03-09 16:30:00,0.151082,0.151136,0.150228,0.1508,265183.07477073
1773074700,2026-03-09 16:45:00,0.150824,0.15162,0.150502,0.151132,686232.81833236
1773075600,2026-03-09 17:00:00,0.151078,0.151606,0.151008,0.151372,290340.22460138
1773076500,2026-03-09 17:15:00,0.151398,0.151653,0.151012,0.15115,388801.1055295
1773077400,2026-03-09 17:30:00,0.151142,0.151547,0.150566,0.150871,415318.87771055
1773078300,2026-03-09 17:45:00,0.150883,0.151502,0.150753,0.151271,480173.52673263
1773079200,2026-03-09 18:00:00,0.151268,0.151293,0.150422,0.150678,229667.48210573
1773080100,2026-03-09 18:15:00,0.15067,0.151502,0.150606,0.151216,135424.41074624
1773081000,2026-03-09 18:30:00,0.151242,0.151887,0.15119,0.151248,435049.42390098
1773081900,2026-03-09 18:45:00,0.15129,0.151378,0.150748,0.15096,210220.66910373
1773082800,2026-03-09 19:00:00,0.150982,0.151189,0.150509,0.150579,127932.63496992
1773083700,2026-03-09 19:15:00,0.150555,0.153711,0.150555,0.153638,568468.48495824
1773084600,2026-03-09 19:30:00,0.15371,0.15412,0.152074,0.15236,452364.19817546
1773085500,2026-03-09 19:45:00,0.152334,0.152386,0.151762,0.152204,257114.2293575
1773086400,2026-03-09 20:00:00,0.152206,0.152515,0.152022,0.15231,315455.94351627
1773087300,2026-03-09 20:15:00,0.15236,0.152412,0.151938,0.152124,180573.02732685
1773088200,2026-03-09 20:30:00,0.152174,0.152201,0.151633,0.152041,243514.07924528
1773089100,2026-03-09 20:45:00,0.152039,0.152577,0.151658,0.152309,199441.44379376
1773090000,2026-03-09 21:00:00,0.152309,0.153062,0.152289,0.152835,345629.06046629
1773090900,2026-03-09 21:15:00,0.15286,0.15287,0.152204,0.152344,123560.99005467
1773091800,2026-03-09 21:30:00,0.152334,0.152712,0.152115,0.152586,182563.61749276
1773092700,2026-03-09 21:45:00,0.15259,0.152783,0.152464,0.152691,98947.10593579
1773093600,2026-03-09 22:00:00,0.152724,0.15285,0.151793,0.152126,234977.99753117
1773094500,2026-03-09 22:15:00,0.152152,0.152174,0.151701,0.151982,84232.25733225
1773095400,2026-03-09 22:30:00,0.15202,0.15205,0.151008,0.15129,253709.6225561
1773096300,2026-03-09 22:45:00,0.151276,0.151475,0.15083,0.150979,342131.70180508
1773097200,2026-03-09 23:00:00,0.150956,0.151233,0.150701,0.151186,205744.44128863
1773098100,2026-03-09 23:15:00,0.15113,0.15113,0.150686,0.150746,202011.28285241
1773099000,2026-03-09 23:30:00,0.150746,0.151,0.15071,0.150909,183902.67456771
1773099900,2026-03-09 23:45:00,0.150852,0.150871,0.150513,0.15075,343886.62354038
1773100800,2026-03-10 00:00:00,0.150748,0.15093,0.15054,0.150573,364139.79881256
1773101700,2026-03-10 00:15:00,0.15057,0.152102,0.150521,0.15205,427428.38989043
1773102600,2026-03-10 00:30:00,0.152049,0.152641,0.151795,0.152325,363196.13371329
1773103500,2026-03-10 00:45:00,0.152326,0.152597,0.151846,0.151846,235914.53389477
1773104400,2026-03-10 01:00:00,0.151841,0.152281,0.151788,0.152256,188741.72687634
1773105300,2026-03-10 01:15:00,0.152274,0.152308,0.151624,0.151793,193801.86772771
1773106200,2026-03-10 01:30:00,0.15179,0.15202,0.151233,0.151439,107759.64639451
1773107100,2026-03-10 01:45:00,0.151395,0.152464,0.151338,0.15219,191952.89230127
1773108000,2026-03-10 02:00:00,0.152235,0.152386,0.151892,0.152304,182922.78791154
1773108900,2026-03-10 02:15:00,0.15227,0.152726,0.152178,0.152726,153385.01077242
1773109800,2026-03-10 02:30:00,0.15275,0.157883,0.15275,0.154362,3823789.75868714
1773110700,2026-03-10 02:45:00,0.154345,0.154715,0.153813,0.154125,997474.17501173
1773111600,2026-03-10 03:00:00,0.154114,0.154569,0.154094,0.154455,768726.65807039
1773112500,2026-03-10 03:15:00,0.154456,0.154518,0.15413,0.154232,583653.71122165
1773113400,2026-03-10 03:30:00,0.15425,0.154388,0.15405,0.15405,723096.40789071
1773114300,2026-03-10 03:45:00,0.15404,0.154136,0.153426,0.15347,208092.48479645
1773115200,2026-03-10 04:00:00,0.15347,0.154176,0.153454,0.153982,259059.52779109
1773116100,2026-03-10 04:15:00,0.153972,0.154491,0.15383,0.154155,508175.95793511
1773117000,2026-03-10 04:30:00,0.154232,0.15483,0.154155,0.154525,387337.85305718
1773117900,2026-03-10 04:45:00,0.154568,0.154724,0.15415,0.154532,201257.02488602
1773118800,2026-03-10 05:00:00,0.15454,0.155367,0.154453,0.15492,346279.25600864
1773119700,2026-03-10 05:15:00,0.154966,0.155592,0.154892,0.155168,231910.86918826
1773120600,2026-03-10 05:30:00,0.155142,0.155285,0.154336,0.154629,234054.11682708
1773121500,2026-03-10 05:45:00,0.154623,0.154882,0.154623,0.154878,64197.95719832
1773122400,2026-03-10 06:00:00,0.15488,0.155454,0.15488,0.155039,274946.30466519
1773123300,2026-03-10 06:15:00,0.155038,0.155079,0.154466,0.154882,158874.47122537
1773124200,2026-03-10 06:30:00,0.154856,0.155082,0.154799,0.15503,380994.76087148
1773125100,2026-03-10 06:45:00,0.155013,0.155688,0.15488,0.155376,160558.36935994
1773126000,2026-03-10 07:00:00,0.155351,0.156084,0.155141,0.15548,338604.86194425
1773126900,2026-03-10 07:15:00,0.155454,0.15612,0.155324,0.15592,182115.94642233
1773127800,2026-03-10 07:30:00,0.15587,0.155965,0.155632,0.155796,153614.57586862
1773128700,2026-03-10 07:45:00,0.155714,0.156308,0.155558,0.156308,233955.73379122
1773129600,2026-03-10 08:00:00,0.156312,0.157534,0.156026,0.157485,1324091.00969576
1773130500,2026-03-10 08:15:00,0.157477,0.15758,0.156546,0.156966,196975.99080927
1773131400,2026-03-10 08:30:00,0.156988,0.158582,0.156988,0.158392,622922.17925319
1773132300,2026-03-10 08:45:00,0.158366,0.158392,0.15782,0.1583,202487.68154968
1773133200,2026-03-10 09:00:00,0.158338,0.159961,0.158259,0.159744,1062161.92869001
1773134100,2026-03-10 09:15:00,0.159692,0.161,0.159461,0.160644,3026341.77549635
1773135000,2026-03-10 09:30:00,0.160644,0.161,0.160324,0.16096,1462476.30387487
1773135900,2026-03-10 09:45:00,0.16096,0.161778,0.160819,0.161632,559135.57566834
1773136800,2026-03-10 10:00:00,0.161577,0.162217,0.161119,0.161468,608685.28241324
1773137700,2026-03-10 10:15:00,0.161456,0.161526,0.160987,0.161024,301436.00888696
1773138600,2026-03-10 10:30:00,0.160988,0.161669,0.160581,0.160787,625093.44897799
1773139500,2026-03-10 10:45:00,0.160732,0.161965,0.160699,0.161806,656678.3701013
1773140400,2026-03-10 11:00:00,0.16181,0.161939,0.160628,0.161369,454984.14274878
1773141300,2026-03-10 11:15:00,0.161296,0.162381,0.161186,0.162112,653336.93013407
1773142200,2026-03-10 11:30:00,0.162119,0.162219,0.160777,0.1608,439301.7381981
1773143100,2026-03-10 11:45:00,0.160776,0.160992,0.160392,0.160619,556348.18904555
1773144000,2026-03-10 12:00:00,0.160586,0.161031,0.16031,0.160495,481225.43732104
1773144900,2026-03-10 12:15:00,0.160536,0.160739,0.159882,0.160008,475877.22416724
1773145800,2026-03-10 12:30:00,0.16001,0.160824,0.15984,0.16065,322974.3382181
1773146700,2026-03-10 12:45:00,0.160664,0.160936,0.160325,0.16078,229978.00054997
1773147600,2026-03-10 13:00:00,0.16081,0.161615,0.160678,0.1615,1222479.16752136
1773148500,2026-03-10 13:15:00,0.161503,0.16212,0.161304,0.162072,1026297.35133311
1773149400,2026-03-10 13:30:00,0.16207,0.162096,0.159659,0.160252,1154553.51785979
1773150300,2026-03-10 13:45:00,0.160176,0.16141,0.160069,0.160726,481528.9675654
1773151200,2026-03-10 14:00:00,0.160608,0.160995,0.15913,0.159485,482468.52508495
1773152100,2026-03-10 14:15:00,0.15946,0.160608,0.158892,0.160344,605407.15017869
1773153000,2026-03-10 14:30:00,0.16032,0.163978,0.160296,0.1638,1049445.6696071
1773153900,2026-03-10 14:45:00,0.163704,0.167041,0.16368,0.16697,4285101.9728719
1773154800,2026-03-10 15:00:00,0.167016,0.167855,0.166008,0.166485,1382126.76814854
1773155700,2026-03-10 15:15:00,0.166464,0.166495,0.164674,0.16548,1148750.08842548
1773156600,2026-03-10 15:30:00,0.165456,0.165841,0.164089,0.164748,939006.28316162
1773157500,2026-03-10 15:45:00,0.164736,0.165639,0.164344,0.165596,765620.92945489
1773158400,2026-03-10 16:00:00,0.1656,0.166365,0.164507,0.165618,659821.87254088
1773159300,2026-03-10 16:15:00,0.1656,0.167408,0.1656,0.166998,1026855.02748304
1773160200,2026-03-10 16:30:00,0.166928,0.167176,0.165962,0.166528,622606.24695729
1773161100,2026-03-10 16:45:00,0.166545,0.166618,0.165719,0.166172,498859.16383753
1773162000,2026-03-10 17:00:00,0.166199,0.166554,0.165658,0.16593,585519.7093324
1773162900,2026-03-10 17:15:00,0.165938,0.165961,0.16391,0.164319,883815.75114018
1773163800,2026-03-10 17:30:00,0.164232,0.164304,0.1625,0.162922,463960.50465481
1773164700,2026-03-10 17:45:00,0.16292,0.163464,0.162542,0.162976,386742.72747021
1773165600,2026-03-10 18:00:00,0.162999,0.163015,0.160872,0.160995,1428495.79218452
1773166500,2026-03-10 18:15:00,0.160883,0.161616,0.160362,0.161195,1031427.45418979
1773167400,2026-03-10 18:30:00,0.161157,0.161232,0.160281,0.160875,1401130.643034
1773168300,2026-03-10 18:45:00,0.160776,0.161352,0.160585,0.16094,442447.63014712
1773169200,2026-03-10 19:00:00,0.16097,0.161472,0.160467,0.160944,602118.55592597
1773170100,2026-03-10 19:15:00,0.160994,0.161184,0.160354,0.1605,982807.74470125
1773171000,2026-03-10 19:30:00,0.1605,0.161184,0.160336,0.160561,1173436.8281924
1773171900,2026-03-10 19:45:00,0.16058,0.160684,0.160303,0.160584,768269.26601589
1773172800,2026-03-10 20:00:00,0.16056,0.161376,0.1605,0.160904,262042.42911823
1773173700,2026-03-10 20:15:00,0.160752,0.1614,0.160632,0.161304,358408.16881639
1773174600,2026-03-10 20:30:00,0.161329,0.161375,0.160783,0.161087,181236.11769323
1773175500,2026-03-10 20:45:00,0.160992,0.161092,0.160754,0.16106,419813.60219906
1773176400,2026-03-10 21:00:00,0.160992,0.161897,0.160992,0.16148,800110.64629155
1773177300,2026-03-10 21:15:00,0.16148,0.16169,0.156962,0.16028,4388789.20512447
1773178200,2026-03-10 21:30:00,0.160356,0.160384,0.159351,0.159508,227883.11635315
1773179100,2026-03-10 21:45:00,0.159432,0.159766,0.158792,0.159554,374684.48542025
1773180000,2026-03-10 22:00:00,0.15956,0.15996,0.159062,0.159081,304921.09438857
1773180900,2026-03-10 22:15:00,0.15908,0.1598,0.15878,0.15933,386930.07933335
1773181800,2026-03-10 22:30:00,0.15926,0.159301,0.1589,0.15916,286165.05924987
1773182700,2026-03-10 22:45:00,0.159224,0.15926,0.158904,0.159018,209504.50466164
1773183600,2026-03-10 23:00:00,0.15898,0.159286,0.15868,0.158937,371733.35133443
1773184500,2026-03-10 23:15:00,0.158934,0.15912,0.158846,0.158945,194105.50852348
1773185400,2026-03-10 23:30:00,0.158968,0.159196,0.15886,0.159079,364369.99976989
1773186300,2026-03-10 23:45:00,0.15902,0.15902,0.15832,0.158539,331914.31415079
1773187200,2026-03-11 00:00:00,0.15853,0.15894,0.158316,0.158773,806974.1944463
1773188100,2026-03-11 00:15:00,0.15878,0.158804,0.158392,0.158567,308284.62320279
1773189000,2026-03-11 00:30:00,0.158536,0.158615,0.158083,0.158213,320782.27573079
1773189900,2026-03-11 00:45:00,0.15822,0.15926,0.15822,0.15884,169138.22472684
1773190800,2026-03-11 01:00:00,0.15888,0.158888,0.15828,0.158289,236918.64312903
1773191700,2026-03-11 01:15:00,0.158326,0.158326,0.1577,0.158171,263465.40211095
1773192600,2026-03-11 01:30:00,0.158163,0.158163,0.157434,0.157699,262788.08176686
1773193500,2026-03-11 01:45:00,0.157699,0.158068,0.15766,0.157809,260269.16934166
1773194400,2026-03-11 02:00:00,0.157807,0.15781,0.15718,0.157184,158690.49920689
1773195300,2026-03-11 02:15:00,0.1572,0.157377,0.15698,0.15708,279993.64439879
1773196200,2026-03-11 02:30:00,0.15704,0.15708,0.15646,0.156633,585765.62492077
1773197100,2026-03-11 02:45:00,0.156605,0.1568,0.156319,0.156783,698990.36497922
1773198000,2026-03-11 03:00:00,0.15674,0.157161,0.15664,0.156706,250112.80408269
1773198900,2026-03-11 03:15:00,0.156679,0.15668,0.156095,0.156095,658428.00945323
1773199800,2026-03-11 03:30:00,0.1562,0.156302,0.155924,0.155924,297551.79299106
1773200700,2026-03-11 03:45:00,0.15597,0.157028,0.155666,0.156836,1469449.46769515
1773201600,2026-03-11 04:00:00,0.156814,0.156918,0.156531,0.156866,318697.49367092
1773202500,2026-03-11 04:15:00,0.15688,0.157794,0.156608,0.157496,283401.98430662
1773203400,2026-03-11 04:30:00,0.157458,0.15759,0.157252,0.15743,150886.94224219
1773204300,2026-03-11 04:45:00,0.15746,0.158013,0.157357,0.157892,208085.20581965
1773205200,2026-03-11 05:00:00,0.15789,0.157987,0.157465,0.157691,163341.8409417
1773206100,2026-03-11 05:15:00,0.157627,0.157627,0.15708,0.157175,85709.26343676
1773207000,2026-03-11 05:30:00,0.157167,0.157167,0.155941,0.156333,661684.72107339
1773207900,2026-03-11 05:45:00,0.156315,0.156397,0.15612,0.15624,94026.82825408
1773208800,2026-03-11 06:00:00,0.156192,0.156408,0.155952,0.156255,211885.33825262
1773209700,2026-03-11 06:15:00,0.156231,0.156805,0.156002,0.15622,344599.17825143
1773210600,2026-03-11 06:30:00,0.15622,0.15679,0.156168,0.156479,134854.89761596
1773211500,2026-03-11 06:45:00,0.156456,0.156815,0.156004,0.156432,195988.41044367
1773212400,2026-03-11 07:00:00,0.156408,0.156725,0.156312,0.15667,93195.96340455
1773213300,2026-03-11 07:15:00,0.156646,0.156666,0.156241,0.156248,76155.02637544
1773214200,2026-03-11 07:30:00,0.15624,0.15624,0.155516,0.155776,594189.3959554
1773215100,2026-03-11 07:45:00,0.155787,0.156362,0.155718,0.15615,335677.04875898
1773216000,2026-03-11 08:00:00,0.156168,0.1567,0.156168,0.156365,107431.69900632
1773216900,2026-03-11 08:15:00,0.156341,0.15658,0.156242,0.1563,109256.42753076
1773217800,2026-03-11 08:30:00,0.1563,0.156791,0.156242,0.156489,172892.7247996
1773218700,2026-03-11 08:45:00,0.15648,0.157446,0.156384,0.156914,1042832.33378383
1773219600,2026-03-11 09:00:00,0.156864,0.157008,0.156529,0.156671,221862.06674263
1773220500,2026-03-11 09:15:00,0.156669,0.156669,0.156143,0.156237,317136.4901606
1773221400,2026-03-11 09:30:00,0.156288,0.156528,0.155928,0.156132,270095.52502937
1773222300,2026-03-11 09:45:00,0.156128,0.156421,0.15564,0.155832,178827.51552115
1773223200,2026-03-11 10:00:00,0.15585,0.156288,0.15568,0.156288,186657.71546479
1773224100,2026-03-11 10:15:00,0.156257,0.156481,0.15612,0.156307,108859.46281823
1773225000,2026-03-11 10:30:00,0.156312,0.156984,0.156264,0.156936,118793.7909773
1773225900,2026-03-11 10:45:00,0.15695,0.157032,0.156667,0.156816,110065.19021644
1773226800,2026-03-11 11:00:00,0.15685,0.157176,0.156648,0.157152,142156.98296887
1773227700,2026-03-11 11:15:00,0.157176,0.15732,0.156777,0.15708,118716.71224043
1773228600,2026-03-11 11:30:00,0.15708,0.157427,0.15708,0.15741,142639.34015264
1773229500,2026-03-11 11:45:00,0.157379,0.157703,0.157224,0.157408,1096159.16614588
1773230400,2026-03-11 12:00:00,0.157368,0.157488,0.156726,0.157432,342447.2906659
1773231300,2026-03-11 12:15:00,0.15747,0.158576,0.15747,0.158448,442567.86856292
1773232200,2026-03-11 12:30:00,0.15848,0.159344,0.157776,0.15797,998446.26207574
1773233100,2026-03-11 12:45:00,0.15792,0.15828,0.157776,0.158247,167510.16308998
1773234000,2026-03-11 13:00:00,0.158246,0.15975,0.158164,0.15957,283681.52411821
1773234900,2026-03-11 13:15:00,0.159521,0.160646,0.15933,0.160474,274932.71660729
1773235800,2026-03-11 13:30:00,0.16046,0.162225,0.160392,0.161013,788982.79269109
1773236700,2026-03-11 13:45:00,0.16096,0.16128,0.159503,0.16035,498546.60380838
1773237600,2026-03-11 14:00:00,0.16038,0.16152,0.15966,0.160199,444457.85575855
1773238500,2026-03-11 14:15:00,0.1602,0.161102,0.15981,0.1608,712733.43924649
1773239400,2026-03-11 14:30:00,0.160761,0.161592,0.160192,0.161136,1030806.89495125
1773240300,2026-03-11 14:45:00,0.161145,0.16149,0.16005,0.16023,323653.12089268
1773241200,2026-03-11 15:00:00,0.16026,0.16032,0.158457,0.158714,347021.93451444
1773242100,2026-03-11 15:15:00,0.158741,0.159999,0.15855,0.15966,503758.17886307
1773243000,2026-03-11 15:30:00,0.15963,0.16041,0.158125,0.159891,810440.55386701
1773243900,2026-03-11 15:45:00,0.15989,0.16062,0.15899,0.159338,1995961.18364743
1773244800,2026-03-11 16:00:00,0.15935,0.159883,0.158486,0.159072,522379.82274486
1773245700,2026-03-11 16:15:00,0.159072,0.159359,0.158335,0.15879,644953.14156446
1773246600,2026-03-11 16:30:00,0.158752,0.16035,0.158586,0.16035,1063716.63862913
1773247500,2026-03-11 16:45:00,0.160376,0.160486,0.159806,0.160199,316823.34804545
1773248400,2026-03-11 17:00:00,0.1602,0.161169,0.160098,0.16047,531401.70687268
1773249300,2026-03-11 17:15:00,0.160457,0.161255,0.160384,0.160604,427035.63529454
1773250200,2026-03-11 17:30:00,0.16061,0.160706,0.159124,0.1603,320138.05918406
1773251100,2026-03-11 17:45:00,0.160272,0.160589,0.159506,0.1602,314378.7751705
1773252000,2026-03-11 18:00:00,0.160171,0.16047,0.159646,0.160008,200834.12173196
1773252900,2026-03-11 18:15:00,0.15998,0.1605,0.159821,0.160148,182305.59742533
1773253800,2026-03-11 18:30:00,0.160062,0.160391,0.159733,0.160009,232240.30989856
1773254700,2026-03-11 18:45:00,0.159989,0.160976,0.159798,0.160749,155428.17654115
1773255600,2026-03-11 19:00:00,0.1608,0.161035,0.160155,0.160326,281578.49339289
1773256500,2026-03-11 19:15:00,0.160267,0.160381,0.160063,0.160123,82596.06735016
1773257400,2026-03-11 19:30:00,0.160122,0.160423,0.159816,0.160083,235725.36472782
1773258300,2026-03-11 19:45:00,0.159963,0.160255,0.159697,0.16002,215579.28592656
1773259200,2026-03-11 20:00:00,0.159909,0.160093,0.159498,0.159774,144863.30278685
1773260100,2026-03-11 20:15:00,0.159769,0.159985,0.159592,0.159647,189988.48061701
1773261000,2026-03-11 20:30:00,0.159647,0.15988,0.15948,0.15969,101152.66602836
1773261900,2026-03-11 20:45:00,0.15972,0.16035,0.159585,0.160306,205208.96821464
1773262800,2026-03-11 21:00:00,0.160302,0.160583,0.160048,0.160169,236741.4032973
1773263700,2026-03-11 21:15:00,0.160166,0.16044,0.160166,0.1603,105910.74132532
1773264600,2026-03-11 21:30:00,0.1603,0.16065,0.160269,0.16029,175217.64733617
1773265500,2026-03-11 21:45:00,0.160314,0.160797,0.160238,0.16065,152383.84385665
1773266400,2026-03-11 22:00:00,0.160642,0.160799,0.159891,0.16032,96148.56555697
1773267300,2026-03-11 22:15:00,0.160294,0.160328,0.1596,0.15963,354848.7650854
1773268200,2026-03-11 22:30:00,0.15967,0.15969,0.159369,0.159599,197147.7579774
1773269100,2026-03-11 22:45:00,0.159501,0.159947,0.159501,0.15992,455351.0285184
1773270000,2026-03-11 23:00:00,0.15993,0.160276,0.159887,0.159907,123603.57653045
1773270900,2026-03-11 23:15:00,0.159897,0.159942,0.159632,0.159793,223063.10197379
1773271800,2026-03-11 23:30:00,0.159784,0.15984,0.159292,0.159404,245144.09330322
1773272700,2026-03-11 23:45:00,0.159406,0.159436,0.159025,0.15922,178391.71780194
1773273600,2026-03-12 00:00:00,0.15924,0.159599,0.159181,0.159482,194164.35623804
1773274500,2026-03-12 00:15:00,0.159481,0.159521,0.15909,0.15924,142130.29875625
1773275400,2026-03-12 00:30:00,0.15921,0.159553,0.15903,0.159341,90086.0083826
1773276300,2026-03-12 00:45:00,0.159325,0.159473,0.159201,0.159274,447562.7368416
1773277200,2026-03-12 01:00:00,0.15924,0.159304,0.158396,0.158788,219375.32201877
1773278100,2026-03-12 01:15:00,0.15876,0.159203,0.15876,0.15891,199979.75620002
1773279000,2026-03-12 01:30:00,0.15894,0.1592,0.15867,0.15912,115084.77223437
1773279900,2026-03-12 01:45:00,0.15912,0.159178,0.158558,0.15879,176787.72851465
1773280800,2026-03-12 02:00:00,0.15876,0.159049,0.15864,0.158902,133757.47390222
1773281700,2026-03-12 02:15:00,0.158885,0.15897,0.15843,0.158922,215832.39230318
1773282600,2026-03-12 02:30:00,0.158906,0.15942,0.15876,0.159,232854.38267451
1773283500,2026-03-12 02:45:00,0.15897,0.159101,0.157467,0.157558,903194.21719081
1773284400,2026-03-12 03:00:00,0.157558,0.157971,0.15747,0.15774,151414.04751806
1773285300,2026-03-12 03:15:00,0.15774,0.158009,0.157487,0.157487,141479.58743715
1773286200,2026-03-12 03:30:00,0.157486,0.15792,0.157406,0.157851,193498.68062979
1773287100,2026-03-12 03:45:00,0.15774,0.15774,0.15714,0.1575,175962.73837377
1773288000,2026-03-12 04:00:00,0.157475,0.157849,0.157425,0.157639,157926.72010002
1773288900,2026-03-12 04:15:00,0.1576,0.157664,0.156913,0.15693,283234.83057944
1773289800,2026-03-12 04:30:00,0.156923,0.157021,0.156592,0.156684,122281.41566983
1773290700,2026-03-12 04:45:00,0.15669,0.156797,0.156525,0.156633,124748.65752616
1773291600,2026-03-12 05:00:00,0.156601,0.15693,0.15654,0.156541,150870.0327216
1773292500,2026-03-12 05:15:00,0.15651,0.156809,0.15645,0.156571,388710.33173651
1773293400,2026-03-12 05:30:00,0.1566,0.1569,0.1566,0.15674,114055.30668171
1773294300,2026-03-12 05:45:00,0.156706,0.1569,0.156597,0.15678,80292.74573115
1773295200,2026-03-12 06:00:00,0.156751,0.156969,0.1566,0.15685,62123.0612012
1773296100,2026-03-12 06:15:00,0.156864,0.157018,0.156764,0.156968,132009.78615951
1773297000,2026-03-12 06:30:00,0.157014,0.157412,0.156959,0.157392,71443.33725322
1773297900,2026-03-12 06:45:00,0.157381,0.15741,0.157129,0.15732,85221.13557887
1773298800,2026-03-12 07:00:00,0.157318,0.157906,0.157285,0.157797,308524.86726966
1773299700,2026-03-12 07:15:00,0.157788,0.15831,0.157771,0.15828,383647.55871515
1773300600,2026-03-12 07:30:00,0.15827,0.15867,0.15813,0.158432,363574.27996437
1773301500,2026-03-12 07:45:00,0.158429,0.15858,0.158354,0.158461,397390.68276592
1773302400,2026-03-12 08:00:00,0.15846,0.158521,0.15819,0.15833,240617.65487207
1773303300,2026-03-12 08:15:00,0.15833,0.1593,0.15833,0.15909,667132.60675796
1773304200,2026-03-12 08:30:00,0.15909,0.159346,0.158954,0.15933,205370.6323386
1773305100,2026-03-12 08:45:00,0.159351,0.159367,0.15902,0.15902,87381.63038151
1773306000,2026-03-12 09:00:00,0.159002,0.159232,0.158623,0.158759,144932.24103481
1773306900,2026-03-12 09:15:00,0.158703,0.158703,0.15816,0.158413,264327.46678341
1773307800,2026-03-12 09:30:00,0.15846,0.16004,0.15846,0.159809,422132.36907316
1773308700,2026-03-12 09:45:00,0.15993,0.16017,0.158913,0.15957,255676.10565009
1773309600,2026-03-12 10:00:00,0.1596,0.1599,0.159439,0.159612,120624.32955627
1773310500,2026-03-12 10:15:00,0.15962,0.160038,0.15957,0.159806,84944.42009613
1773311400,2026-03-12 10:30:00,0.159809,0.16041,0.159701,0.1602,263933.95907838
1773312300,2026-03-12 10:45:00,0.160152,0.160363,0.159928,0.16002,156430.44884749
1773313200,2026-03-12 11:00:00,0.15999,0.160274,0.1599,0.16008,116197.46571497
1773314100,2026-03-12 11:15:00,0.160104,0.160289,0.159879,0.16023,179333.2584665
1773315000,2026-03-12 11:30:00,0.160172,0.16036,0.160072,0.1602,183886.9147602
1773315900,2026-03-12 11:45:00,0.1602,0.16047,0.15945,0.15975,253242.17353678
1773316800,2026-03-12 12:00:00,0.159742,0.160147,0.15942,0.15996,110494.83296704
1773317700,2026-03-12 12:15:00,0.15993,0.160647,0.159884,0.160631,158155.8125978
1773318600,2026-03-12 12:30:00,0.16063,0.160652,0.160212,0.160351,180769.56430831
1773319500,2026-03-12 12:45:00,0.160383,0.160703,0.160081,0.16017,136945.71431068
1773320400,2026-03-12 13:00:00,0.16017,0.160331,0.16,0.160035,188661.83903456
1773321300,2026-03-12 13:15:00,0.160056,0.16008,0.15897,0.15951,339135.3407562
1773322200,2026-03-12 13:30:00,0.15943,0.16077,0.15915,0.16,775433.56477196
1773323100,2026-03-12 13:45:00,0.15993,0.160051,0.158956,0.15987,368520.34567608
1773324000,2026-03-12 14:00:00,0.1599,0.16065,0.15975,0.16003,164842.82859844
1773324900,2026-03-12 14:15:00,0.16003,0.16071,0.15864,0.15869,579108.26497779
1773325800,2026-03-12 14:30:00,0.158672,0.15877,0.157531,0.15796,226629.31571792
1773326700,2026-03-12 14:45:00,0.157956,0.158666,0.1575,0.157883,427369.77976071
1773327600,2026-03-12 15:00:00,0.157949,0.158338,0.15726,0.157949,261433.18011554
1773328500,2026-03-12 15:15:00,0.15795,0.15894,0.15735,0.15859,191168.79911555
1773329400,2026-03-12 15:30:00,0.15859,0.159267,0.158269,0.15879,198957.92583799
1773330300,2026-03-12 15:45:00,0.158814,0.15918,0.15849,0.158942,668257.13398617
1773331200,2026-03-12 16:00:00,0.15891,0.159547,0.158059,0.1586,363068.77678793
1773332100,2026-03-12 16:15:00,0.1586,0.159896,0.15849,0.158999,464215.19193935
1773333000,2026-03-12 16:30:00,0.159,0.160139,0.15885,0.16001,197719.0769675
1773333900,2026-03-12 16:45:00,0.160057,0.160408,0.15954,0.160151,221718.06536085
1773334800,2026-03-12 17:00:00,0.160184,0.160379,0.15949,0.159619,212949.61138957
1773335700,2026-03-12 17:15:00,0.159588,0.159808,0.159154,0.159317,215350.12149682
1773336600,2026-03-12 17:30:00,0.159289,0.159882,0.159289,0.159626,104257.36285439
1773337500,2026-03-12 17:45:00,0.159592,0.160143,0.159092,0.15962,95431.43214156
1773338400,2026-03-12 18:00:00,0.159615,0.159805,0.159107,0.159539,158935.25960989
1773339300,2026-03-12 18:15:00,0.15958,0.159739,0.158952,0.159114,645141.16848461
1773340200,2026-03-12 18:30:00,0.159098,0.159472,0.15899,0.159216,111506.11199777
1773341100,2026-03-12 18:45:00,0.159185,0.159185,0.158751,0.158839,127631.05986027
1773342000,2026-03-12 19:00:00,0.15884,0.159486,0.158599,0.15901,247327.19188401
1773342900,2026-03-12 19:15:00,0.15904,0.160145,0.15901,0.15992,197034.7114543
1773343800,2026-03-12 19:30:00,0.159899,0.160293,0.159867,0.159867,96825.74612028
1773344700,2026-03-12 19:45:00,0.159836,0.160239,0.159696,0.16007,201762.13852964
1773345600,2026-03-12 20:00:00,0.160022,0.160269,0.159687,0.159807,113645.99927897
1773346500,2026-03-12 20:15:00,0.15981,0.15981,0.159278,0.159278,116073.72522271
1773347400,2026-03-12 20:30:00,0.15928,0.159498,0.159047,0.159341,95956.647342
1773348300,2026-03-12 20:45:00,0.15934,0.159459,0.15912,0.159233,176325.6497399
1773349200,2026-03-12 21:00:00,0.159223,0.160053,0.159223,0.159933,790303.7550971
1773350100,2026-03-12 21:15:00,0.159933,0.159951,0.159532,0.159697,122617.34545133
1773351000,2026-03-12 21:30:00,0.15971,0.159904,0.159496,0.159878,87367.03817371
1773351900,2026-03-12 21:45:00,0.159888,0.16024,0.159811,0.160123,109857.81751266
1773352800,2026-03-12 22:00:00,0.160053,0.160336,0.159898,0.160241,131571.98597965
1773353700,2026-03-12 22:15:00,0.160234,0.160236,0.159557,0.159709,209671.97221757
1773354600,2026-03-12 22:30:00,0.159698,0.159898,0.159434,0.15947,178671.2075786
1773355500,2026-03-12 22:45:00,0.159495,0.15996,0.159248,0.159873,309852.54193744
1773356400,2026-03-12 23:00:00,0.159874,0.161107,0.159864,0.160893,711506.96092833
1773357300,2026-03-12 23:15:00,0.160804,0.161072,0.160306,0.160773,527622.61879449
1773358200,2026-03-12 23:30:00,0.16077,0.16077,0.16026,0.160413,227618.01246535
1773359100,2026-03-12 23:45:00,0.16042,0.160472,0.159954,0.160034,341710.92119104
1773360000,2026-03-13 00:00:00,0.160004,0.160656,0.159583,0.16061,319467.28367302
1773360900,2026-03-13 00:15:00,0.16061,0.166386,0.16061,0.162481,4798217.45961294
1773361800,2026-03-13 00:30:00,0.162485,0.163811,0.161965,0.162016,1568800.95306003
1773362700,2026-03-13 00:45:00,0.16203,0.162162,0.161326,0.162052,518124.98223347
1773363600,2026-03-13 01:00:00,0.162074,0.163,0.162074,0.162615,319341.26863798
1773364500,2026-03-13 01:15:00,0.16264,0.163042,0.16236,0.162556,225211.18895577
1773365400,2026-03-13 01:30:00,0.162536,0.163372,0.162162,0.163174,259619.56653253
1773366300,2026-03-13 01:45:00,0.16317,0.163305,0.162841,0.163019,229581.33744104
1773367200,2026-03-13 02:00:00,0.16297,0.163042,0.162536,0.162735,170145.68347228
1773368100,2026-03-13 02:15:00,0.162799,0.162892,0.162132,0.16218,193910.76235443
1773369000,2026-03-13 02:30:00,0.162206,0.162289,0.161738,0.16181,283602.95076841
1773369900,2026-03-13 02:45:00,0.16181,0.162152,0.161591,0.161977,360521.82194274
1773370800,2026-03-13 03:00:00,0.16199,0.162239,0.161612,0.16203,167214.23787881
1773371700,2026-03-13 03:15:00,0.162008,0.162254,0.161579,0.16166,247190.35268889
1773372600,2026-03-13 03:30:00,0.16166,0.161942,0.161337,0.161568,190739.67300929
1773373500,2026-03-13 03:45:00,0.161552,0.162983,0.161481,0.16284,224120.74368702
1773374400,2026-03-13 04:00:00,0.162839,0.163372,0.162682,0.162985,146727.48538489
1773375300,2026-03-13 04:15:00,0.162913,0.163037,0.162339,0.162555,175087.66908589
1773376200,2026-03-13 04:30:00,0.16252,0.16276,0.162162,0.16276,162550.49480521
1773377100,2026-03-13 04:45:00,0.16276,0.16309,0.16251,0.16293,139490.42293257
1773378000,2026-03-13 05:00:00,0.162932,0.163084,0.162325,0.162563,309389.50570966
1773378900,2026-03-13 05:15:00,0.162558,0.163245,0.162558,0.16296,120381.07665689
1773379800,2026-03-13 05:30:00,0.16297,0.16379,0.162947,0.163527,530959.55249055
1773380700,2026-03-13 05:45:00,0.163526,0.163872,0.16326,0.163676,567276.99338319
1773381600,2026-03-13 06:00:00,0.16371,0.163899,0.163202,0.163224,268796.6476256
1773382500,2026-03-13 06:15:00,0.163223,0.163323,0.162178,0.16224,192952.239683
1773383400,2026-03-13 06:30:00,0.16226,0.16296,0.16214,0.16291,124843.70559801
1773384300,2026-03-13 06:45:00,0.162874,0.162891,0.162516,0.16276,180827.7529782
1773385200,2026-03-13 07:00:00,0.162689,0.162985,0.16234,0.162827,163558.91013048
1773386100,2026-03-13 07:15:00,0.162802,0.163059,0.162604,0.162682,231582.43088334
1773387000,2026-03-13 07:30:00,0.16269,0.162823,0.162371,0.162552,284851.12100399
1773387900,2026-03-13 07:45:00,0.162526,0.162867,0.162449,0.16253,115515.20105255
1773388800,2026-03-13 08:00:00,0.1625,0.162717,0.162214,0.162547,148039.09147501
1773389700,2026-03-13 08:15:00,0.16255,0.163127,0.16255,0.163025,70894.47736001
1773390600,2026-03-13 08:30:00,0.16303,0.1645,0.16303,0.164008,341066.64024866
1773391500,2026-03-13 08:45:00,0.16403,0.164114,0.16321,0.163703,301063.05001124
1773392400,2026-03-13 09:00:00,0.163693,0.164462,0.163681,0.16435,513874.11814609
1773393300,2026-03-13 09:15:00,0.164372,0.164658,0.163847,0.164216,195358.72260323
1773394200,2026-03-13 09:30:00,0.16424,0.164961,0.164239,0.164797,244033.12951317
1773395100,2026-03-13 09:45:00,0.16484,0.165263,0.164783,0.164911,203169.8929363
1773396000,2026-03-13 10:00:00,0.16491,0.16536,0.164867,0.165116,566876.39681779
1773396900,2026-03-13 10:15:00,0.165132,0.165471,0.165032,0.165369,504495.92130783
1773397800,2026-03-13 10:30:00,0.165346,0.165624,0.16521,0.165439,510885.57596804
1773398700,2026-03-13 10:45:00,0.16544,0.16581,0.165061,0.16528,148615.01073653
1773399600,2026-03-13 11:00:00,0.16533,0.16545,0.165057,0.165271,149037.38190237
1773400500,2026-03-13 11:15:00,0.165269,0.165465,0.164984,0.165114,60619.81438162
1773401400,2026-03-13 11:30:00,0.16512,0.165578,0.164992,0.16551,482193.59525361
1773402300,2026-03-13 11:45:00,0.16548,0.165606,0.165159,0.16527,676881.11825589
1773403200,2026-03-13 12:00:00,0.165268,0.165719,0.164776,0.16488,338997.5562662
1773404100,2026-03-13 12:15:00,0.164822,0.16536,0.164701,0.16506,147149.28463612
1773405000,2026-03-13 12:30:00,0.165086,0.165905,0.164969,0.16569,314083.95880599
1773405900,2026-03-13 12:45:00,0.165702,0.16695,0.165702,0.166661,571624.61972431
1773406800,2026-03-13 13:00:00,0.166674,0.167148,0.166135,0.16674,243324.63399781
1773407700,2026-03-13 13:15:00,0.166719,0.168,0.166263,0.167092,1045347.80691717
1773408600,2026-03-13 13:30:00,0.16716,0.167952,0.166663,0.1679,869792.58741812
1773409500,2026-03-13 13:45:00,0.167931,0.1682,0.166886,0.167318,958215.78825496
1773410400,2026-03-13 14:00:00,0.167311,0.168111,0.166776,0.167148,600493.64357925
1773411300,2026-03-13 14:15:00,0.167114,0.167729,0.16695,0.167042,397470.57955516
1773412200,2026-03-13 14:30:00,0.16706,0.16728,0.16536,0.16542,377831.20672704
1773413100,2026-03-13 14:45:00,0.165364,0.165389,0.163741,0.164169,721194.79852429
1773414000,2026-03-13 15:00:00,0.16419,0.164821,0.163788,0.16455,348740.71839495
1773414900,2026-03-13 15:15:00,0.164521,0.16499,0.163991,0.164019,238830.83559542
1773415800,2026-03-13 15:30:00,0.164,0.164915,0.163074,0.16356,723238.70121055
1773416700,2026-03-13 15:45:00,0.16354,0.164369,0.163043,0.163624,325683.28159628
1773417600,2026-03-13 16:00:00,0.16362,0.164102,0.163255,0.163746,380359.1575851
1773418500,2026-03-13 16:15:00,0.16383,0.16392,0.163015,0.16356,479124.38287521
1773419400,2026-03-13 16:30:00,0.16359,0.164809,0.16359,0.164779,416609.56985816
1773420300,2026-03-13 16:45:00,0.164796,0.164957,0.164406,0.164452,464085.66631605
1773421200,2026-03-13 17:00:00,0.164479,0.164638,0.163977,0.16432,242567.47236401
1773422100,2026-03-13 17:15:00,0.16434,0.164633,0.16317,0.16335,330250.91596811
1773423000,2026-03-13 17:30:00,0.16338,0.163468,0.16239,0.162592,299502.37420931
1773423900,2026-03-13 17:45:00,0.16263,0.162736,0.161981,0.16248,354801.63845934
1773424800,2026-03-13 18:00:00,0.162472,0.16326,0.162386,0.163193,323576.37315646
1773425700,2026-03-13 18:15:00,0.163184,0.163256,0.161987,0.162779,1297282.85272549
1773426600,2026-03-13 18:30:00,0.16275,0.16305,0.162646,0.1629,353223.45543896
1773427500,2026-03-13 18:45:00,0.16287,0.162887,0.162281,0.1623,185121.37810634
1773428400,2026-03-13 19:00:00,0.1623,0.162795,0.162048,0.16265,444254.23672089
1773429300,2026-03-13 19:15:00,0.16265,0.162771,0.1623,0.162525,196224.21424226
1773430200,2026-03-13 19:30:00,0.16254,0.162813,0.1623,0.16245,171547.20100188
1773431100,2026-03-13 19:45:00,0.16248,0.162987,0.162407,0.16278,208726.52620747
1773432000,2026-03-13 20:00:00,0.16281,0.163077,0.162521,0.163077,111928.17424095
1773432900,2026-03-13 20:15:00,0.163062,0.163258,0.162892,0.16302,231646.13893065
1773433800,2026-03-13 20:30:00,0.16305,0.16389,0.163027,0.163879,157296.48992542
1773434700,2026-03-13 20:45:00,0.163861,0.164429,0.163743,0.164386,231437.73883898
1773435600,2026-03-13 21:00:00,0.16443,0.165795,0.164424,0.16478,925552.25712033
1773436500,2026-03-13 21:15:00,0.164725,0.166079,0.164457,0.16482,812849.83488013
1773437400,2026-03-13 21:30:00,0.16488,0.165308,0.164726,0.165032,133013.15343826
1773438300,2026-03-13 21:45:00,0.16494,0.166301,0.164851,0.16602,276301.75198904
1773439200,2026-03-13 22:00:00,0.16599,0.16603,0.164559,0.165721,285867.79660683
1773440100,2026-03-13 22:15:00,0.16566,0.16566,0.164105,0.16413,294397.38169259
1773441000,2026-03-13 22:30:00,0.164111,0.16412,0.163201,0.163376,496026.74314587
1773441900,2026-03-13 22:45:00,0.16332,0.164197,0.163261,0.16399,429744.27009298
1773442800,2026-03-13 23:00:00,0.163981,0.16416,0.163608,0.163936,324850.21910285
1773443700,2026-03-13 23:15:00,0.163892,0.164672,0.159404,0.163658,3569965.82808004
1773444600,2026-03-13 23:30:00,0.163696,0.163892,0.163567,0.163687,362122.96958118
1773445500,2026-03-13 23:45:00,0.163632,0.164139,0.163471,0.164052,343568.91336513
1773446400,2026-03-14 00:00:00,0.164016,0.164432,0.163749,0.164343,786676.26022879
1773447300,2026-03-14 00:15:00,0.16437,0.166576,0.164195,0.166576,1474967.15094713
1773448200,2026-03-14 00:30:00,0.166521,0.166714,0.164836,0.164881,383015.45068545
1773449100,2026-03-14 00:45:00,0.16491,0.165001,0.16399,0.164306,333862.88716544
1773450000,2026-03-14 01:00:00,0.164316,0.164523,0.1638,0.164106,325254.31757937
1773450900,2026-03-14 01:15:00,0.164111,0.165,0.164111,0.16466,226034.2084615
1773451800,2026-03-14 01:30:00,0.16466,0.16498,0.163971,0.164752,383514.11832992
1773452700,2026-03-14 01:45:00,0.164782,0.165111,0.164778,0.164905,164429.1772796
1773453600,2026-03-14 02:00:00,0.16489,0.165084,0.164665,0.165084,178680.33334194
1773454500,2026-03-14 02:15:00,0.165075,0.165375,0.164512,0.16467,251358.09857817
1773455400,2026-03-14 02:30:00,0.164663,0.164983,0.164163,0.164208,183268.66330034
1773456300,2026-03-14 02:45:00,0.164142,0.16501,0.164141,0.16441,348020.78253845
1773457200,2026-03-14 03:00:00,0.164488,0.165869,0.164488,0.165793,279593.05142547
1773458100,2026-03-14 03:15:00,0.16579,0.16608,0.165281,0.165444,258537.55200338
1773459000,2026-03-14 03:30:00,0.16535,0.165589,0.165008,0.165008,217289.94532789
1773459900,2026-03-14 03:45:00,0.165009,0.165009,0.164662,0.16498,107741.96279782
1773460800,2026-03-14 04:00:00,0.16498,0.165561,0.164752,0.165559,166289.45779234
1773461700,2026-03-14 04:15:00,0.16559,0.165914,0.164866,0.16509,275544.64750357
1773462600,2026-03-14 04:30:00,0.165155,0.165649,0.16499,0.165277,125767.4912582
1773463500,2026-03-14 04:45:00,0.165271,0.165271,0.163966,0.164182,254936.40878448
1773464400,2026-03-14 05:00:00,0.16417,0.164372,0.163931,0.16397,118825.88499926
1773465300,2026-03-14 05:15:00,0.163998,0.16412,0.163866,0.163904,98222.3292592
1773466200,2026-03-14 05:30:00,0.16388,0.163985,0.163213,0.163674,385506.44086997
1773467100,2026-03-14 05:45:00,0.163624,0.163821,0.163506,0.163589,48563.47304702
1773468000,2026-03-14 06:00:00,0.16356,0.163561,0.163285,0.16347,181206.13837722
1773468900,2026-03-14 06:15:00,0.163469,0.163597,0.162843,0.162951,868350.37607365
1773469800,2026-03-14 06:30:00,0.16295,0.16313,0.162429,0.162701,129774.29510142
1773470700,2026-03-14 06:45:00,0.162699,0.163399,0.162699,0.163299,107079.33289665
1773471600,2026-03-14 07:00:00,0.16327,0.163618,0.163175,0.163289,165699.95825069
1773472500,2026-03-14 07:15:00,0.163255,0.163444,0.163151,0.163387,93366.2620317
1773473400,2026-03-14 07:30:00,0.163363,0.16339,0.16304,0.163236,98122.93365131
1773474300,2026-03-14 07:45:00,0.163229,0.16336,0.163067,0.163357,83350.97229594
1773475200,2026-03-14 08:00:00,0.163309,0.163589,0.163281,0.16346,116135.86808247
1773476100,2026-03-14 08:15:00,0.16346,0.163653,0.163277,0.16335,80262.56221497
1773477000,2026-03-14 08:30:00,0.16335,0.163772,0.163231,0.163501,113142.3945276
1773477900,2026-03-14 08:45:00,0.1635,0.163518,0.163252,0.163344,88891.70685878
1773478800,2026-03-14 09:00:00,0.163331,0.163685,0.163299,0.163589,79271.4419742
1773479700,2026-03-14 09:15:00,0.163532,0.163676,0.163328,0.16362,76962.03382292
1773480600,2026-03-14 09:30:00,0.163561,0.163627,0.16321,0.163278,95390.52952657
1773481500,2026-03-14 09:45:00,0.16327,0.16327,0.162661,0.16292,104781.33600164
1773482400,2026-03-14 10:00:00,0.162902,0.162975,0.162391,0.162608,68326.63080568
1773483300,2026-03-14 10:15:00,0.162545,0.162603,0.162399,0.162568,61560.59863111
1773484200,2026-03-14 10:30:00,0.162561,0.1626,0.162337,0.162418,94005.12944825
1773485100,2026-03-14 10:45:00,0.162429,0.162744,0.162371,0.162744,92432.11711452
1773486000,2026-03-14 11:00:00,0.162734,0.163478,0.162711,0.163384,87800.68325611
1773486900,2026-03-14 11:15:00,0.1634,0.163557,0.163226,0.163353,56583.00286924
1773487800,2026-03-14 11:30:00,0.163381,0.163966,0.163254,0.163944,148177.20728349
1773488700,2026-03-14 11:45:00,0.16394,0.16416,0.163731,0.164041,112199.62116651
1773489600,2026-03-14 12:00:00,0.164041,0.164342,0.163879,0.164225,113100.91242957
1773490500,2026-03-14 12:15:00,0.164171,0.164749,0.16417,0.164198,149697.65136317
1773491400,2026-03-14 12:30:00,0.164169,0.164175,0.163167,0.163167,126649.30451936
1773492300,2026-03-14 12:45:00,0.163155,0.163589,0.163155,0.163589,112907.46391857
1773493200,2026-03-14 13:00:00,0.16355,0.164825,0.163456,0.16451,147741.71468023
1773494100,2026-03-14 13:15:00,0.16451,0.16539,0.164509,0.165272,203434.11794745
1773495000,2026-03-14 13:30:00,0.165272,0.1655,0.164778,0.164807,130418.82144264
1773495900,2026-03-14 13:45:00,0.164749,0.16482,0.164385,0.164749,79031.69722951
1773496800,2026-03-14 14:00:00,0.16478,0.1653,0.164662,0.16513,137567.55672457
1773497700,2026-03-14 14:15:00,0.165155,0.16545,0.165069,0.165401,96258.75656443
1773498600,2026-03-14 14:30:00,0.165416,0.165436,0.164227,0.164277,233059.31244143
1773499500,2026-03-14 14:45:00,0.16432,0.164435,0.163718,0.163792,352752.73098329
1773500400,2026-03-14 15:00:00,0.163813,0.163937,0.163462,0.163682,143416.68584925
1773501300,2026-03-14 15:15:00,0.163684,0.163913,0.163567,0.163792,227932.24542853
1773502200,2026-03-14 15:30:00,0.163761,0.163821,0.16334,0.16356,210979.31875254
1773503100,2026-03-14 15:45:00,0.16357,0.163941,0.16356,0.163648,96608.04131781
1773504000,2026-03-14 16:00:00,0.163669,0.164404,0.163608,0.164404,170870.49930825
1773504900,2026-03-14 16:15:00,0.164384,0.16465,0.164352,0.16446,140200.47808439
1773505800,2026-03-14 16:30:00,0.16446,0.164745,0.164242,0.164459,261054.216917
1773506700,2026-03-14 16:45:00,0.164488,0.16507,0.16417,0.164953,212051.84698191
1773507600,2026-03-14 17:00:00,0.164992,0.165201,0.164809,0.16507,71933.43612563
1773508500,2026-03-14 17:15:00,0.16507,0.16524,0.164778,0.16524,133968.73813377
1773509400,2026-03-14 17:30:00,0.16523,0.1653,0.164865,0.16488,107942.77579973
1773510300,2026-03-14 17:45:00,0.164917,0.164917,0.164401,0.164401,115755.97589389
1773511200,2026-03-14 18:00:00,0.164372,0.164372,0.163981,0.163995,56812.78230891
1773512100,2026-03-14 18:15:00,0.163996,0.164213,0.163937,0.164137,65919.0069157
1773513000,2026-03-14 18:30:00,0.16417,0.164693,0.16417,0.16452,92648.51467686
1773513900,2026-03-14 18:45:00,0.164502,0.165021,0.16443,0.164699,269462.92425953
1773514800,2026-03-14 19:00:00,0.164657,0.164715,0.163829,0.163967,302784.06115577
1773515700,2026-03-14 19:15:00,0.163958,0.164053,0.163705,0.163937,153667.14394432
1773516600,2026-03-14 19:30:00,0.16394,0.164061,0.163706,0.164046,65800.23192931
1773517500,2026-03-14 19:45:00,0.164035,0.164035,0.163633,0.163736,47200.24667988
1773518400,2026-03-14 20:00:00,0.163736,0.16394,0.163496,0.16373,244934.1648796
1773519300,2026-03-14 20:15:00,0.16373,0.163888,0.163616,0.163778,132055.44190331
1773520200,2026-03-14 20:30:00,0.163717,0.16428,0.163709,0.164214,151798.4850116
1773521100,2026-03-14 20:45:00,0.164166,0.164314,0.164025,0.164048,172559.3290942
1773522000,2026-03-14 21:00:00,0.164024,0.164024,0.16327,0.163685,601499.74942343
1773522900,2026-03-14 21:15:00,0.163734,0.163893,0.163637,0.163731,96664.62721051
1773523800,2026-03-14 21:30:00,0.16381,0.164081,0.163773,0.16397,71669.51935505
1773524700,2026-03-14 21:45:00,0.16397,0.164691,0.163928,0.164544,320041.65124802
1773525600,2026-03-14 22:00:00,0.164557,0.164849,0.164475,0.164657,118729.17120867
1773526500,2026-03-14 22:15:00,0.164729,0.165036,0.164512,0.16496,125170.00455452
1773527400,2026-03-14 22:30:00,0.164951,0.165087,0.164921,0.164956,82107.87256433
1773528300,2026-03-14 22:45:00,0.164986,0.165121,0.164903,0.16494,119801.62908541
1773529200,2026-03-14 23:00:00,0.16494,0.165716,0.16494,0.165489,1253812.47868833
1773530100,2026-03-14 23:15:00,0.165503,0.165793,0.16524,0.165682,222163.35422617
1773531000,2026-03-14 23:30:00,0.16568,0.166402,0.165658,0.166199,264508.61433531
1773531900,2026-03-14 23:45:00,0.16623,0.166666,0.16623,0.16656,388695.04971812
1773532800,2026-03-15 00:00:00,0.16659,0.167055,0.165905,0.166088,298497.04496942
1773533700,2026-03-15 00:15:00,0.166089,0.166489,0.165794,0.165962,211227.136802
1773534600,2026-03-15 00:30:00,0.165938,0.166368,0.165659,0.16577,564482.16946945
1773535500,2026-03-15 00:45:00,0.16576,0.16588,0.165445,0.165807,127433.73602872
1773536400,2026-03-15 01:00:00,0.16582,0.166768,0.16582,0.166401,116976.79247831
1773537300,2026-03-15 01:15:00,0.16646,0.166812,0.166293,0.16637,144099.56291079
1773538200,2026-03-15 01:30:00,0.166427,0.16646,0.16609,0.166374,87775.82001516
1773539100,2026-03-15 01:45:00,0.16635,0.16672,0.166146,0.166571,177976.0095431
1773540000,2026-03-15 02:00:00,0.1666,0.167823,0.1666,0.16752,838871.27886086
1773540900,2026-03-15 02:15:00,0.167532,0.167649,0.16736,0.16745,66167.29573445
1773541800,2026-03-15 02:30:00,0.167419,0.167736,0.166953,0.1677,170355.83505121
1773542700,2026-03-15 02:45:00,0.167686,0.168479,0.167591,0.168084,568264.70780101
1773543600,2026-03-15 03:00:00,0.168144,0.168575,0.16814,0.168213,182846.66465344
1773544500,2026-03-15 03:15:00,0.168182,0.168912,0.167823,0.16858,638396.04358351
1773545400,2026-03-15 03:30:00,0.168547,0.168547,0.168039,0.168056,176352.03513722
1773546300,2026-03-15 03:45:00,0.168055,0.168115,0.167581,0.167697,246642.25989703
1773547200,2026-03-15 04:00:00,0.167707,0.168469,0.167707,0.168087,186006.12984817
1773548100,2026-03-15 04:15:00,0.168084,0.16849,0.167678,0.167765,165206.89776198
1773549000,2026-03-15 04:30:00,0.167736,0.167927,0.167331,0.167823,135907.01736989
1773549900,2026-03-15 04:45:00,0.167697,0.167939,0.167446,0.167939,108786.40746096
1773550800,2026-03-15 05:00:00,0.167915,0.167915,0.167341,0.167389,133411.57406165
1773551700,2026-03-15 05:15:00,0.167396,0.168432,0.16735,0.16793,176892.52783246
1773552600,2026-03-15 05:30:00,0.167919,0.168042,0.167411,0.167759,223665.63170392
1773553500,2026-03-15 05:45:00,0.16777,0.167773,0.167015,0.167047,201408.72927735
1773554400,2026-03-15 06:00:00,0.16706,0.167242,0.166838,0.166968,200662.75800568
1773555300,2026-03-15 06:15:00,0.167,0.167019,0.165998,0.166066,135531.88716976
1773556200,2026-03-15 06:30:00,0.166045,0.166062,0.165492,0.165648,240213.99628439
1773557100,2026-03-15 06:45:00,0.165664,0.16599,0.165614,0.16594,61602.23241864
1773558000,2026-03-15 07:00:00,0.16592,0.166605,0.165819,0.166373,130015.54443146
1773558900,2026-03-15 07:15:00,0.166375,0.16646,0.165793,0.165793,52091.40780916
1773559800,2026-03-15 07:30:00,0.165764,0.165822,0.165468,0.16559,232522.28974531
1773560700,2026-03-15 07:45:00,0.165548,0.16617,0.165527,0.16617,411592.67669806
1773561600,2026-03-15 08:00:00,0.166199,0.16646,0.165846,0.166193,206957.01165004
1773562500,2026-03-15 08:15:00,0.166176,0.166546,0.166152,0.1662,85977.00064375
1773563400,2026-03-15 08:30:00,0.166191,0.16655,0.166142,0.16655,43317.86306565
1773564300,2026-03-15 08:45:00,0.166576,0.167272,0.166576,0.167272,77507.77117273
1773565200,2026-03-15 09:00:00,0.16727,0.167765,0.16727,0.167581,438506.60006851
1773566100,2026-03-15 09:15:00,0.167591,0.168752,0.167564,0.167897,140179.76862994
1773567000,2026-03-15 09:30:00,0.167823,0.167938,0.1675,0.167556,107947.01445055
1773567900,2026-03-15 09:45:00,0.167509,0.16759,0.16728,0.16744,107473.91024413
1773568800,2026-03-15 10:00:00,0.167469,0.16835,0.167363,0.16817,102058.29442312
1773569700,2026-03-15 10:15:00,0.168142,0.168476,0.167824,0.167852,146214.77990501
1773570600,2026-03-15 10:30:00,0.167853,0.16797,0.167279,0.16742,137909.611301
1773571500,2026-03-15 10:45:00,0.167388,0.16762,0.167296,0.167513,100567.44495756
1773572400,2026-03-15 11:00:00,0.16759,0.167591,0.167009,0.167185,144027.08280191
1773573300,2026-03-15 11:15:00,0.1672,0.167387,0.167138,0.16718,58819.44646489
1773574200,2026-03-15 11:30:00,0.16718,0.1673,0.166886,0.167208,161886.83539706
1773575100,2026-03-15 11:45:00,0.167209,0.167856,0.167209,0.167392,222892.88299093
1773576000,2026-03-15 12:00:00,0.1674,0.16768,0.166784,0.167155,241274.85108802
1773576900,2026-03-15 12:15:00,0.167191,0.167251,0.166983,0.16724,124640.31447645
1773577800,2026-03-15 12:30:00,0.16714,0.167888,0.167074,0.167736,292309.93633823
1773578700,2026-03-15 12:45:00,0.16776,0.1684,0.167633,0.168284,115024.94565813
1773579600,2026-03-15 13:00:00,0.168344,0.169128,0.167272,0.167794,307393.31163041
1773580500,2026-03-15 13:15:00,0.167765,0.167765,0.166866,0.167472,290302.93582885
1773581400,2026-03-15 13:30:00,0.167506,0.167762,0.166631,0.167417,327503.77208001
1773582300,2026-03-15 13:45:00,0.167446,0.168082,0.167243,0.168082,251901.4991705
1773583200,2026-03-15 14:00:00,0.168046,0.168524,0.167893,0.16823,290190.10430496
1773584100,2026-03-15 14:15:00,0.1682,0.168242,0.16745,0.167592,159868.17983818
1773585000,2026-03-15 14:30:00,0.167601,0.167967,0.167169,0.167794,350340.26508669
1773585900,2026-03-15 14:45:00,0.167823,0.167968,0.167536,0.167798,207097.4711793
1773586800,2026-03-15 15:00:00,0.167796,0.167995,0.167462,0.167864,181892.92566707
1773587700,2026-03-15 15:15:00,0.167848,0.167968,0.167359,0.167519,169834.7864964
1773588600,2026-03-15 15:30:00,0.167447,0.167736,0.167273,0.167472,181094.66693903
1773589500,2026-03-15 15:45:00,0.167472,0.167562,0.167103,0.167182,163623.63354798
1773590400,2026-03-15 16:00:00,0.16718,0.167876,0.166996,0.16769,418654.00672446
1773591300,2026-03-15 16:15:00,0.16769,0.167792,0.16673,0.167054,298205.07809038
1773592200,2026-03-15 16:30:00,0.166982,0.167724,0.1667,0.16762,1137551.3745212
1773593100,2026-03-15 16:45:00,0.16764,0.16782,0.16695,0.167056,656750.46544158
1773594000,2026-03-15 17:00:00,0.16702,0.16766,0.166911,0.167416,162192.9307024
1773594900,2026-03-15 17:15:00,0.167399,0.167465,0.167111,0.167111,158906.16490099
1773595800,2026-03-15 17:30:00,0.167136,0.167141,0.166856,0.166951,80752.52149732
1773596700,2026-03-15 17:45:00,0.166941,0.168178,0.166886,0.167888,438037.05151151
1773597600,2026-03-15 18:00:00,0.167874,0.167994,0.167639,0.167705,218664.11550054
1773598500,2026-03-15 18:15:00,0.167688,0.16771,0.167215,0.1674,131535.14607089
1773599400,2026-03-15 18:30:00,0.167388,0.167755,0.167388,0.167538,151970.06575212
1773600300,2026-03-15 18:45:00,0.16757,0.167586,0.166192,0.16647,433330.58548513
1773601200,2026-03-15 19:00:00,0.16648,0.167086,0.16636,0.167042,250857.68385861
1773602100,2026-03-15 19:15:00,0.167022,0.16716,0.166685,0.16705,145910.93340137
1773603000,2026-03-15 19:30:00,0.167031,0.167184,0.166474,0.166479,289542.56808219
1773603900,2026-03-15 19:45:00,0.166479,0.166906,0.16623,0.166668,123280.77718791
1773604800,2026-03-15 20:00:00,0.166656,0.166871,0.166485,0.166699,205658.81225813
1773605700,2026-03-15 20:15:00,0.166646,0.166793,0.166532,0.166648,96801.71763329
1773606600,2026-03-15 20:30:00,0.1667,0.16828,0.1667,0.167709,559552.22551964
1773607500,2026-03-15 20:45:00,0.16775,0.167808,0.167348,0.167472,185433.35303086
1773608400,2026-03-15 21:00:00,0.167426,0.167526,0.167078,0.167295,228813.43807717
1773609300,2026-03-15 21:15:00,0.167272,0.168214,0.167231,0.16794,172789.43208013
1773610200,2026-03-15 21:30:00,0.16794,0.16922,0.167832,0.168944,298690.41618401
1773611100,2026-03-15 21:45:00,0.169069,0.16928,0.168628,0.168827,108605.77055395
1773612000,2026-03-15 22:00:00,0.168751,0.1698,0.167968,0.167998,307962.09941674
1773612900,2026-03-15 22:15:00,0.168,0.168285,0.16757,0.168285,195569.54890539
1773613800,2026-03-15 22:30:00,0.168285,0.17023,0.168285,0.1699,1865514.01846043
1773614700,2026-03-15 22:45:00,0.169911,0.17131,0.169911,0.170462,1244784.45205683
1773615600,2026-03-15 23:00:00,0.170491,0.170868,0.169494,0.1698,620910.39074137
1773616500,2026-03-15 23:15:00,0.16981,0.169928,0.168007,0.168287,401250.64647334
1773617400,2026-03-15 23:30:00,0.168272,0.169135,0.168044,0.168781,298704.32036493
1773618300,2026-03-15 23:45:00,0.16876,0.169331,0.168594,0.169331,204448.11296329
1773619200,2026-03-16 00:00:00,0.16936,0.170184,0.169286,0.169314,544728.51250616
1773620100,2026-03-16 00:15:00,0.16931,0.169612,0.168227,0.168253,279842.96962437
1773621000,2026-03-16 00:30:00,0.16826,0.168519,0.16791,0.16817,218392.58195567
1773621900,2026-03-16 00:45:00,0.16817,0.168464,0.168085,0.16828,87162.49679966
1773622800,2026-03-16 01:00:00,0.16828,0.168429,0.167575,0.167764,225228.60331064
1773623700,2026-03-16 01:15:00,0.167729,0.168954,0.167647,0.168432,219913.62360649
1773624600,2026-03-16 01:30:00,0.168403,0.168403,0.167729,0.16785,174366.8901708
1773625500,2026-03-16 01:45:00,0.16788,0.168344,0.167806,0.16795,575096.62525278
1773626400,2026-03-16 02:00:00,0.16795,0.168423,0.16766,0.167773,139641.59517855
1773627300,2026-03-16 02:15:00,0.16777,0.167827,0.16693,0.167196,261264.26284234
1773628200,2026-03-16 02:30:00,0.167109,0.167504,0.166982,0.16736,118559.30859745
1773629100,2026-03-16 02:45:00,0.16742,0.168606,0.16742,0.168012,200606.24550714
1773630000,2026-03-16 03:00:00,0.167959,0.168293,0.16776,0.167837,300908.11063433
1773630900,2026-03-16 03:15:00,0.167823,0.168984,0.167776,0.168732,309053.06618032
1773631800,2026-03-16 03:30:00,0.16878,0.171542,0.16878,0.170063,1349033.97947749
1773632700,2026-03-16 03:45:00,0.17007,0.170259,0.169244,0.170085,682920.37241057
1773633600,2026-03-16 04:00:00,0.170114,0.170694,0.17,0.170463,1126354.44899802
1773634500,2026-03-16 04:15:00,0.170446,0.171158,0.17009,0.170364,1947729.32559688
1773635400,2026-03-16 04:30:00,0.170404,0.17115,0.170206,0.170952,702961.46311783
1773636300,2026-03-16 04:45:00,0.17104,0.172376,0.170902,0.171452,1660037.0647375
1773637200,2026-03-16 05:00:00,0.171412,0.171412,0.170596,0.170868,509592.15584428
1773638100,2026-03-16 05:15:00,0.170839,0.171408,0.17064,0.171197,823254.88721331
1773639000,2026-03-16 05:30:00,0.171158,0.171709,0.170433,0.17167,872998.68275862
1773639900,2026-03-16 05:45:00,0.171684,0.172672,0.171681,0.172202,635608.39833486
1773640800,2026-03-16 06:00:00,0.172153,0.1722,0.170984,0.171767,365108.95136364
1773641700,2026-03-16 06:15:00,0.171762,0.172594,0.17167,0.171878,233628.9039661
1773642600,2026-03-16 06:30:00,0.17188,0.172202,0.171419,0.171931,247217.68921547
1773643500,2026-03-16 06:45:00,0.171883,0.172464,0.171569,0.17206,140637.08949611
1773644400,2026-03-16 07:00:00,0.172071,0.173118,0.172071,0.172927,460448.68101782
1773645300,2026-03-16 07:15:00,0.173,0.173325,0.172637,0.173,1123307.30658143
1773646200,2026-03-16 07:30:00,0.173009,0.173511,0.172898,0.173284,500649.94081687
1773647100,2026-03-16 07:45:00,0.173275,0.17382,0.173101,0.173333,222045.98567023
1773648000,2026-03-16 08:00:00,0.173362,0.174393,0.17323,0.17332,598305.67756885
1773648900,2026-03-16 08:15:00,0.173227,0.173478,0.172115,0.172202,215833.53397761
1773649800,2026-03-16 08:30:00,0.172231,0.172303,0.171477,0.171564,271726.76242501
1773650700,2026-03-16 08:45:00,0.17162,0.172209,0.171089,0.171268,308604.79211527
1773651600,2026-03-16 09:00:00,0.171284,0.17174,0.171073,0.171567,192805.49241858
1773652500,2026-03-16 09:15:00,0.171576,0.172311,0.171576,0.171949,182579.41228629
1773653400,2026-03-16 09:30:00,0.171883,0.172163,0.171682,0.171972,138761.22680819
1773654300,2026-03-16 09:45:00,0.17198,0.172834,0.17198,0.172593,113565.57341928
1773655200,2026-03-16 10:00:00,0.172597,0.172985,0.172318,0.172557,209098.22683513
1773656100,2026-03-16 10:15:00,0.17256,0.172709,0.17226,0.17229,138636.52955908
1773657000,2026-03-16 10:30:00,0.17226,0.172368,0.171777,0.172004,106158.58166538
1773657900,2026-03-16 10:45:00,0.171964,0.1725,0.171906,0.172225,280375.83369587
1773658800,2026-03-16 11:00:00,0.172224,0.172416,0.171328,0.171361,189118.74974783
1773659700,2026-03-16 11:15:00,0.171392,0.171498,0.170537,0.170537,196547.28627784
1773660600,2026-03-16 11:30:00,0.170532,0.171449,0.170532,0.1712,563386.45904522
1773661500,2026-03-16 11:45:00,0.171232,0.171776,0.171232,0.171583,179438.72311052
1773662400,2026-03-16 12:00:00,0.171498,0.172224,0.171409,0.171968,338624.93223149
1773663300,2026-03-16 12:15:00,0.171936,0.172442,0.171554,0.172032,1258492.76845024
1773664200,2026-03-16 12:30:00,0.172051,0.172944,0.17187,0.172725,634743.43008474
1773665100,2026-03-16 12:45:00,0.1727,0.172876,0.172023,0.172346,412176.79391764
1773666000,2026-03-16 13:00:00,0.17235,0.172928,0.172064,0.1728,695280.84575852
1773666900,2026-03-16 13:15:00,0.172809,0.17298,0.172416,0.172832,345204.62274725
1773667800,2026-03-16 13:30:00,0.172867,0.174419,0.172672,0.17323,1323941.73475793
1773668700,2026-03-16 13:45:00,0.17331,0.174004,0.172672,0.17296,504418.57754946
1773669600,2026-03-16 14:00:00,0.172992,0.174031,0.172576,0.173722,426865.82654136
1773670500,2026-03-16 14:15:00,0.173696,0.174063,0.172414,0.172414,751298.27398689
1773671400,2026-03-16 14:30:00,0.172392,0.172642,0.171292,0.17224,463631.72118376
1773672300,2026-03-16 14:45:00,0.17226,0.174578,0.17182,0.174563,742824.58170487
1773673200,2026-03-16 15:00:00,0.174575,0.175445,0.174008,0.174958,2925089.47595215
1773674100,2026-03-16 15:15:00,0.174936,0.175547,0.173941,0.174148,2241857.82281653
1773675000,2026-03-16 15:30:00,0.174174,0.174607,0.172663,0.172978,802681.40932205
1773675900,2026-03-16 15:45:00,0.17298,0.173419,0.171651,0.171806,974821.83295417
1773676800,2026-03-16 16:00:00,0.17186,0.172795,0.171731,0.172354,227156.66555058
1773677700,2026-03-16 16:15:00,0.17238,0.173111,0.17238,0.172979,436697.80310517
1773678600,2026-03-16 16:30:00,0.172969,0.173914,0.172692,0.173628,347124.18403383
1773679500,2026-03-16 16:45:00,0.17362,0.17456,0.173524,0.17421,704788.78227109
1773680400,2026-03-16 17:00:00,0.174225,0.174629,0.17381,0.174538,583577.36453226
1773681300,2026-03-16 17:15:00,0.174518,0.17482,0.174122,0.174239,1273046.09485737
1773682200,2026-03-16 17:30:00,0.174285,0.17487,0.174027,0.174529,435756.14597352
1773683100,2026-03-16 17:45:00,0.174513,0.174786,0.173922,0.174573,1152223.63280583
1773684000,2026-03-16 18:00:00,0.174475,0.17526,0.174159,0.175034,1391281.98418551
1773684900,2026-03-16 18:15:00,0.175032,0.176215,0.174954,0.175905,1187427.2543084
1773685800,2026-03-16 18:30:00,0.175893,0.175948,0.17435,0.17513,2140853.74671976
1773686700,2026-03-16 18:45:00,0.175116,0.175525,0.174777,0.174812,436162.72194562
1773687600,2026-03-16 19:00:00,0.174851,0.17568,0.173877,0.175503,409571.08695048
1773688500,2026-03-16 19:15:00,0.1755,0.175831,0.1743,0.17472,280800.89104352
1773689400,2026-03-16 19:30:00,0.1747,0.17514,0.174191,0.174191,275353.88263799
1773690300,2026-03-16 19:45:00,0.174204,0.174624,0.173853,0.174624,543220.6354292
1773691200,2026-03-16 20:00:00,0.17458,0.174927,0.174311,0.174767,380836.4293037
1773692100,2026-03-16 20:15:00,0.17477,0.175481,0.17457,0.175309,570493.16264678
1773693000,2026-03-16 20:30:00,0.175339,0.175608,0.174767,0.174768,663074.40352109
1773693900,2026-03-16 20:45:00,0.174767,0.175424,0.174698,0.174899,690784.50226743
1773694800,2026-03-16 21:00:00,0.174825,0.17563,0.174418,0.175111,1217343.68732901
1773695700,2026-03-16 21:15:00,0.175074,0.175175,0.174475,0.174516,314605.34197894
1773696600,2026-03-16 21:30:00,0.174486,0.176231,0.174405,0.175389,257141.99295021
1773697500,2026-03-16 21:45:00,0.17528,0.1757,0.174706,0.174979,160972.25261065
1773698400,2026-03-16 22:00:00,0.174919,0.17635,0.174899,0.176237,2198072.22174279
1773699300,2026-03-16 22:15:00,0.176264,0.17676,0.175918,0.176026,1406956.40975611
1773700200,2026-03-16 22:30:00,0.176005,0.176372,0.175825,0.176,1145961.13937443
1773701100,2026-03-16 22:45:00,0.175958,0.176374,0.175859,0.176361,1484972.79560346
1773702000,2026-03-16 23:00:00,0.1763,0.1763,0.174875,0.175429,557842.31274369
1773702900,2026-03-16 23:15:00,0.17546,0.1758,0.175179,0.175711,327992.89461404
1773703800,2026-03-16 23:30:00,0.17576,0.176649,0.17576,0.176649,217946.25398279
1773704700,2026-03-16 23:45:00,0.176561,0.17704,0.175926,0.17602,697597.53166072
1773705600,2026-03-17 00:00:00,0.175975,0.178061,0.1753,0.178,739067.73978015
1773706500,2026-03-17 00:15:00,0.177933,0.17805,0.176327,0.176899,330865.83193316
1773707400,2026-03-17 00:30:00,0.17757,0.177875,0.176541,0.176881,252750.3640309
1773708300,2026-03-17 00:45:00,0.176953,0.17753,0.17682,0.17751,261238.36036976
1773709200,2026-03-17 01:00:00,0.177506,0.17901,0.17695,0.17844,2494593.13993076
1773710100,2026-03-17 01:15:00,0.178485,0.17883,0.17766,0.17868,370463.54599577
1773711000,2026-03-17 01:30:00,0.178681,0.17891,0.177841,0.178473,558759.78300733
1773711900,2026-03-17 01:45:00,0.17838,0.179025,0.17803,0.178927,679365.06313006
1773712800,2026-03-17 02:00:00,0.178938,0.179496,0.177647,0.17859,423726.50135142
1773713700,2026-03-17 02:15:00,0.178619,0.179422,0.178597,0.17904,434460.70709425
1773714600,2026-03-17 02:30:00,0.17907,0.181,0.17889,0.18081,330064.34005357
1773715500,2026-03-17 02:45:00,0.18078,0.18198,0.180483,0.18105,1402724.62676608
1773716400,2026-03-17 03:00:00,0.18108,0.18114,0.179751,0.17991,675439.10133666
1773717300,2026-03-17 03:15:00,0.17994,0.180025,0.178416,0.178505,988217.70658207
1773718200,2026-03-17 03:30:00,0.1785,0.178529,0.17583,0.1759,604534.6238366
1773719100,2026-03-17 03:45:00,0.17586,0.176271,0.175123,0.17623,1039593.21264422
1773720000,2026-03-17 04:00:00,0.176219,0.17715,0.176219,0.176991,406864.96358633
1773720900,2026-03-17 04:15:00,0.177,0.177082,0.174566,0.174759,729468.12486865
1773721800,2026-03-17 04:30:00,0.174746,0.174981,0.173315,0.173792,782954.43729222
1773722700,2026-03-17 04:45:00,0.173795,0.174615,0.173786,0.174505,542849.58054781
1773723600,2026-03-17 05:00:00,0.1745,0.17454,0.173864,0.174217,459026.30726554
1773724500,2026-03-17 05:15:00,0.174184,0.17466,0.173881,0.17425,262476.90238745
1773725400,2026-03-17 05:30:00,0.174257,0.174378,0.173417,0.173557,1300640.69038818
1773726300,2026-03-17 05:45:00,0.173527,0.174408,0.173334,0.17412,1063780.44534436
1773727200,2026-03-17 06:00:00,0.17412,0.174576,0.173085,0.174538,416689.12690027
1773728100,2026-03-17 06:15:00,0.174537,0.17502,0.174265,0.17469,163407.87000011
1773729000,2026-03-17 06:30:00,0.17466,0.174899,0.173634,0.173684,257251.5191901
1773729900,2026-03-17 06:45:00,0.173699,0.174065,0.17355,0.174002,115074.66892846
1773730800,2026-03-17 07:00:00,0.173961,0.17547,0.173937,0.175383,141398.81840363
1773731700,2026-03-17 07:15:00,0.17543,0.176909,0.17543,0.176301,184195.48430203
1773732600,2026-03-17 07:30:00,0.17625,0.1764,0.176026,0.176189,181224.76946617
1773733500,2026-03-17 07:45:00,0.1761,0.1761,0.175291,0.17544,61162.55567956
1773734400,2026-03-17 08:00:00,0.17547,0.175913,0.174968,0.17547,269533.19683352
1773735300,2026-03-17 08:15:00,0.175529,0.176051,0.175119,0.17559,148263.90806676
1773736200,2026-03-17 08:30:00,0.17559,0.17625,0.175487,0.17601,135191.25805484
1773737100,2026-03-17 08:45:00,0.17601,0.17613,0.174871,0.17511,234961.24330242
1773738000,2026-03-17 09:00:00,0.175055,0.17511,0.174025,0.174494,230564.21905421
1773738900,2026-03-17 09:15:00,0.1745,0.17583,0.174176,0.1752,365543.11518884
1773739800,2026-03-17 09:30:00,0.17526,0.175379,0.17487,0.17517,168642.99034215
1773740700,2026-03-17 09:45:00,0.175114,0.17532,0.17457,0.174864,143961.76035478
1773741600,2026-03-17 10:00:00,0.17492,0.175077,0.174248,0.174912,168157.54452168
1773742500,2026-03-17 10:15:00,0.174944,0.175168,0.174391,0.17478,139605.00732933
1773743400,2026-03-17 10:30:00,0.17472,0.17504,0.174182,0.174824,273338.62300076
1773744300,2026-03-17 10:45:00,0.174592,0.174783,0.1744,0.174619,108599.09766982
1773745200,2026-03-17 11:00:00,0.17462,0.17488,0.174297,0.174779,249087.03468809
1773746100,2026-03-17 11:15:00,0.17481,0.175094,0.174624,0.17472,158460.20250027
1773747000,2026-03-17 11:30:00,0.17473,0.174888,0.174458,0.174625,202005.76184675
1773747900,2026-03-17 11:45:00,0.174625,0.174912,0.173984,0.174109,227956.41465691
1773748800,2026-03-17 12:00:00,0.17411,0.174304,0.173824,0.173918,163807.5127583
1773749700,2026-03-17 12:15:00,0.173894,0.1744,0.17331,0.173596,275748.04591819
1773750600,2026-03-17 12:30:00,0.173504,0.173547,0.172387,0.17285,436798.70055155
1773751500,2026-03-17 12:45:00,0.172836,0.172836,0.17238,0.172659,172241.74325002
1773752400,2026-03-17 13:00:00,0.17267,0.172832,0.172502,0.172768,142682.31849511
1773753300,2026-03-17 13:15:00,0.172738,0.172986,0.172548,0.172739,164387.40963935
1773754200,2026-03-17 13:30:00,0.172761,0.174176,0.17264,0.173184,464606.88677236
1773755100,2026-03-17 13:45:00,0.173152,0.173547,0.172214,0.172896,466465.77413501
1773756000,2026-03-17 14:00:00,0.172864,0.173248,0.172188,0.172969,351556.0416306
1773756900,2026-03-17 14:15:00,0.172974,0.173376,0.172448,0.173312,126664.41150451
1773757800,2026-03-17 14:30:00,0.173344,0.173895,0.173124,0.173208,284804.11861527
1773758700,2026-03-17 14:45:00,0.173285,0.173725,0.172896,0.17363,273854.40441191
1773759600,2026-03-17 15:00:00,0.173627,0.17472,0.17296,0.173408,424802.83238484
1773760500,2026-03-17 15:15:00,0.173376,0.174048,0.173334,0.1735,197141.33225294
1773761400,2026-03-17 15:30:00,0.173477,0.173967,0.172686,0.173099,226070.08065045
1773762300,2026-03-17 15:45:00,0.17304,0.174035,0.172896,0.173688,133040.05591947
1773763200,2026-03-17 16:00:00,0.17376,0.174112,0.17347,0.173664,180842.53978244
1773764100,2026-03-17 16:15:00,0.173792,0.175342,0.173728,0.174627,549196.30284167
1773765000,2026-03-17 16:30:00,0.17463,0.174914,0.173792,0.174249,1190636.0092193
1773765900,2026-03-17 16:45:00,0.174208,0.174816,0.17392,0.174471,449623.45346699
1773766800,2026-03-17 17:00:00,0.17449,0.175138,0.174308,0.17488,382212.30171803
1773767700,2026-03-17 17:15:00,0.174943,0.175756,0.17488,0.175476,578670.7155433
1773768600,2026-03-17 17:30:00,0.17545,0.175589,0.175081,0.17531,528212.49908372
1773769500,2026-03-17 17:45:00,0.175328,0.176032,0.175264,0.175968,307359.63523556
1773770400,2026-03-17 18:00:00,0.17593,0.176539,0.175745,0.176,180467.38666486
1773771300,2026-03-17 18:15:00,0.175982,0.176032,0.175236,0.175339,215876.14052588
1773772200,2026-03-17 18:30:00,0.17536,0.175968,0.17536,0.175646,326573.96385037
1773773100,2026-03-17 18:45:00,0.175699,0.175968,0.17539,0.175603,280126.13613321
1773774000,2026-03-17 19:00:00,0.17567,0.175739,0.175354,0.175423,176324.63750379
1773774900,2026-03-17 19:15:00,0.175423,0.17557,0.174775,0.17513,343916.92049655
1773775800,2026-03-17 19:30:00,0.17504,0.175583,0.174912,0.1752,244684.0232117
1773776700,2026-03-17 19:45:00,0.175222,0.175222,0.174264,0.17456,438801.21340639
1773777600,2026-03-17 20:00:00,0.174504,0.174775,0.174306,0.174311,122117.91883578
1773778500,2026-03-17 20:15:00,0.17432,0.175296,0.17432,0.17523,109640.77522463
1773779400,2026-03-17 20:30:00,0.17523,0.175263,0.174653,0.175104,172528.81508596
1773780300,2026-03-17 20:45:00,0.175054,0.175371,0.174944,0.17528,201047.88536495
1773781200,2026-03-17 21:00:00,0.17528,0.176293,0.174886,0.175869,375444.23954596
1773782100,2026-03-17 21:15:00,0.175808,0.175872,0.175208,0.175234,105134.70575147
1773783000,2026-03-17 21:30:00,0.17527,0.175808,0.175055,0.17567,106107.90460066
1773783900,2026-03-17 21:45:00,0.17567,0.175678,0.175095,0.17534,140211.53989804
1773784800,2026-03-17 22:00:00,0.175339,0.175832,0.175105,0.17519,163839.21404664
1773785700,2026-03-17 22:15:00,0.17519,0.175296,0.174759,0.17481,122557.66566674
1773786600,2026-03-17 22:30:00,0.17486,0.17487,0.173975,0.174592,227174.93036295
1773787500,2026-03-17 22:45:00,0.17459,0.175296,0.174507,0.175201,148746.21304921
1773788400,2026-03-17 23:00:00,0.175205,0.17524,0.174729,0.174729,240646.52027686
1773789300,2026-03-17 23:15:00,0.174729,0.175007,0.174368,0.174528,116534.25121662
1773790200,2026-03-17 23:30:00,0.174496,0.174496,0.173792,0.173915,225531.44874582
1773791100,2026-03-17 23:45:00,0.17388,0.174142,0.173649,0.173689,233295.40584952
1773792000,2026-03-18 00:00:00,0.17371,0.174117,0.173469,0.173489,176803.88080038
1773792900,2026-03-18 00:15:00,0.17351,0.173583,0.172828,0.173084,248030.63133944
1773793800,2026-03-18 00:30:00,0.173078,0.173084,0.172442,0.1729,666195.05500523
1773794700,2026-03-18 00:45:00,0.172928,0.17344,0.172928,0.17325,217450.50019688
1773795600,2026-03-18 01:00:00,0.17328,0.173984,0.17328,0.173645,183129.65843161
1773796500,2026-03-18 01:15:00,0.173651,0.173843,0.173458,0.173536,134610.31445545
1773797400,2026-03-18 01:30:00,0.173556,0.174102,0.173508,0.173963,127234.59754837
1773798300,2026-03-18 01:45:00,0.173952,0.174163,0.173659,0.174048,181445.22629327
1773799200,2026-03-18 02:00:00,0.174013,0.174951,0.173835,0.17491,193418.36122191
1773800100,2026-03-18 02:15:00,0.174912,0.1752,0.17452,0.174672,158751.79310346
1773801000,2026-03-18 02:30:00,0.174688,0.17578,0.174677,0.175574,357768.07258198
1773801900,2026-03-18 02:45:00,0.17558,0.175584,0.175104,0.17521,175418.52212636
1773802800,2026-03-18 03:00:00,0.175231,0.175479,0.174789,0.175007,740235.23000479
1773803700,2026-03-18 03:15:00,0.175064,0.177452,0.175032,0.177307,549749.11734938
1773804600,2026-03-18 03:30:00,0.177312,0.177582,0.176417,0.176532,681625.20490077
1773805500,2026-03-18 03:45:00,0.176528,0.176544,0.176212,0.17654,179961.2716834
1773806400,2026-03-18 04:00:00,0.176576,0.176814,0.176416,0.176507,213721.28628404
1773807300,2026-03-18 04:15:00,0.176502,0.176502,0.175456,0.175456,274732.23041296
1773808200,2026-03-18 04:30:00,0.175424,0.175424,0.174936,0.17519,113886.1396149
1773809100,2026-03-18 04:45:00,0.17524,0.17552,0.175083,0.17552,110985.92524198
1773810000,2026-03-18 05:00:00,0.175499,0.176962,0.175459,0.176896,234922.46082047
1773810900,2026-03-18 05:15:00,0.176892,0.177293,0.176165,0.176165,347483.40081314
1773811800,2026-03-18 05:30:00,0.176209,0.17648,0.175778,0.17582,95074.09074667
1773812700,2026-03-18 05:45:00,0.17582,0.17584,0.174888,0.175043,298153.24645175
1773813600,2026-03-18 06:00:00,0.17507,0.17542,0.175033,0.175264,71238.1100675
1773814500,2026-03-18 06:15:00,0.175233,0.176463,0.175137,0.17624,187186.32743643
1773815400,2026-03-18 06:30:00,0.176283,0.17629,0.175362,0.175488,72203.17461298
1773816300,2026-03-18 06:45:00,0.17552,0.175871,0.175136,0.175136,69002.47128959
1773817200,2026-03-18 07:00:00,0.175104,0.175104,0.174559,0.174863,131575.79374252
1773818100,2026-03-18 07:15:00,0.17487,0.174912,0.174495,0.174752,92185.13525618
1773819000,2026-03-18 07:30:00,0.17472,0.175134,0.174464,0.174752,260468.24850557
1773819900,2026-03-18 07:45:00,0.17472,0.175231,0.174656,0.175072,51313.53571412
1773820800,2026-03-18 08:00:00,0.1751,0.17594,0.175087,0.17551,114890.14317593
1773821700,2026-03-18 08:15:00,0.17555,0.175788,0.175279,0.175636,210171.97165231
1773822600,2026-03-18 08:30:00,0.175525,0.17584,0.175104,0.175419,196605.71629892
1773823500,2026-03-18 08:45:00,0.17542,0.175455,0.174709,0.17484,130316.87351962
1773824400,2026-03-18 09:00:00,0.17488,0.175136,0.174712,0.17478,391147.70629637
1773825300,2026-03-18 09:15:00,0.174728,0.175031,0.174509,0.174855,305316.12088416
1773826200,2026-03-18 09:30:00,0.17487,0.17516,0.174817,0.175024,73104.8338777
1773827100,2026-03-18 09:45:00,0.17503,0.175167,0.174784,0.175167,84608.53976707
1773828000,2026-03-18 10:00:00,0.175168,0.175236,0.174528,0.174849,74119.73540137
1773828900,2026-03-18 10:15:00,0.174848,0.174888,0.174617,0.174737,107679.00162471
1773829800,2026-03-18 10:30:00,0.17472,0.17485,0.173568,0.173568,128947.99170229
1773830700,2026-03-18 10:45:00,0.17357,0.173781,0.173311,0.173634,107701.5535427
1773831600,2026-03-18 11:00:00,0.173668,0.174091,0.172964,0.17386,238348.22541935
1773832500,2026-03-18 11:15:00,0.17395,0.174101,0.172693,0.17287,321761.54251337
1773833400,2026-03-18 11:30:00,0.172889,0.173056,0.170558,0.171488,3119022.2707712
1773834300,2026-03-18 11:45:00,0.171442,0.171518,0.170784,0.170816,595239.00693206
1773835200,2026-03-18 12:00:00,0.170784,0.170908,0.170274,0.170568,360186.57397325
1773836100,2026-03-18 12:15:00,0.170656,0.170816,0.17021,0.1704,260292.54014329
1773837000,2026-03-18 12:30:00,0.170386,0.170406,0.168224,0.168862,885457.13516411
1773837900,2026-03-18 12:45:00,0.168888,0.168994,0.168352,0.168746,754661.32788467
1773838800,2026-03-18 13:00:00,0.16875,0.16925,0.167941,0.16925,688059.45469518
1773839700,2026-03-18 13:15:00,0.169184,0.169439,0.168649,0.16895,438493.24810321
1773840600,2026-03-18 13:30:00,0.168864,0.169766,0.168512,0.16904,303544.15210317
1773841500,2026-03-18 13:45:00,0.169004,0.169387,0.168812,0.169117,177473.71952277
1773842400,2026-03-18 14:00:00,0.16912,0.169218,0.167698,0.16795,538332.05943579
1773843300,2026-03-18 14:15:00,0.167921,0.168239,0.167244,0.167409,278226.64730346
1773844200,2026-03-18 14:30:00,0.16741,0.167652,0.166848,0.166848,658418.93508873
1773845100,2026-03-18 14:45:00,0.1669,0.167296,0.16613,0.16626,926823.23097753
1773846000,2026-03-18 15:00:00,0.16628,0.167007,0.165197,0.165664,415551.10808
1773846900,2026-03-18 15:15:00,0.165696,0.166463,0.165598,0.166115,333879.9908535
1773847800,2026-03-18 15:30:00,0.166112,0.166794,0.166064,0.1666,203019.82860784
1773848700,2026-03-18 15:45:00,0.1666,0.167039,0.166405,0.166688,823327.70843854
1773849600,2026-03-18 16:00:00,0.166656,0.166808,0.166376,0.166526,363202.27680081
1773850500,2026-03-18 16:15:00,0.166545,0.166626,0.166063,0.166376,361573.06206425
1773851400,2026-03-18 16:30:00,0.166369,0.166909,0.166151,0.16688,310226.77569004
1773852300,2026-03-18 16:45:00,0.166869,0.167892,0.166802,0.167464,443472.36135462
1773853200,2026-03-18 17:00:00,0.167445,0.167584,0.167008,0.167194,301260.31501655
1773854100,2026-03-18 17:15:00,0.1672,0.168024,0.166951,0.168024,249796.65802848
1773855000,2026-03-18 17:30:00,0.168018,0.169138,0.16771,0.168485,250678.30028306
1773855900,2026-03-18 17:45:00,0.16851,0.168861,0.168337,0.168733,496999.12243729
1773856800,2026-03-18 18:00:00,0.168724,0.170611,0.168724,0.17013,314406.67696683
1773857700,2026-03-18 18:15:00,0.170099,0.170129,0.168888,0.16935,271436.69926822
1773858600,2026-03-18 18:30:00,0.169373,0.170034,0.169302,0.169459,238824.74642537
1773859500,2026-03-18 18:45:00,0.169507,0.16953,0.168001,0.168423,428181.05714178
1773860400,2026-03-18 19:00:00,0.168407,0.169326,0.1683,0.168857,215476.81313114
1773861300,2026-03-18 19:15:00,0.168926,0.169384,0.168575,0.168671,274451.15567591
1773862200,2026-03-18 19:30:00,0.168733,0.168919,0.166969,0.167916,2108222.80767223
1773863100,2026-03-18 19:45:00,0.167916,0.170564,0.167607,0.16834,2455851.37073571
1773864000,2026-03-18 20:00:00,0.168333,0.168344,0.167109,0.168147,396609.8660331
1773864900,2026-03-18 20:15:00,0.168146,0.168577,0.168013,0.168504,194055.24480496
1773865800,2026-03-18 20:30:00,0.168506,0.169508,0.168499,0.169125,186087.40311058
1773866700,2026-03-18 20:45:00,0.169106,0.169731,0.169056,0.169384,206134.09871594
1773867600,2026-03-18 21:00:00,0.169422,0.170194,0.169377,0.169942,289538.09742696
1773868500,2026-03-18 21:15:00,0.169936,0.170889,0.16988,0.17062,91068.52592616
1773869400,2026-03-18 21:30:00,0.17062,0.170746,0.169686,0.169695,236456.42220954
1773870300,2026-03-18 21:45:00,0.169694,0.1701,0.169666,0.1701,150770.75561743
1773871200,2026-03-18 22:00:00,0.170077,0.170077,0.169352,0.169373,288711.17444074
1773872100,2026-03-18 22:15:00,0.169328,0.169601,0.169198,0.169477,93233.6314776
1773873000,2026-03-18 22:30:00,0.169508,0.169664,0.169137,0.169549,243533.304551
1773873900,2026-03-18 22:45:00,0.169477,0.169852,0.169431,0.169789,127949.33280769
1773874800,2026-03-18 23:00:00,0.16988,0.170249,0.169415,0.169415,251531.6793806
1773875700,2026-03-18 23:15:00,0.169393,0.169694,0.1692,0.169648,150544.26575666
1773876600,2026-03-18 23:30:00,0.169648,0.170008,0.169619,0.169818,337902.55558348
1773877500,2026-03-18 23:45:00,0.169818,0.17019,0.169593,0.17019,433822.16093753
1773878400,2026-03-19 00:00:00,0.170174,0.170174,0.169259,0.169732,378989.14420113
1773879300,2026-03-19 00:15:00,0.16975,0.16975,0.168983,0.169483,113578.68613935
1773880200,2026-03-19 00:30:00,0.169457,0.169541,0.168983,0.169039,151284.83408827
1773881100,2026-03-19 00:45:00,0.169023,0.16923,0.168766,0.168826,339199.19272295
1773882000,2026-03-19 01:00:00,0.168829,0.168919,0.168101,0.168364,220825.61706572
1773882900,2026-03-19 01:15:00,0.16835,0.168513,0.16812,0.168432,174175.44588773
1773883800,2026-03-19 01:30:00,0.16845,0.16867,0.168038,0.16863,1097744.15879683
1773884700,2026-03-19 01:45:00,0.16863,0.16868,0.168373,0.16841,162515.0205198
1773885600,2026-03-19 02:00:00,0.168389,0.16907,0.1678,0.168916,119526.15637176
1773886500,2026-03-19 02:15:00,0.16894,0.169246,0.168689,0.16887,97423.50732866
1773887400,2026-03-19 02:30:00,0.168869,0.169016,0.168718,0.168763,71626.50671878
1773888300,2026-03-19 02:45:00,0.168806,0.168877,0.16857,0.16861,105565.79896662
1773889200,2026-03-19 03:00:00,0.168679,0.169809,0.16855,0.169755,416445.66544336
1773890100,2026-03-19 03:15:00,0.169744,0.170756,0.169719,0.17061,1209258.43300057
1773891000,2026-03-19 03:30:00,0.17063,0.170814,0.169938,0.170037,571974.58116485
1773891900,2026-03-19 03:45:00,0.170015,0.170216,0.169836,0.16984,276103.4948431
1773892800,2026-03-19 04:00:00,0.16983,0.169835,0.168792,0.16907,217053.35794146
1773893700,2026-03-19 04:15:00,0.16907,0.169416,0.169039,0.169119,139148.59001174
1773894600,2026-03-19 04:30:00,0.169121,0.169271,0.168766,0.168896,222736.21919251
1773895500,2026-03-19 04:45:00,0.16887,0.16889,0.168536,0.168702,48781.98234461
1773896400,2026-03-19 05:00:00,0.168688,0.169061,0.168576,0.16877,98709.62990668
1773897300,2026-03-19 05:15:00,0.168818,0.168992,0.1685,0.168616,167230.23604986
1773898200,2026-03-19 05:30:00,0.168615,0.168766,0.168399,0.16858,321292.54620616
1773899100,2026-03-19 05:45:00,0.16858,0.168609,0.168293,0.168474,135029.74446977
1773900000,2026-03-19 06:00:00,0.168402,0.169153,0.168298,0.169042,111618.87106455
1773900900,2026-03-19 06:15:00,0.169048,0.169364,0.16822,0.16822,100349.80827678
1773901800,2026-03-19 06:30:00,0.168194,0.16837,0.167567,0.16837,175009.23277758
1773902700,2026-03-19 06:45:00,0.168376,0.168636,0.167764,0.168031,218172.80689585
1773903600,2026-03-19 07:00:00,0.168048,0.168115,0.167206,0.167232,214798.0584272
1773904500,2026-03-19 07:15:00,0.16724,0.16731,0.166166,0.166556,368291.82296589
1773905400,2026-03-19 07:30:00,0.16659,0.167648,0.166556,0.167212,126394.94854248
1773906300,2026-03-19 07:45:00,0.167206,0.167388,0.166972,0.167024,116127.74989861
1773907200,2026-03-19 08:00:00,0.16703,0.167335,0.166707,0.16705,172236.01079059
1773908100,2026-03-19 08:15:00,0.167024,0.167288,0.166843,0.16702,73737.35090924
1773909000,2026-03-19 08:30:00,0.16702,0.167804,0.166868,0.167519,140443.44660849
1773909900,2026-03-19 08:45:00,0.167518,0.1676,0.167096,0.16723,139515.00955142
1773910800,2026-03-19 09:00:00,0.16723,0.16766,0.16723,0.1675,86533.54506992
1773911700,2026-03-19 09:15:00,0.16754,0.168664,0.167362,0.167915,357802.0410372
1773912600,2026-03-19 09:30:00,0.167915,0.16799,0.167544,0.16789,130498.04728003
1773913500,2026-03-19 09:45:00,0.167858,0.168712,0.167856,0.168424,95358.00530683
1773914400,2026-03-19 10:00:00,0.168477,0.16856,0.167954,0.167987,472726.24742757
1773915300,2026-03-19 10:15:00,0.167961,0.168032,0.1677,0.167881,156345.50672267
1773916200,2026-03-19 10:30:00,0.167852,0.167857,0.167657,0.167768,81661.48559729
1773917100,2026-03-19 10:45:00,0.167778,0.167912,0.16731,0.167321,160522.22689327
1773918000,2026-03-19 11:00:00,0.16733,0.167596,0.167187,0.167294,134751.53538513
1773918900,2026-03-19 11:15:00,0.167284,0.16745,0.16718,0.167273,133594.86873054
1773919800,2026-03-19 11:30:00,0.167225,0.167362,0.166257,0.166787,1298069.71238061
1773920700,2026-03-19 11:45:00,0.16684,0.166943,0.166687,0.166692,131946.14952488
1773921600,2026-03-19 12:00:00,0.166695,0.166826,0.166454,0.16666,325709.31635426
1773922500,2026-03-19 12:15:00,0.166634,0.166634,0.165787,0.165787,284415.5704234
1773923400,2026-03-19 12:30:00,0.165781,0.16643,0.165781,0.165945,432473.56658412
1773924300,2026-03-19 12:45:00,0.165942,0.165942,0.164852,0.164852,1262168.76648036
1773925200,2026-03-19 13:00:00,0.16492,0.165524,0.16441,0.164625,353242.78575938
1773926100,2026-03-19 13:15:00,0.16465,0.16565,0.164606,0.165221,236791.61983706
1773927000,2026-03-19 13:30:00,0.165192,0.166687,0.164833,0.166602,344672.07064529
1773927900,2026-03-19 13:45:00,0.166575,0.166975,0.166325,0.1664,261201.95641686
1773928800,2026-03-19 14:00:00,0.166425,0.167034,0.165916,0.165916,158041.227245
1773929700,2026-03-19 14:15:00,0.166,0.16613,0.165371,0.165426,165552.46044414
1773930600,2026-03-19 14:30:00,0.16543,0.16597,0.165356,0.165875,119994.73522809
1773931500,2026-03-19 14:45:00,0.16585,0.166905,0.165775,0.166126,610200.56807295
1773932400,2026-03-19 15:00:00,0.166126,0.166536,0.164971,0.164971,213727.27474498
1773933300,2026-03-19 15:15:00,0.16508,0.165131,0.163827,0.163995,221713.45433152
1773934200,2026-03-19 15:30:00,0.16403,0.16448,0.163977,0.164104,365365.74922595
1773935100,2026-03-19 15:45:00,0.164092,0.165097,0.163908,0.16487,436934.92797099
1773936000,2026-03-19 16:00:00,0.16485,0.16485,0.163909,0.164098,330641.45033548
1773936900,2026-03-19 16:15:00,0.16414,0.16431,0.163626,0.163851,335430.85728478
1773937800,2026-03-19 16:30:00,0.16385,0.164005,0.163311,0.163825,413359.65784203
1773938700,2026-03-19 16:45:00,0.163854,0.1641,0.163583,0.163958,578542.59632697
1773939600,2026-03-19 17:00:00,0.163907,0.164171,0.163614,0.163968,602133.62215357
1773940500,2026-03-19 17:15:00,0.16394,0.165138,0.163782,0.164916,193534.37011816
1773941400,2026-03-19 17:30:00,0.164917,0.16514,0.16457,0.164749,129173.42435554
1773942300,2026-03-19 17:45:00,0.164697,0.16541,0.164595,0.165139,161351.49040085
1773943200,2026-03-19 18:00:00,0.165073,0.165114,0.164571,0.164744,101777.48847684
1773944100,2026-03-19 18:15:00,0.164744,0.165093,0.164424,0.164687,283125.51446226
1773945000,2026-03-19 18:30:00,0.164721,0.164795,0.163841,0.163959,184438.12512589
1773945900,2026-03-19 18:45:00,0.163819,0.164526,0.163593,0.164317,279488.83723791
1773946800,2026-03-19 19:00:00,0.164337,0.16595,0.164214,0.165512,516058.63300623
1773947700,2026-03-19 19:15:00,0.165546,0.166267,0.165347,0.165648,254490.82047896
1773948600,2026-03-19 19:30:00,0.165682,0.165832,0.164995,0.1656,248839.90118941
1773949500,2026-03-19 19:45:00,0.165577,0.165833,0.165078,0.16532,151924.30525491
1773950400,2026-03-19 20:00:00,0.165289,0.165455,0.164979,0.165326,139400.68801581
1773951300,2026-03-19 20:15:00,0.16533,0.165516,0.164961,0.16513,323314.38896784
1773952200,2026-03-19 20:30:00,0.16513,0.165802,0.16512,0.165235,198920.96870301
1773953100,2026-03-19 20:45:00,0.16523,0.165383,0.165004,0.165167,224429.50551121
1773954000,2026-03-19 21:00:00,0.16519,0.165999,0.165184,0.165888,288679.48728915
1773954900,2026-03-19 21:15:00,0.16589,0.165919,0.165344,0.165636,212758.27532267
1773955800,2026-03-19 21:30:00,0.16564,0.165753,0.165347,0.165417,109409.66601347
1773956700,2026-03-19 21:45:00,0.16544,0.165893,0.165299,0.165745,87615.10854095
1773957600,2026-03-19 22:00:00,0.165744,0.165935,0.165294,0.165696,247498.80614517
1773958500,2026-03-19 22:15:00,0.165672,0.16592,0.165457,0.165761,189267.5908537
1773959400,2026-03-19 22:30:00,0.165768,0.165819,0.164903,0.16513,250324.16765178
1773960300,2026-03-19 22:45:00,0.165147,0.165612,0.165071,0.165612,138201.06675621
1773961200,2026-03-19 23:00:00,0.165624,0.166052,0.165624,0.165827,225795.17806722
1773962100,2026-03-19 23:15:00,0.165816,0.165816,0.165217,0.165624,155542.45282161
1773963000,2026-03-19 23:30:00,0.165672,0.165706,0.164712,0.164963,573046.53693921
1773963900,2026-03-19 23:45:00,0.16497,0.165518,0.164855,0.16534,280237.79178901
1773964800,2026-03-20 00:00:00,0.16534,0.165738,0.165216,0.1656,351035.14692125
1773965700,2026-03-20 00:15:00,0.1656,0.166073,0.16525,0.16561,272215.83164265
1773966600,2026-03-20 00:30:00,0.16561,0.166,0.16548,0.16584,144115.10358025
1773967500,2026-03-20 00:45:00,0.165793,0.165912,0.165558,0.16577,132378.12436346
1773968400,2026-03-20 01:00:00,0.165792,0.166271,0.165777,0.165863,240535.62170433
1773969300,2026-03-20 01:15:00,0.165818,0.166272,0.165641,0.166192,393906.19395718
1773970200,2026-03-20 01:30:00,0.16619,0.166927,0.166158,0.166866,256188.20896204
1773971100,2026-03-20 01:45:00,0.166871,0.16688,0.166494,0.166517,211999.84788615
1773972000,2026-03-20 02:00:00,0.16655,0.16666,0.166355,0.166388,180475.25788991
1773972900,2026-03-20 02:15:00,0.166451,0.166451,0.165675,0.16585,236519.61963185
1773973800,2026-03-20 02:30:00,0.165863,0.16644,0.165582,0.16644,280583.82931715
1773974700,2026-03-20 02:45:00,0.166464,0.166734,0.166055,0.166614,242785.04075794
1773975600,2026-03-20 03:00:00,0.16656,0.16698,0.166443,0.166837,114775.91734739
1773976500,2026-03-20 03:15:00,0.166824,0.167232,0.166767,0.167232,120434.37802023
1773977400,2026-03-20 03:30:00,0.167256,0.167517,0.166829,0.166967,130626.64943178
1773978300,2026-03-20 03:45:00,0.16699,0.167234,0.166848,0.166877,471458.26298316
1773979200,2026-03-20 04:00:00,0.166879,0.167434,0.166654,0.167306,188065.91660496
1773980100,2026-03-20 04:15:00,0.167335,0.167335,0.166885,0.167252,141509.56164358
1773981000,2026-03-20 04:30:00,0.167229,0.167229,0.166151,0.1662,220843.81322278
1773981900,2026-03-20 04:45:00,0.16624,0.167536,0.166152,0.167328,122543.33020681
1773982800,2026-03-20 05:00:00,0.167304,0.168648,0.167272,0.168425,778068.03394934
1773983700,2026-03-20 05:15:00,0.16838,0.168554,0.167769,0.167846,176661.11917481
1773984600,2026-03-20 05:30:00,0.167784,0.168443,0.167639,0.16839,64908.5007567
1773985500,2026-03-20 05:45:00,0.16839,0.168456,0.167784,0.167928,117082.3600366
1773986400,2026-03-20 06:00:00,0.167856,0.168049,0.16758,0.167929,431292.9660974
1773987300,2026-03-20 06:15:00,0.167944,0.167944,0.167514,0.167808,67978.29120854
1773988200,2026-03-20 06:30:00,0.167808,0.167975,0.167196,0.16742,319257.02752713
1773989100,2026-03-20 06:45:00,0.167377,0.167544,0.16697,0.167228,65649.9748207
1773990000,2026-03-20 07:00:00,0.167136,0.167136,0.166149,0.166224,77931.28767102
1773990900,2026-03-20 07:15:00,0.166168,0.167055,0.166168,0.166859,164249.88484822
1773991800,2026-03-20 07:30:00,0.166752,0.167868,0.166752,0.16776,205859.76641943
1773992700,2026-03-20 07:45:00,0.167736,0.16776,0.167387,0.167747,159377.96068146
1773993600,2026-03-20 08:00:00,0.167729,0.16892,0.167569,0.168648,154603.19121346
1773994500,2026-03-20 08:15:00,0.168586,0.1686,0.168177,0.168177,107167.72524579
1773995400,2026-03-20 08:30:00,0.168168,0.168409,0.167726,0.16824,174393.8534412
1773996300,2026-03-20 08:45:00,0.168216,0.168311,0.167931,0.167952,102314.20125513
1773997200,2026-03-20 09:00:00,0.16795,0.16795,0.166998,0.166999,182323.06876538
1773998100,2026-03-20 09:15:00,0.166992,0.166992,0.166149,0.166452,127928.8359348
1773999000,2026-03-20 09:30:00,0.16645,0.167034,0.166432,0.16684,109366.84116427
1773999900,2026-03-20 09:45:00,0.166824,0.166976,0.16657,0.16686,144409.54372715
1774000800,2026-03-20 10:00:00,0.16692,0.166975,0.166401,0.166513,230935.29959661
1774001700,2026-03-20 10:15:00,0.166516,0.166984,0.16644,0.16673,139203.94905778
1774002600,2026-03-20 10:30:00,0.166697,0.167688,0.166623,0.167343,214220.00892005
1774003500,2026-03-20 10:45:00,0.16735,0.16745,0.167255,0.167256,71239.71121686
1774004400,2026-03-20 11:00:00,0.167297,0.167923,0.167188,0.16788,154679.99823079
1774005300,2026-03-20 11:15:00,0.167832,0.167833,0.167258,0.16734,139348.93464314
1774006200,2026-03-20 11:30:00,0.167328,0.16744,0.166554,0.166807,215044.05514758
1774007100,2026-03-20 11:45:00,0.166752,0.167338,0.16665,0.16733,62029.16928939
1774008000,2026-03-20 12:00:00,0.16733,0.167886,0.16733,0.167427,215747.08016819
1774008900,2026-03-20 12:15:00,0.16745,0.167467,0.167065,0.167259,110695.24269585
1774009800,2026-03-20 12:30:00,0.167256,0.16733,0.166828,0.16703,88914.04851582
1774010700,2026-03-20 12:45:00,0.16703,0.167112,0.166749,0.167112,98743.34360891
1774011600,2026-03-20 13:00:00,0.167043,0.167282,0.166458,0.166685,296252.68634547
1774012500,2026-03-20 13:15:00,0.166753,0.16737,0.166529,0.166848,154878.13810956
1774013400,2026-03-20 13:30:00,0.166842,0.167009,0.165748,0.166894,638780.13517495
1774014300,2026-03-20 13:45:00,0.166804,0.166882,0.165816,0.16606,792656.97293209
1774015200,2026-03-20 14:00:00,0.166,0.16667,0.1656,0.165905,775800.73157496
1774016100,2026-03-20 14:15:00,0.165967,0.16659,0.165618,0.16627,626987.54424225
1774017000,2026-03-20 14:30:00,0.16631,0.167083,0.16631,0.16665,139508.23183026
1774017900,2026-03-20 14:45:00,0.16665,0.166734,0.165821,0.165948,174367.23354798
1774018800,2026-03-20 15:00:00,0.16595,0.16637,0.165252,0.166145,182671.45167775
1774019700,2026-03-20 15:15:00,0.166091,0.166731,0.165604,0.166067,308944.43379145
1774020600,2026-03-20 15:30:00,0.166042,0.166429,0.165935,0.165949,194284.29899269
1774021500,2026-03-20 15:45:00,0.165937,0.166215,0.165788,0.166103,134140.13766792
1774022400,2026-03-20 16:00:00,0.166124,0.166393,0.165515,0.165515,442321.55975768
1774023300,2026-03-20 16:15:00,0.16548,0.165942,0.165257,0.165911,143291.39903804
1774024200,2026-03-20 16:30:00,0.165852,0.165876,0.165242,0.165515,83147.03759877
1774025100,2026-03-20 16:45:00,0.165492,0.165934,0.165092,0.165677,553470.24125623
1774026000,2026-03-20 17:00:00,0.1657,0.165859,0.165325,0.165509,160175.87560592
1774026900,2026-03-20 17:15:00,0.165575,0.165829,0.165267,0.165387,165543.89275283
1774027800,2026-03-20 17:30:00,0.16539,0.165535,0.164806,0.16505,348276.68863624
1774028700,2026-03-20 17:45:00,0.16508,0.166,0.164849,0.165925,168614.20952307
1774029600,2026-03-20 18:00:00,0.165925,0.166109,0.1657,0.165898,172878.26468024
1774030500,2026-03-20 18:15:00,0.165899,0.16595,0.164905,0.16499,237379.25633431
1774031400,2026-03-20 18:30:00,0.16499,0.16499,0.164241,0.164439,336299.20187476
1774032300,2026-03-20 18:45:00,0.164427,0.164746,0.163904,0.16408,302998.05029818
1774033200,2026-03-20 19:00:00,0.164125,0.164392,0.163825,0.164106,174028.51064632
1774034100,2026-03-20 19:15:00,0.164075,0.164167,0.1636,0.163962,179583.30908027
1774035000,2026-03-20 19:30:00,0.16399,0.16433,0.163304,0.164308,308803.40504758
1774035900,2026-03-20 19:45:00,0.164325,0.164762,0.16415,0.16457,141290.19530588
1774036800,2026-03-20 20:00:00,0.164607,0.1647,0.1643,0.164465,319963.60920989
1774037700,2026-03-20 20:15:00,0.16445,0.16445,0.16384,0.163882,372929.16134025
1774038600,2026-03-20 20:30:00,0.163906,0.164126,0.163425,0.163856,642018.63466494
1774039500,2026-03-20 20:45:00,0.163846,0.164285,0.163775,0.164076,753533.75635533
1774040400,2026-03-20 21:00:00,0.16413,0.164226,0.1638,0.164178,271819.02239189
1774041300,2026-03-20 21:15:00,0.1642,0.165564,0.164164,0.16512,209595.47071135
1774042200,2026-03-20 21:30:00,0.16516,0.16575,0.1649,0.164999,201696.11271922
1774043100,2026-03-20 21:45:00,0.164999,0.165232,0.164956,0.16517,112123.31363617
1774044000,2026-03-20 22:00:00,0.16517,0.166169,0.16517,0.16598,180087.07785075
1774044900,2026-03-20 22:15:00,0.165935,0.166021,0.165707,0.16574,110764.8035537
1774045800,2026-03-20 22:30:00,0.16575,0.165827,0.16545,0.1657,81591.32341823
1774046700,2026-03-20 22:45:00,0.1657,0.166019,0.165496,0.165496,265421.28523556
1774047600,2026-03-20 23:00:00,0.16552,0.16552,0.164931,0.165083,197759.33140174
1774048500,2026-03-20 23:15:00,0.165064,0.165276,0.16491,0.165202,304891.51326436
1774049400,2026-03-20 23:30:00,0.165179,0.165695,0.16512,0.165648,327525.50914094
1774050300,2026-03-20 23:45:00,0.16566,0.16578,0.165376,0.16547,207866.05396152
1774051200,2026-03-21 00:00:00,0.16551,0.165603,0.1653,0.16551,82036.96936163
1774052100,2026-03-21 00:15:00,0.165472,0.16596,0.165359,0.16565,196174.80469295
1774053000,2026-03-21 00:30:00,0.165665,0.16581,0.165393,0.165522,122040.92324203
1774053900,2026-03-21 00:45:00,0.16548,0.165731,0.16536,0.16558,116275.82499942
1774054800,2026-03-21 01:00:00,0.165599,0.165986,0.165511,0.165614,78900.06130868
1774055700,2026-03-21 01:15:00,0.1656,0.1656,0.165259,0.165332,68573.9147017
1774056600,2026-03-21 01:30:00,0.165282,0.16539,0.165104,0.165176,45470.34412638
1774057500,2026-03-21 01:45:00,0.16509,0.165253,0.16503,0.165113,60821.9306368
1774058400,2026-03-21 02:00:00,0.165105,0.16515,0.164923,0.165059,80740.6097213
1774059300,2026-03-21 02:15:00,0.16505,0.16578,0.16504,0.1657,54091.83585416
1774060200,2026-03-21 02:30:00,0.1657,0.165821,0.165502,0.165648,103896.57438142
1774061100,2026-03-21 02:45:00,0.16565,0.165788,0.165459,0.16554,125447.63530732
1774062000,2026-03-21 03:00:00,0.16554,0.165822,0.165271,0.165596,71880.43898597
1774062900,2026-03-21 03:15:00,0.165553,0.16578,0.1654,0.165644,34842.3766848
1774063800,2026-03-21 03:30:00,0.165694,0.165791,0.165594,0.165743,73672.6899832
1774064700,2026-03-21 03:45:00,0.165725,0.16584,0.165627,0.16572,59761.31588211
1774065600,2026-03-21 04:00:00,0.16569,0.16587,0.1656,0.16568,72322.78064373
1774066500,2026-03-21 04:15:00,0.165707,0.1659,0.165694,0.16578,51666.43660873
1774067400,2026-03-21 04:30:00,0.16575,0.16575,0.165217,0.165308,72372.62808405
1774068300,2026-03-21 04:45:00,0.16531,0.16566,0.16528,0.165647,22672.39863187
1774069200,2026-03-21 05:00:00,0.165626,0.166235,0.165626,0.166235,84738.14207516
1774070100,2026-03-21 05:15:00,0.166176,0.166512,0.166166,0.16636,35631.20822625
1774071000,2026-03-21 05:30:00,0.16632,0.166649,0.166249,0.16632,82874.58599209
1774071900,2026-03-21 05:45:00,0.166352,0.16638,0.166103,0.16615,75702.03900303
1774072800,2026-03-21 06:00:00,0.166149,0.166245,0.165993,0.166191,103147.11216156
1774073700,2026-03-21 06:15:00,0.16623,0.16656,0.166148,0.16656,35572.71703402
1774074600,2026-03-21 06:30:00,0.16659,0.1669,0.16641,0.16641,81451.45718853
1774075500,2026-03-21 06:45:00,0.16638,0.1664,0.166202,0.166207,96303.98674284
1774076400,2026-03-21 07:00:00,0.166205,0.166333,0.166022,0.166114,161303.19244408
1774077300,2026-03-21 07:15:00,0.166122,0.16635,0.166053,0.16631,64257.68891762
1774078200,2026-03-21 07:30:00,0.16631,0.166349,0.16581,0.16581,52804.60976798
1774079100,2026-03-21 07:45:00,0.16578,0.16578,0.165336,0.165446,32300.56581664
1774080000,2026-03-21 08:00:00,0.16545,0.165819,0.16545,0.165592,30425.75611897
1774080900,2026-03-21 08:15:00,0.16554,0.165567,0.165406,0.16541,32748.73621582
1774081800,2026-03-21 08:30:00,0.16541,0.1656,0.165331,0.1656,79654.78875564
1774082700,2026-03-21 08:45:00,0.165566,0.165566,0.165391,0.165509,12037.69330306
1774083600,2026-03-21 09:00:00,0.165538,0.16575,0.16546,0.165634,38535.58448188
1774084500,2026-03-21 09:15:00,0.165567,0.165779,0.16518,0.165467,718139.85733242
1774085400,2026-03-21 09:30:00,0.165455,0.16546,0.16527,0.16529,34176.00890185
1774086300,2026-03-21 09:45:00,0.16529,0.165328,0.165148,0.165307,107034.31763535
1774087200,2026-03-21 10:00:00,0.16527,0.165308,0.164909,0.165047,122407.7662964
1774088100,2026-03-21 10:15:00,0.165054,0.165169,0.164934,0.164984,77229.32163513
1774089000,2026-03-21 10:30:00,0.164979,0.165277,0.164958,0.165206,50810.92428362
1774089900,2026-03-21 10:45:00,0.165177,0.165212,0.165025,0.165125,76219.2402128
1774090800,2026-03-21 11:00:00,0.165124,0.165248,0.16504,0.165224,38914.29641351
1774091700,2026-03-21 11:15:00,0.165173,0.1655,0.165138,0.165313,88216.82094756
1774092600,2026-03-21 11:30:00,0.165303,0.165303,0.16498,0.165128,39470.12528854
1774093500,2026-03-21 11:45:00,0.165124,0.1653,0.165032,0.165229,38300.12777402
1774094400,2026-03-21 12:00:00,0.165228,0.165397,0.165135,0.165228,34324.19103161
1774095300,2026-03-21 12:15:00,0.165208,0.165594,0.165161,0.1655,79096.35020679
1774096200,2026-03-21 12:30:00,0.1655,0.165708,0.165417,0.1656,53610.79490623
1774097100,2026-03-21 12:45:00,0.165586,0.165631,0.165459,0.16551,37169.8884011
1774098000,2026-03-21 13:00:00,0.16551,0.1656,0.165452,0.16554,55118.99634434
1774098900,2026-03-21 13:15:00,0.16554,0.165668,0.165313,0.165313,105245.38935803
1774099800,2026-03-21 13:30:00,0.165351,0.165438,0.165211,0.165249,111772.75331281
1774100700,2026-03-21 13:45:00,0.165228,0.165606,0.165064,0.165606,93155.14062067
1774101600,2026-03-21 14:00:00,0.165591,0.166508,0.16546,0.16618,166814.98179312
1774102500,2026-03-21 14:15:00,0.16618,0.166244,0.1658,0.165822,92949.58553724
1774103400,2026-03-21 14:30:00,0.16584,0.166068,0.165739,0.165739,109672.23153715
1774104300,2026-03-21 14:45:00,0.16579,0.16581,0.165087,0.165136,96435.6854697
1774105200,2026-03-21 15:00:00,0.16512,0.1654,0.16504,0.165353,135473.13524578
1774106100,2026-03-21 15:15:00,0.16535,0.165646,0.165067,0.16561,151919.76761946
1774107000,2026-03-21 15:30:00,0.165648,0.166045,0.165648,0.16567,149244.07651653
1774107900,2026-03-21 15:45:00,0.165648,0.166159,0.165648,0.16615,105308.96812203
1774108800,2026-03-21 16:00:00,0.166168,0.166422,0.166075,0.16624,54739.24815001
1774109700,2026-03-21 16:15:00,0.166254,0.166425,0.165775,0.165919,149921.34807479
1774110600,2026-03-21 16:30:00,0.1659,0.166169,0.165634,0.165898,90875.05497576
1774111500,2026-03-21 16:45:00,0.165895,0.165992,0.165673,0.165768,122336.22429093
1774112400,2026-03-21 17:00:00,0.165744,0.165862,0.165427,0.16549,81222.07583834
1774113300,2026-03-21 17:15:00,0.165396,0.16566,0.165295,0.165646,87030.3181205
1774114200,2026-03-21 17:30:00,0.165602,0.165841,0.165592,0.165725,89053.87154703
1774115100,2026-03-21 17:45:00,0.165752,0.165848,0.165545,0.165655,153372.32331673
1774116000,2026-03-21 18:00:00,0.165646,0.165646,0.16548,0.165566,66535.64687505
1774116900,2026-03-21 18:15:00,0.1656,0.165706,0.165509,0.165609,121790.81403112
1774117800,2026-03-21 18:30:00,0.1656,0.165968,0.165538,0.165945,83935.8305977
1774118700,2026-03-21 18:45:00,0.165941,0.165941,0.16545,0.165499,68607.03497384
1774119600,2026-03-21 19:00:00,0.16545,0.165561,0.165407,0.16552,106401.6484495
1774120500,2026-03-21 19:15:00,0.165501,0.165559,0.165407,0.16548,76292.4595544
1774121400,2026-03-21 19:30:00,0.165476,0.165528,0.165206,0.165309,112399.05338333
1774122300,2026-03-21 19:45:00,0.16528,0.16545,0.165203,0.165335,82728.46556334
1774123200,2026-03-21 20:00:00,0.165346,0.1656,0.16525,0.165526,105816.06552885
1774124100,2026-03-21 20:15:00,0.16557,0.16568,0.16532,0.165666,87732.95589797
1774125000,2026-03-21 20:30:00,0.165675,0.165822,0.165593,0.165672,204679.5408186
1774125900,2026-03-21 20:45:00,0.16569,0.165749,0.165613,0.16573,91476.30359254
1774126800,2026-03-21 21:00:00,0.165712,0.16575,0.165405,0.165549,152778.90536772
1774127700,2026-03-21 21:15:00,0.16555,0.165575,0.165392,0.165451,60906.04556225
1774128600,2026-03-21 21:30:00,0.16545,0.1657,0.165425,0.165588,73824.81743848
1774129500,2026-03-21 21:45:00,0.1655,0.165581,0.1652,0.16545,118165.15625833
1774130400,2026-03-21 22:00:00,0.165325,0.165325,0.16496,0.165189,76691.89612813
1774131300,2026-03-21 22:15:00,0.165164,0.165319,0.165076,0.165275,100211.88825441
1774132200,2026-03-21 22:30:00,0.165274,0.165549,0.165199,0.165257,61779.49704271
1774133100,2026-03-21 22:45:00,0.165319,0.165369,0.165128,0.165185,162270.11801198
1774134000,2026-03-21 23:00:00,0.165157,0.16518,0.164941,0.165077,176150.42237954
1774134900,2026-03-21 23:15:00,0.165054,0.1652,0.164903,0.164989,174010.26924817
1774135800,2026-03-21 23:30:00,0.164952,0.165113,0.164887,0.164944,164458.22277458
1774136700,2026-03-21 23:45:00,0.164925,0.164925,0.161343,0.162144,3405681.3009982
1774137600,2026-03-22 00:00:00,0.162075,0.162178,0.159829,0.161125,1241337.01622937
1774138500,2026-03-22 00:15:00,0.161066,0.16225,0.161066,0.162178,381026.85167621
1774139400,2026-03-22 00:30:00,0.16218,0.162825,0.16205,0.162175,229592.38339228
1774140300,2026-03-22 00:45:00,0.16216,0.162459,0.161531,0.161655,119027.25540468
1774141200,2026-03-22 01:00:00,0.1617,0.16235,0.1617,0.161956,156978.96474697
1774142100,2026-03-22 01:15:00,0.16195,0.162312,0.161518,0.16161,136250.09109724
1774143000,2026-03-22 01:30:00,0.16165,0.161809,0.161,0.161117,162108.97343726
1774143900,2026-03-22 01:45:00,0.1612,0.161825,0.1612,0.161825,112066.98929016
1774144800,2026-03-22 02:00:00,0.161849,0.162022,0.161676,0.161969,93183.91429766
1774145700,2026-03-22 02:15:00,0.161925,0.163131,0.1617,0.162748,194247.59749243
1774146600,2026-03-22 02:30:00,0.16279,0.16283,0.162075,0.162198,157484.46034944
1774147500,2026-03-22 02:45:00,0.1622,0.162829,0.162175,0.162625,292094.02317183
1774148400,2026-03-22 03:00:00,0.1626,0.162606,0.162191,0.162586,74886.61049652
1774149300,2026-03-22 03:15:00,0.1626,0.163453,0.162384,0.163125,215272.71151318
1774150200,2026-03-22 03:30:00,0.16315,0.1637,0.16272,0.162855,310584.59946933
1774151100,2026-03-22 03:45:00,0.162799,0.162819,0.162354,0.162434,58063.24606082
1774152000,2026-03-22 04:00:00,0.162388,0.162841,0.162276,0.162538,78753.9436143
1774152900,2026-03-22 04:15:00,0.16255,0.16275,0.161786,0.161921,156950.93891456
1774153800,2026-03-22 04:30:00,0.16187,0.162424,0.16175,0.162232,120908.36224269
1774154700,2026-03-22 04:45:00,0.16224,0.162452,0.16224,0.1624,116077.81372783
1774155600,2026-03-22 05:00:00,0.162401,0.162522,0.16215,0.16228,140971.77615747
1774156500,2026-03-22 05:15:00,0.162233,0.162613,0.162126,0.162147,173648.29665906
1774157400,2026-03-22 05:30:00,0.1622,0.16231,0.162076,0.162076,75357.35987334
1774158300,2026-03-22 05:45:00,0.162075,0.16222,0.161825,0.161825,34810.20849914
1774159200,2026-03-22 06:00:00,0.1618,0.161833,0.16135,0.16135,29006.78285978
1774160100,2026-03-22 06:15:00,0.16135,0.1617,0.161333,0.1617,74818.95882061
1774161000,2026-03-22 06:30:00,0.1617,0.161791,0.161425,0.161496,41406.88681133
1774161900,2026-03-22 06:45:00,0.16145,0.1616,0.161325,0.161503,47755.3360883
1774162800,2026-03-22 07:00:00,0.161501,0.16178,0.161458,0.161525,94784.70812447
1774163700,2026-03-22 07:15:00,0.161577,0.1616,0.161416,0.16145,73659.84100687
1774164600,2026-03-22 07:30:00,0.161451,0.161477,0.160773,0.160864,196673.10200835
1774165500,2026-03-22 07:45:00,0.160855,0.160991,0.159941,0.16005,504015.27827605
1774166400,2026-03-22 08:00:00,0.16,0.160225,0.1597,0.159925,191589.48801862
1774167300,2026-03-22 08:15:00,0.159913,0.159913,0.159172,0.159325,530262.83008066
1774168200,2026-03-22 08:30:00,0.15938,0.15975,0.15925,0.159587,180466.37809239
1774169100,2026-03-22 08:45:00,0.15959,0.15975,0.159509,0.159541,121966.23272399
1774170000,2026-03-22 09:00:00,0.15955,0.160072,0.15955,0.159859,947744.36589565
1774170900,2026-03-22 09:15:00,0.15986,0.159975,0.159326,0.159435,209815.09877238
1774171800,2026-03-22 09:30:00,0.1594,0.159664,0.159325,0.159375,76910.26798499
1774172700,2026-03-22 09:45:00,0.15938,0.15955,0.159356,0.159515,71560.67438638
1774173600,2026-03-22 10:00:00,0.159515,0.159649,0.158944,0.158997,57333.47986914
1774174500,2026-03-22 10:15:00,0.15895,0.159131,0.15865,0.1587,78074.30877493
1774175400,2026-03-22 10:30:00,0.158725,0.158851,0.158494,0.15858,210674.03049361
1774176300,2026-03-22 10:45:00,0.1586,0.15873,0.158461,0.15854,74167.7995114
1774177200,2026-03-22 11:00:00,0.15854,0.15883,0.158362,0.158653,111295.57176375
1774178100,2026-03-22 11:15:00,0.158657,0.158942,0.1584,0.15867,111883.47309239
1774179000,2026-03-22 11:30:00,0.158651,0.159069,0.15865,0.15895,111510.4785486
1774179900,2026-03-22 11:45:00,0.15893,0.159,0.158601,0.158706,108380.85091924
1774180800,2026-03-22 12:00:00,0.158703,0.159232,0.158703,0.159144,92803.14096238
1774181700,2026-03-22 12:15:00,0.15916,0.160306,0.159109,0.160093,160788.24706638
1774182600,2026-03-22 12:30:00,0.160075,0.160119,0.159506,0.15956,181736.92721024
1774183500,2026-03-22 12:45:00,0.159543,0.159802,0.159352,0.15976,191643.99928923
1774184400,2026-03-22 13:00:00,0.1598,0.160416,0.159783,0.15983,192013.34583998
1774185300,2026-03-22 13:15:00,0.15983,0.159866,0.159494,0.159726,110410.91534739
1774186200,2026-03-22 13:30:00,0.159775,0.15993,0.15935,0.159535,99551.29394755
1774187100,2026-03-22 13:45:00,0.159534,0.15965,0.15935,0.15965,121741.43985232
1774188000,2026-03-22 14:00:00,0.159675,0.159721,0.159017,0.159411,135828.48847362
1774188900,2026-03-22 14:15:00,0.159415,0.159747,0.1593,0.159418,96898.47163742
1774189800,2026-03-22 14:30:00,0.159416,0.159537,0.159241,0.15941,106358.63031901
1774190700,2026-03-22 14:45:00,0.159392,0.1594,0.158963,0.159225,261737.49504384
1774191600,2026-03-22 15:00:00,0.15925,0.159707,0.15925,0.159525,124534.84607583
1774192500,2026-03-22 15:15:00,0.159507,0.15969,0.158879,0.15907,515685.90642456
1774193400,2026-03-22 15:30:00,0.15905,0.15905,0.158566,0.158779,492625.64978392
1774194300,2026-03-22 15:45:00,0.158751,0.159137,0.15875,0.159137,495792.92163551
1774195200,2026-03-22 16:00:00,0.159103,0.15912,0.158761,0.1591,659647.71477334
1774196100,2026-03-22 16:15:00,0.159125,0.159357,0.159001,0.15908,90207.88732311
1774197000,2026-03-22 16:30:00,0.159057,0.159201,0.158937,0.15905,144889.96666297
1774197900,2026-03-22 16:45:00,0.15905,0.159324,0.1571,0.157777,3208001.42688861
1774198800,2026-03-22 17:00:00,0.157743,0.158066,0.157556,0.157975,278412.77615445
1774199700,2026-03-22 17:15:00,0.15798,0.158077,0.157729,0.15791,181690.20152272
1774200600,2026-03-22 17:30:00,0.15793,0.158117,0.157744,0.157775,139110.17399139
1774201500,2026-03-22 17:45:00,0.15778,0.157998,0.157561,0.157584,228837.41432493
1774202400,2026-03-22 18:00:00,0.157575,0.157607,0.157166,0.15756,801828.54846722
1774203300,2026-03-22 18:15:00,0.15755,0.15755,0.157203,0.157376,553102.40588044
