id,source_type,source_file,raw_text,name,url,domain,category,subcategory,purpose,department,agent_owner,use_case,data_type,access_type,cost_level,risk_level,legal_notes,setup_steps,example_prompt,tags,priority_score,verified_status,last_checked,notes
EIC-0001,spreadsheet,API_Mega_List_Repository_Index.xlsx,"agents-apis-697 | Agents & AI Agents | AI agents, autonomous workflows, assistants | 697",agents-apis-697,,agents-apis-697,AI & Automation,,"AI agents, autonomous workflows, assistants",DevOps Desk,Nova Ling,"Nova Ling reaches for agents-apis-697 when building or extending Hive automation: agents, workflows, prompts, models, vector stores. Slot into existing 03_AUTOMATION_CORE/ scripts.",,free,free,low,,"1. Open https://agents-apis-697 for docs.
2. If it's a model/API, capture endpoint + auth into `06_DEVELOPMENT/everlight_os/secrets/`.
3. Add a wrapper in `content_tools/` so all agents share one entry point.",,ai,4,checked,2026-05-12,sheet_category=Agents & AI Agents; api_count=697
EIC-0002,spreadsheet,API_Mega_List_Repository_Index.xlsx,"automation-apis-4825 | Automation | Workflow automation, bots, integrations | 4825",automation-apis-4825,,automation-apis-4825,AI & Automation,,"Workflow automation, bots, integrations",DevOps Desk,Nova Ling,"Nova Ling reaches for automation-apis-4825 when building or extending Hive automation: agents, workflows, prompts, models, vector stores. Slot into existing 03_AUTOMATION_CORE/ scripts.",,free,free,low,,"1. Open https://automation-apis-4825 for docs.
2. If it's a model/API, capture endpoint + auth into `06_DEVELOPMENT/everlight_os/secrets/`.
3. Add a wrapper in `content_tools/` so all agents share one entry point.",,workflow automation,4,checked,2026-05-12,sheet_category=Automation; api_count=4825
EIC-0003,spreadsheet,Everlight_Free_Resources_List.xlsx,lexica.art | AI prompts | Search engine for AI-generated image prompts.,Lexica,https://lexica.art,lexica.art,AI & Automation,,Search engine for AI-generated image prompts.,DevOps Desk,Nova Ling,"Nova Ling reaches for lexica.art when building or extending Hive automation: agents, workflows, prompts, models, vector stores. Slot into existing 03_AUTOMATION_CORE/ scripts.",,free,free,low,,"1. Open https://lexica.art for docs.
2. If it's a model/API, capture endpoint + auth into `06_DEVELOPMENT/everlight_os/secrets/`.
3. Add a wrapper in `content_tools/` so all agents share one entry point.",,ai,4,checked,2026-05-12,sheet_category=AI prompts | photo_topic=Essential Tools you'll wish you found earlier
EIC-0004,spreadsheet,Everlight_Free_Resources_List.xlsx,napkin.ai | AI diagrams | Turns text into diagrams and visuals.,Napkin,https://napkin.ai,napkin.ai,AI & Automation,,Turns any text into diagrams and visuals,DevOps Desk,Nova Ling,"Nova Ling reaches for napkin.ai when building or extending Hive automation: agents, workflows, prompts, models, vector stores. Slot into existing 03_AUTOMATION_CORE/ scripts.",,free,free,low,,"1. Open https://napkin.ai for docs.
2. If it's a model/API, capture endpoint + auth into `06_DEVELOPMENT/everlight_os/secrets/`.
3. Add a wrapper in `content_tools/` so all agents share one entry point.",,ai,4,checked,2026-05-12,sheet_category=AI diagrams | photo_topic=Essential Tools you'll wish you found earlier
EIC-0005,spreadsheet,Everlight_Free_Resources_List.xlsx,patterned.ai | Design | Creates patterns for graphic design.,Patterned,https://patterned.ai,patterned.ai,AI & Automation,,Creates patterns for graphic design.,DevOps Desk,Nova Ling,"Nova Ling reaches for patterned.ai when building or extending Hive automation: agents, workflows, prompts, models, vector stores. Slot into existing 03_AUTOMATION_CORE/ scripts.",,free,free,low,,"1. Open https://patterned.ai for docs.
2. If it's a model/API, capture endpoint + auth into `06_DEVELOPMENT/everlight_os/secrets/`.
3. Add a wrapper in `content_tools/` so all agents share one entry point.",,ai,4,checked,2026-05-12,sheet_category=Design | photo_topic=Essential Tools you'll wish you found earlier
EIC-0006,spreadsheet,Everlight_Free_Resources_List.xlsx,rationale.jina.ai | Decision analysis | Breaks decisions down with structured logic.,Rationale,https://rationale.jina.ai,rationale.jina.ai,AI & Automation,,Breaks down any decision with structured logic,DevOps Desk,Nova Ling,"Nova Ling reaches for rationale.jina.ai when building or extending Hive automation: agents, workflows, prompts, models, vector stores. Slot into existing 03_AUTOMATION_CORE/ scripts.",,free,free,low,,"1. Open https://rationale.jina.ai for docs.
2. If it's a model/API, capture endpoint + auth into `06_DEVELOPMENT/everlight_os/secrets/`.
3. Add a wrapper in `content_tools/` so all agents share one entry point.",,ai,4,checked,2026-05-12,sheet_category=Decision analysis | photo_topic=Essential Tools you'll wish you found earlier
EIC-0007,spreadsheet,API_Mega_List_Repository_Index.xlsx,social-media-apis-3268 | Social Media | Social media automation/data | 3268,social-media-apis-3268,,social-media-apis-3268,AI & Automation,,Social media automation/data,DevOps Desk,Nova Ling,"Nova Ling reaches for social-media-apis-3268 when building or extending Hive automation: agents, workflows, prompts, models, vector stores. Slot into existing 03_AUTOMATION_CORE/ scripts.",,free,free,low,,"1. Open https://social-media-apis-3268 for docs.
2. If it's a model/API, capture endpoint + auth into `06_DEVELOPMENT/everlight_os/secrets/`.
3. Add a wrapper in `content_tools/` so all agents share one entry point.",,automation,4,checked,2026-05-12,sheet_category=Social Media; api_count=3268
EIC-0008,photo_ocr,FB_IMG_1778509090589.jpg,« codeberg.org - Reliable Free code hosting,Codeberg,https://codeberg.org,codeberg.org,APIs & Developer Tools,,Reliable Free code hosting,DevOps Desk,Engineering Foreman,"Engineering Foreman uses codeberg.org to build, test, or deploy. Drop into the engineering toolbox; reference from `49_engineering_assistant.md` runbooks.",,free,free,low,,"1. Open https://codeberg.org for docs.
2. Install / clone as needed.
3. Add to `06_DEVELOPMENT/` if it becomes part of the stack.",,code,3,auto,2026-05-12,photo_topic=Free Tools that handle tasks you've been avoiding
EIC-0009,spreadsheet,API_Mega_List_Repository_Index.xlsx,"developer-tools-apis-2652 | Developer Tools | Developer tooling, code, CI/CD | 2652",developer-tools-apis-2652,,developer-tools-apis-2652,APIs & Developer Tools,,"Developer tooling, code, CI/CD",DevOps Desk,Engineering Foreman,"Engineering Foreman uses developer-tools-apis-2652 to build, test, or deploy. Drop into the engineering toolbox; reference from `49_engineering_assistant.md` runbooks.",,free,free,low,,"1. Open https://developer-tools-apis-2652 for docs.
2. Install / clone as needed.
3. Add to `06_DEVELOPMENT/` if it becomes part of the stack.",,ci/cd,4,checked,2026-05-12,sheet_category=Developer Tools; api_count=2652
EIC-0010,photo_ocr,FB_IMG_1778509507011.jpg,¢ softwareheritage.org - Archive preserving all publicly available source code,Softwareheritage,https://softwareheritage.org,softwareheritage.org,APIs & Developer Tools,,Archive preserving all publicly available source code,DevOps Desk,Engineering Foreman,"Engineering Foreman uses softwareheritage.org to build, test, or deploy. Drop into the engineering toolbox; reference from `49_engineering_assistant.md` runbooks.",,free,free,low,,"1. Open https://softwareheritage.org for docs.
2. Install / clone as needed.
3. Add to `06_DEVELOPMENT/` if it becomes part of the stack.",,code,3,auto,2026-05-12,photo_topic=platforms for finding hard to  access information..
EIC-0011,photo_ocr,FB_IMG_1778509507011.jpg,¢ adsb.fi - Community flight tracking data..,Adsb,https://adsb.fi,adsb.fi,Aviation & Maritime,domain-override,Community flight tracking data,Trading Desk,Bull Archer,"Bull Archer tracks adsb.fi for live flight, vessel, or supply-chain movement. Use to confirm physical presence (charter routes, cargo deliveries, anomalies in port traffic).",,free,free,low,,"1. Open https://adsb.fi.
2. Live pull: `intel pull adsb.fi` -- captures positions if a public API exists.
3. Cross-reference with logistics-desk shipment tracker.",,,3,auto-domain,2026-05-12,photo_topic=platforms for finding hard to  access information..
EIC-0012,photo_ocr,FB_IMG_1778509230543.jpg,« dronezon.com - Learn drone systems flight control and sensors,Dronezon,https://dronezon.com,dronezon.com,Aviation & Maritime,domain-override,Learn drone systems flight control and sensors,Trading Desk,Bull Archer,"Bull Archer tracks dronezon.com for live flight, vessel, or supply-chain movement. Use to confirm physical presence (charter routes, cargo deliveries, anomalies in port traffic).",,free,free,low,,"1. Open https://dronezon.com.
2. Live pull: `intel pull dronezon.com` -- captures positions if a public API exists.
3. Cross-reference with logistics-desk shipment tracker.",,,3,auto-domain,2026-05-12,photo_topic=Platforms to decode how different systems operate | e engine sim.parts   See engine internals move in real time
EIC-0013,photo_ocr,FB_IMG_1778509238072.jpg,¢ flightradar24.com - live flights across the globe,Flightradar24,https://flightradar24.com,flightradar24.com,Aviation & Maritime,domain-override,live flights across the globe,Trading Desk,Bull Archer,"Bull Archer tracks flightradar24.com for live flight, vessel, or supply-chain movement. Use to confirm physical presence (charter routes, cargo deliveries, anomalies in port traffic).",,free,free,low,,"1. Open https://flightradar24.com.
2. Live pull: `intel pull flightradar24.com` -- captures positions if a public API exists.
3. Cross-reference with logistics-desk shipment tracker.",,,3,auto-domain,2026-05-12,photo_topic=sites that let you interact with live global data
EIC-0014,photo_ocr,FB_IMG_1778509238072.jpg,¢ globe.adsbexchange.com - live military and civilian flights,Globe,https://globe.adsbexchange.com,globe.adsbexchange.com,Aviation & Maritime,domain-override,Track aircraft globally and flight patterns,Trading Desk,Bull Archer,"Bull Archer tracks globe.adsbexchange.com for live flight, vessel, or supply-chain movement. Use to confirm physical presence (charter routes, cargo deliveries, anomalies in port traffic).",,free,free,low,,"1. Open https://globe.adsbexchange.com.
2. Live pull: `intel pull globe.adsbexchange.com` -- captures positions if a public API exists.
3. Cross-reference with logistics-desk shipment tracker.",,,3,auto-domain,2026-05-12,photo_topic=sites that let you interact with live global data | photo_topic=Explore Hidden and Famous Wonders Worldwide
EIC-0015,photo_ocr,FB_IMG_1778509238072.jpg,¢ marinetraffic.com - Track every ship on Earth right now,Marinetraffic,https://marinetraffic.com,marinetraffic.com,Aviation & Maritime,domain-override,Track every ship on Earth right now,Trading Desk,Bull Archer,"Bull Archer tracks marinetraffic.com for live flight, vessel, or supply-chain movement. Use to confirm physical presence (charter routes, cargo deliveries, anomalies in port traffic).",,free,free,low,,"1. Open https://marinetraffic.com.
2. Live pull: `intel pull marinetraffic.com` -- captures positions if a public API exists.
3. Cross-reference with logistics-desk shipment tracker.",,,3,auto-domain,2026-05-12,photo_topic=sites that let you interact with live global data
EIC-0016,photo_ocr,FB_IMG_1778509238072.jpg,¢ opensky-network.org - live global air traffic data,Opensky Network,https://opensky-network.org,opensky-network.org,Aviation & Maritime,domain-override,live global air traffic data,Trading Desk,Bull Archer,"Bull Archer tracks opensky-network.org for live flight, vessel, or supply-chain movement. Use to confirm physical presence (charter routes, cargo deliveries, anomalies in port traffic).",,free,free,low,,"1. Open https://opensky-network.org.
2. Live pull: `intel pull opensky-network.org` -- captures positions if a public API exists.
3. Cross-reference with logistics-desk shipment tracker.",,,3,auto-domain,2026-05-12,photo_topic=sites that let you interact with live global data
EIC-0017,photo_ocr,FB_IMG_1778509082408.jpg,¢ 3dicons.co - Download open source 3D icons in any style,3Dicons,https://3dicons.co,3dicons.co,Content Creation,,Download open source 3D icons in any style,Content Engine,Listing Writer,"Listing Writer grabs 3dicons.co for design, video, audio, image, or copy work feeding the Content Engine. Output goes through `02_CONTENT_FACTORY/` and the branded mailer.",,free,free,low,,"1. Open https://3dicons.co.
2. Free tier usually sufficient -- avoid paid until first $10k revenue (Operator Truth doctrine).
3. Save assets to `02_CONTENT_FACTORY/01_Queue/`.",,design tools,3,auto,2026-05-12,photo_topic=Free design tools you should be using
EIC-0018,photo_ocr,FB_IMG_1778509082408.jpg,¢ affinity.studio - Pro print and layout design,Affinity,https://affinity.studio,affinity.studio,Content Creation,,Pro print and layout design,Content Engine,Listing Writer,"Listing Writer grabs affinity.studio for design, video, audio, image, or copy work feeding the Content Engine. Output goes through `02_CONTENT_FACTORY/` and the branded mailer.",,free,free,low,,"1. Open https://affinity.studio.
2. Free tier usually sufficient -- avoid paid until first $10k revenue (Operator Truth doctrine).
3. Save assets to `02_CONTENT_FACTORY/01_Queue/`.",,print and layout,3,auto,2026-05-12,photo_topic=Free design tools you should be using
EIC-0019,photo_ocr,FB_IMG_1778509082408.jpg,¢ ambientcg.com - Download PBR materials and textures,Ambientcg,https://ambientcg.com,ambientcg.com,Content Creation,,Download PBR materials and textures,Content Engine,Listing Writer,"Listing Writer grabs ambientcg.com for design, video, audio, image, or copy work feeding the Content Engine. Output goes through `02_CONTENT_FACTORY/` and the branded mailer.",,free,free,low,,"1. Open https://ambientcg.com.
2. Free tier usually sufficient -- avoid paid until first $10k revenue (Operator Truth doctrine).
3. Save assets to `02_CONTENT_FACTORY/01_Queue/`.",,design tools,3,auto,2026-05-12,photo_topic=Free design tools you should be using
EIC-0020,spreadsheet,Everlight_Free_Resources_List.xlsx,animaker.com | Video creation | Creates animated explainer videos.,Animaker,https://animaker.com,animaker.com,Content Creation,,Creates animated explainer videos.,Content Engine,Listing Writer,"Listing Writer grabs animaker.com for design, video, audio, image, or copy work feeding the Content Engine. Output goes through `02_CONTENT_FACTORY/` and the branded mailer.",,free,free,low,,"1. Open https://animaker.com.
2. Free tier usually sufficient -- avoid paid until first $10k revenue (Operator Truth doctrine).
3. Save assets to `02_CONTENT_FACTORY/01_Queue/`.",,video creation,4,checked,2026-05-12,sheet_category=Video creation | photo_topic=Essential Tools you'll wish you found earlier
EIC-0021,photo_ocr,FB_IMG_1778509082408.jpg,¢ audacity.sourceforge.net - Record/edit / master audio,Audacity,https://audacity.sourceforge.net,audacity.sourceforge.net,Content Creation,,Record/edit / master audio,Content Engine,Listing Writer,"Listing Writer grabs audacity.sourceforge.net for design, video, audio, image, or copy work feeding the Content Engine. Output goes through `02_CONTENT_FACTORY/` and the branded mailer.",,free,free,low,,"1. Open https://audacity.sourceforge.net.
2. Free tier usually sufficient -- avoid paid until first $10k revenue (Operator Truth doctrine).
3. Save assets to `02_CONTENT_FACTORY/01_Queue/`.",,design tools,3,auto,2026-05-12,photo_topic=Free design tools you should be using
EIC-0022,photo_ocr,FB_IMG_1778509082408.jpg,¢ barcode.tec-it.com - Generate any barcode format,Barcode,https://barcode.tec-it.com,barcode.tec-it.com,Content Creation,,Generate any barcode format,Content Engine,Listing Writer,"Listing Writer grabs barcode.tec-it.com for design, video, audio, image, or copy work feeding the Content Engine. Output goes through `02_CONTENT_FACTORY/` and the branded mailer.",,free,free,low,,"1. Open https://barcode.tec-it.com.
2. Free tier usually sufficient -- avoid paid until first $10k revenue (Operator Truth doctrine).
3. Save assets to `02_CONTENT_FACTORY/01_Queue/`.",,design tools,3,auto,2026-05-12,photo_topic=Free design tools you should be using
EIC-0023,photo_ocr,FB_IMG_1778509082408.jpg,« birme.net - Resize hundreds of images at once,Birme,https://birme.net,birme.net,Content Creation,,Resize hundreds of images at once,Content Engine,Listing Writer,"Listing Writer grabs birme.net for design, video, audio, image, or copy work feeding the Content Engine. Output goes through `02_CONTENT_FACTORY/` and the branded mailer.",,free,free,low,,"1. Open https://birme.net.
2. Free tier usually sufficient -- avoid paid until first $10k revenue (Operator Truth doctrine).
3. Save assets to `02_CONTENT_FACTORY/01_Queue/`.",,design tools,3,auto,2026-05-12,photo_topic=Free design tools you should be using
EIC-0024,photo_ocr,FB_IMG_1778509090589.jpg,"- blender.org -free 3D modeling, animation, rendering",Blender,https://blender.org,blender.org,Content Creation,,"free 3D modeling, animation, rendering",Content Engine,Listing Writer,"Listing Writer grabs blender.org for design, video, audio, image, or copy work feeding the Content Engine. Output goes through `02_CONTENT_FACTORY/` and the branded mailer.",,free,free,low,,"1. Open https://blender.org.
2. Free tier usually sufficient -- avoid paid until first $10k revenue (Operator Truth doctrine).
3. Save assets to `02_CONTENT_FACTORY/01_Queue/`.",,animation,3,auto,2026-05-12,photo_topic=Free Tools that handle tasks you've been avoiding
EIC-0025,photo_ocr,FB_IMG_1778509082408.jpg,¢ brutalistwebsites.com - brutalist design inspiration for web designers,Brutalistwebsites,https://brutalistwebsites.com,brutalistwebsites.com,Content Creation,,brutalist design inspiration for web designers,Content Engine,Listing Writer,"Listing Writer grabs brutalistwebsites.com for design, video, audio, image, or copy work feeding the Content Engine. Output goes through `02_CONTENT_FACTORY/` and the branded mailer.",,free,free,low,,"1. Open https://brutalistwebsites.com.
2. Free tier usually sufficient -- avoid paid until first $10k revenue (Operator Truth doctrine).
3. Save assets to `02_CONTENT_FACTORY/01_Queue/`.",,design tools,3,auto,2026-05-12,photo_topic=Free design tools you should be using
EIC-0026,photo_ocr,FB_IMG_1778509082408.jpg,¢ calligraphr.com - Turn your handwriting into a font,Calligraphr,https://calligraphr.com,calligraphr.com,Content Creation,,Turn your handwriting into a font,Content Engine,Listing Writer,"Listing Writer grabs calligraphr.com for design, video, audio, image, or copy work feeding the Content Engine. Output goes through `02_CONTENT_FACTORY/` and the branded mailer.",,free,free,low,,"1. Open https://calligraphr.com.
2. Free tier usually sufficient -- avoid paid until first $10k revenue (Operator Truth doctrine).
3. Save assets to `02_CONTENT_FACTORY/01_Queue/`.",,design tools,3,auto,2026-05-12,photo_topic=Free design tools you should be using
EIC-0027,photo_ocr,FB_IMG_1778509082408.jpg,* caniuse.com - Check which browsers support any design feature,Caniuse,https://caniuse.com,caniuse.com,Content Creation,,Check which browsers support any design feature,Content Engine,Listing Writer,"Listing Writer grabs caniuse.com for design, video, audio, image, or copy work feeding the Content Engine. Output goes through `02_CONTENT_FACTORY/` and the branded mailer.",,free,free,low,,"1. Open https://caniuse.com.
2. Free tier usually sufficient -- avoid paid until first $10k revenue (Operator Truth doctrine).
3. Save assets to `02_CONTENT_FACTORY/01_Queue/`.",,design tools,3,auto,2026-05-12,photo_topic=Free design tools you should be using
EIC-0028,photo_ocr,FB_IMG_1778509082408.jpg,"¢ clideo.com - Cut, merge ,convert video files",Clideo,https://clideo.com,clideo.com,Content Creation,,"Cut, merge ,convert video files",Content Engine,Listing Writer,"Listing Writer grabs clideo.com for design, video, audio, image, or copy work feeding the Content Engine. Output goes through `02_CONTENT_FACTORY/` and the branded mailer.",,free,free,low,,"1. Open https://clideo.com.
2. Free tier usually sufficient -- avoid paid until first $10k revenue (Operator Truth doctrine).
3. Save assets to `02_CONTENT_FACTORY/01_Queue/`.",,design tools,3,auto,2026-05-12,photo_topic=Free design tools you should be using
EIC-0029,photo_ocr,FB_IMG_1778509082408.jpg,"« designresourc.es - directory of 1,000+ free design tools",Designresourc,https://designresourc.es,designresourc.es,Content Creation,,"directory of 1,000+ free design tools",Content Engine,Listing Writer,"Listing Writer grabs designresourc.es for design, video, audio, image, or copy work feeding the Content Engine. Output goes through `02_CONTENT_FACTORY/` and the branded mailer.",,free,free,low,,"1. Open https://designresourc.es.
2. Free tier usually sufficient -- avoid paid until first $10k revenue (Operator Truth doctrine).
3. Save assets to `02_CONTENT_FACTORY/01_Queue/`.",,design tools,3,auto,2026-05-12,photo_topic=Free design tools you should be using
EIC-0030,photo_ocr,FB_IMG_1778509082408.jpg,¢ dofsimulator.net - Simulate camera depth of field before photo shoot,Dofsimulator,https://dofsimulator.net,dofsimulator.net,Content Creation,,Simulate camera depth of field before photo shoot,Content Engine,Listing Writer,"Listing Writer grabs dofsimulator.net for design, video, audio, image, or copy work feeding the Content Engine. Output goes through `02_CONTENT_FACTORY/` and the branded mailer.",,free,free,low,,"1. Open https://dofsimulator.net.
2. Free tier usually sufficient -- avoid paid until first $10k revenue (Operator Truth doctrine).
3. Save assets to `02_CONTENT_FACTORY/01_Queue/`.",,design tools,3,auto,2026-05-12,photo_topic=Free design tools you should be using
EIC-0031,photo_ocr,FB_IMG_1778509082408.jpg,¢ ezgif.com - Create/ edit/ optimize animated GIFs,Ezgif,https://ezgif.com,ezgif.com,Content Creation,,Create/ edit/ optimize animated GIFs,Content Engine,Listing Writer,"Listing Writer grabs ezgif.com for design, video, audio, image, or copy work feeding the Content Engine. Output goes through `02_CONTENT_FACTORY/` and the branded mailer.",,free,free,low,,"1. Open https://ezgif.com.
2. Free tier usually sufficient -- avoid paid until first $10k revenue (Operator Truth doctrine).
3. Save assets to `02_CONTENT_FACTORY/01_Queue/`.",,design tools,3,auto,2026-05-12,photo_topic=Free design tools you should be using
EIC-0032,photo_ocr,FB_IMG_1778509090589.jpg,gifcap.dev - Create animated GIFs from a screen recording.,Gifcap,https://gifcap.dev,gifcap.dev,Content Creation,,Create animated GIFs from a screen recording,Content Engine,Listing Writer,"Listing Writer grabs gifcap.dev for design, video, audio, image, or copy work feeding the Content Engine. Output goes through `02_CONTENT_FACTORY/` and the branded mailer.",,free,free,low,,"1. Open https://gifcap.dev.
2. Free tier usually sufficient -- avoid paid until first $10k revenue (Operator Truth doctrine).
3. Save assets to `02_CONTENT_FACTORY/01_Queue/`.",,recording,3,auto,2026-05-12,photo_topic=Free Tools that handle tasks you've been avoiding
EIC-0033,photo_ocr,FB_IMG_1778509082408.jpg,¢ gimp.org - Free / Open Source Image Editor,Gimp,https://gimp.org,gimp.org,Content Creation,,Free / Open Source Image Editor,Content Engine,Listing Writer,"Listing Writer grabs gimp.org for design, video, audio, image, or copy work feeding the Content Engine. Output goes through `02_CONTENT_FACTORY/` and the branded mailer.",,free,free,low,,"1. Open https://gimp.org.
2. Free tier usually sufficient -- avoid paid until first $10k revenue (Operator Truth doctrine).
3. Save assets to `02_CONTENT_FACTORY/01_Queue/`.",,design tools,3,auto,2026-05-12,photo_topic=Free design tools you should be using
EIC-0034,photo_ocr,FB_IMG_1778509082408.jpg,¢ glyphrstudio.com - Design your own font from scratch,Glyphrstudio,https://glyphrstudio.com,glyphrstudio.com,Content Creation,,Design your own font from scratch,Content Engine,Listing Writer,"Listing Writer grabs glyphrstudio.com for design, video, audio, image, or copy work feeding the Content Engine. Output goes through `02_CONTENT_FACTORY/` and the branded mailer.",,free,free,low,,"1. Open https://glyphrstudio.com.
2. Free tier usually sufficient -- avoid paid until first $10k revenue (Operator Truth doctrine).
3. Save assets to `02_CONTENT_FACTORY/01_Queue/`.",,design your own,3,auto,2026-05-12,photo_topic=Free design tools you should be using
EIC-0035,photo_ocr,FB_IMG_1778509082408.jpg,¢ humaaans.com - Build custom human character scenes,Humaaans,https://humaaans.com,humaaans.com,Content Creation,,Build custom human character scenes,Content Engine,Listing Writer,"Listing Writer grabs humaaans.com for design, video, audio, image, or copy work feeding the Content Engine. Output goes through `02_CONTENT_FACTORY/` and the branded mailer.",,free,free,low,,"1. Open https://humaaans.com.
2. Free tier usually sufficient -- avoid paid until first $10k revenue (Operator Truth doctrine).
3. Save assets to `02_CONTENT_FACTORY/01_Queue/`.",,design tools,3,auto,2026-05-12,photo_topic=Free design tools you should be using
EIC-0036,photo_ocr,FB_IMG_1778509082408.jpg,¢ inkscape.org - Design logos and vectors,Inkscape,https://inkscape.org,inkscape.org,Content Creation,,vector graphics editor for illustrations,Content Engine,Listing Writer,"Listing Writer grabs inkscape.org for design, video, audio, image, or copy work feeding the Content Engine. Output goes through `02_CONTENT_FACTORY/` and the branded mailer.",,free,free,low,,"1. Open https://inkscape.org.
2. Free tier usually sufficient -- avoid paid until first $10k revenue (Operator Truth doctrine).
3. Save assets to `02_CONTENT_FACTORY/01_Queue/`.",,design tools,3,auto,2026-05-12,photo_topic=Free design tools you should be using | photo_topic=Must know essential free PC tools
EIC-0037,photo_ocr,FB_IMG_1778509082408.jpg,« libgdx.com - Cross-platform Java game development framework,Libgdx,https://libgdx.com,libgdx.com,Content Creation,,Cross-platform Java game development framework,Content Engine,Listing Writer,"Listing Writer grabs libgdx.com for design, video, audio, image, or copy work feeding the Content Engine. Output goes through `02_CONTENT_FACTORY/` and the branded mailer.",,free,free,low,,"1. Open https://libgdx.com.
2. Free tier usually sufficient -- avoid paid until first $10k revenue (Operator Truth doctrine).
3. Save assets to `02_CONTENT_FACTORY/01_Queue/`.",,design tools,3,auto,2026-05-12,photo_topic=Free design tools you should be using
EIC-0038,photo_ocr,FB_IMG_1778509090589.jpg,- lmms.io - Make beats and full music tracks,Lmms,https://lmms.io,lmms.io,Content Creation,,Make beats and full music tracks,Content Engine,Listing Writer,"Listing Writer grabs lmms.io for design, video, audio, image, or copy work feeding the Content Engine. Output goes through `02_CONTENT_FACTORY/` and the branded mailer.",,free,free,low,,"1. Open https://lmms.io.
2. Free tier usually sufficient -- avoid paid until first $10k revenue (Operator Truth doctrine).
3. Save assets to `02_CONTENT_FACTORY/01_Queue/`.",,music,3,auto,2026-05-12,photo_topic=Free Tools that handle tasks you've been avoiding
EIC-0039,spreadsheet,Everlight_Free_Resources_List.xlsx,magiceraser.io | AI image cleanup | Removes unwanted objects from photos.,Magiceraser,https://magiceraser.io,magiceraser.io,Content Creation,,Removes unwanted objects from photos.,Content Engine,Listing Writer,"Listing Writer grabs magiceraser.io for design, video, audio, image, or copy work feeding the Content Engine. Output goes through `02_CONTENT_FACTORY/` and the branded mailer.",,free,free,low,,"1. Open https://magiceraser.io.
2. Free tier usually sufficient -- avoid paid until first $10k revenue (Operator Truth doctrine).
3. Save assets to `02_CONTENT_FACTORY/01_Queue/`.",,image cleanup,4,checked,2026-05-12,sheet_category=AI image cleanup | photo_topic=Essential Tools you'll wish you found earlier
EIC-0040,spreadsheet,Everlight_Free_Resources_List.xlsx,mixxx.org | DJ software | Free open-source professional DJ software.,Mixxx,https://mixxx.org,mixxx.org,Content Creation,,"Full professional DJ software(free,open source)",Content Engine,Listing Writer,"Listing Writer grabs mixxx.org for design, video, audio, image, or copy work feeding the Content Engine. Output goes through `02_CONTENT_FACTORY/` and the branded mailer.",,free,free,low,,"1. Open https://mixxx.org.
2. Free tier usually sufficient -- avoid paid until first $10k revenue (Operator Truth doctrine).
3. Save assets to `02_CONTENT_FACTORY/01_Queue/`.",,dj software,4,checked,2026-05-12,sheet_category=DJ software | photo_topic=Essential Tools you'll wish you found earlier
EIC-0041,photo_ocr,FB_IMG_1778509507011.jpg,¢ musicbrainz.org - Open encyclopedia of all music metadata,Musicbrainz,https://musicbrainz.org,musicbrainz.org,Content Creation,,Open encyclopedia of all music metadata,Content Engine,Listing Writer,"Listing Writer grabs musicbrainz.org for design, video, audio, image, or copy work feeding the Content Engine. Output goes through `02_CONTENT_FACTORY/` and the branded mailer.",,free,free,low,,"1. Open https://musicbrainz.org.
2. Free tier usually sufficient -- avoid paid until first $10k revenue (Operator Truth doctrine).
3. Save assets to `02_CONTENT_FACTORY/01_Queue/`.",,music,3,auto,2026-05-12,photo_topic=platforms for finding hard to  access information..
EIC-0042,photo_ocr,FB_IMG_1778509082408.jpg,* opengameart.org - Massive free game asset library,Opengameart,https://opengameart.org,opengameart.org,Content Creation,,Massive free game asset library,Content Engine,Listing Writer,"Listing Writer grabs opengameart.org for design, video, audio, image, or copy work feeding the Content Engine. Output goes through `02_CONTENT_FACTORY/` and the branded mailer.",,free,free,low,,"1. Open https://opengameart.org.
2. Free tier usually sufficient -- avoid paid until first $10k revenue (Operator Truth doctrine).
3. Save assets to `02_CONTENT_FACTORY/01_Queue/`.",,design tools,3,auto,2026-05-12,photo_topic=Free design tools you should be using
EIC-0043,photo_ocr,FB_IMG_1778509082408.jpg,¢ patternpad.com - create unlimited unique pattern designs,Patternpad,https://patternpad.com,patternpad.com,Content Creation,,create unlimited unique pattern designs,Content Engine,Listing Writer,"Listing Writer grabs patternpad.com for design, video, audio, image, or copy work feeding the Content Engine. Output goes through `02_CONTENT_FACTORY/` and the branded mailer.",,free,free,low,,"1. Open https://patternpad.com.
2. Free tier usually sufficient -- avoid paid until first $10k revenue (Operator Truth doctrine).
3. Save assets to `02_CONTENT_FACTORY/01_Queue/`.",,design tools,3,auto,2026-05-12,photo_topic=Free design tools you should be using
EIC-0044,photo_ocr,FB_IMG_1778509082408.jpg,¢ piktochart.com - Turn complex information into clear infographics,Piktochart,https://piktochart.com,piktochart.com,Content Creation,,Turn complex information into clear infographics,Content Engine,Listing Writer,"Listing Writer grabs piktochart.com for design, video, audio, image, or copy work feeding the Content Engine. Output goes through `02_CONTENT_FACTORY/` and the branded mailer.",,free,free,low,,"1. Open https://piktochart.com.
2. Free tier usually sufficient -- avoid paid until first $10k revenue (Operator Truth doctrine).
3. Save assets to `02_CONTENT_FACTORY/01_Queue/`.",,design tools,3,auto,2026-05-12,photo_topic=Free design tools you should be using
EIC-0045,photo_ocr,FB_IMG_1778509082408.jpg,"« scribus.net - Design print-ready books, magazines",Scribus,https://scribus.net,scribus.net,Content Creation,,"Design print-ready books, magazines",Content Engine,Listing Writer,"Listing Writer grabs scribus.net for design, video, audio, image, or copy work feeding the Content Engine. Output goes through `02_CONTENT_FACTORY/` and the branded mailer.",,free,free,low,,"1. Open https://scribus.net.
2. Free tier usually sufficient -- avoid paid until first $10k revenue (Operator Truth doctrine).
3. Save assets to `02_CONTENT_FACTORY/01_Queue/`.",,design tools,3,auto,2026-05-12,photo_topic=Free design tools you should be using
EIC-0046,photo_ocr,FB_IMG_1778509082408.jpg,« shotsnapp.com - Create device mockup images for your app/ site,Shotsnapp,https://shotsnapp.com,shotsnapp.com,Content Creation,,Create device mockup images for your app/ site,Content Engine,Listing Writer,"Listing Writer grabs shotsnapp.com for design, video, audio, image, or copy work feeding the Content Engine. Output goes through `02_CONTENT_FACTORY/` and the branded mailer.",,free,free,low,,"1. Open https://shotsnapp.com.
2. Free tier usually sufficient -- avoid paid until first $10k revenue (Operator Truth doctrine).
3. Save assets to `02_CONTENT_FACTORY/01_Queue/`.",,design tools,3,auto,2026-05-12,photo_topic=Free design tools you should be using
EIC-0047,photo_ocr,FB_IMG_1778509082408.jpg,¢ spline.design - Design interactive 3D scenes,Spline,https://spline.design,spline.design,Content Creation,,Design interactive 3D scenes,Content Engine,Listing Writer,"Listing Writer grabs spline.design for design, video, audio, image, or copy work feeding the Content Engine. Output goes through `02_CONTENT_FACTORY/` and the branded mailer.",,free,free,low,,"1. Open https://spline.design.
2. Free tier usually sufficient -- avoid paid until first $10k revenue (Operator Truth doctrine).
3. Save assets to `02_CONTENT_FACTORY/01_Queue/`.",,design tools,3,auto,2026-05-12,photo_topic=Free design tools you should be using
EIC-0048,spreadsheet,Everlight_Free_Resources_List.xlsx,tensor.art | AI image generation | Runs powerful image AI models.,Tensor,https://tensor.art,tensor.art,Content Creation,,Runs all powerful image Al models,Content Engine,Listing Writer,"Listing Writer grabs tensor.art for design, video, audio, image, or copy work feeding the Content Engine. Output goes through `02_CONTENT_FACTORY/` and the branded mailer.",,free,free,low,,"1. Open https://tensor.art.
2. Free tier usually sufficient -- avoid paid until first $10k revenue (Operator Truth doctrine).
3. Save assets to `02_CONTENT_FACTORY/01_Queue/`.",,ai image,4,checked,2026-05-12,sheet_category=AI image generation | photo_topic=Essential Tools you'll wish you found earlier
EIC-0049,photo_ocr,FB_IMG_1778509082408.jpg,¢ upscayl.org - Make blurry images sharp /clear,Upscayl,https://upscayl.org,upscayl.org,Content Creation,,upscales low-resolution images to 4K,Content Engine,Listing Writer,"Listing Writer grabs upscayl.org for design, video, audio, image, or copy work feeding the Content Engine. Output goes through `02_CONTENT_FACTORY/` and the branded mailer.",,free,free,low,,"1. Open https://upscayl.org.
2. Free tier usually sufficient -- avoid paid until first $10k revenue (Operator Truth doctrine).
3. Save assets to `02_CONTENT_FACTORY/01_Queue/`.",,design tools,3,auto,2026-05-12,photo_topic=Free design tools you should be using | photo_topic=Must know essential free PC tools
EIC-0050,photo_ocr,FB_IMG_1778509082408.jpg,¢ vectormaker.co - Convert images into vectors,Vectormaker,https://vectormaker.co,vectormaker.co,Content Creation,,Convert images into vectors,Content Engine,Listing Writer,"Listing Writer grabs vectormaker.co for design, video, audio, image, or copy work feeding the Content Engine. Output goes through `02_CONTENT_FACTORY/` and the branded mailer.",,free,free,low,,"1. Open https://vectormaker.co.
2. Free tier usually sufficient -- avoid paid until first $10k revenue (Operator Truth doctrine).
3. Save assets to `02_CONTENT_FACTORY/01_Queue/`.",,design tools,3,auto,2026-05-12,photo_topic=Free design tools you should be using
EIC-0051,spreadsheet,Everlight_Free_Resources_List.xlsx,vocalremover.org | Audio editing | Separates vocals from music tracks.,Vocalremover,https://vocalremover.org,vocalremover.org,Content Creation,,Separates vocals from music tracks.,Content Engine,Listing Writer,"Listing Writer grabs vocalremover.org for design, video, audio, image, or copy work feeding the Content Engine. Output goes through `02_CONTENT_FACTORY/` and the branded mailer.",,free,free,low,,"1. Open https://vocalremover.org.
2. Free tier usually sufficient -- avoid paid until first $10k revenue (Operator Truth doctrine).
3. Save assets to `02_CONTENT_FACTORY/01_Queue/`.",,music,4,checked,2026-05-12,sheet_category=Audio editing | photo_topic=Essential Tools you'll wish you found earlier
EIC-0052,photo_ocr,FB_IMG_1778509082408.jpg,* watermarkremover.io - Erase watermarks from any image,Watermarkremover,https://watermarkremover.io,watermarkremover.io,Content Creation,,Erase watermarks from any image,Content Engine,Listing Writer,"Listing Writer grabs watermarkremover.io for design, video, audio, image, or copy work feeding the Content Engine. Output goes through `02_CONTENT_FACTORY/` and the branded mailer.",,free,free,low,,"1. Open https://watermarkremover.io.
2. Free tier usually sufficient -- avoid paid until first $10k revenue (Operator Truth doctrine).
3. Save assets to `02_CONTENT_FACTORY/01_Queue/`.",,design tools,3,auto,2026-05-12,photo_topic=Free design tools you should be using
EIC-0053,photo_ocr,FB_IMG_1778509082408.jpg,"¢ whimsical.com - Build flowcharts, wireframes ,mind maps",Whimsical,https://whimsical.com,whimsical.com,Content Creation,,"Build flowcharts, wireframes ,mind maps",Content Engine,Listing Writer,"Listing Writer grabs whimsical.com for design, video, audio, image, or copy work feeding the Content Engine. Output goes through `02_CONTENT_FACTORY/` and the branded mailer.",,free,free,low,,"1. Open https://whimsical.com.
2. Free tier usually sufficient -- avoid paid until first $10k revenue (Operator Truth doctrine).
3. Save assets to `02_CONTENT_FACTORY/01_Queue/`.",,design tools,3,auto,2026-05-12,photo_topic=Free design tools you should be using
EIC-0054,photo_ocr,FB_IMG_1778509059175.jpg,¢ 10015.io - productivity tools collection,10015,https://10015.io,10015.io,Decision Intelligence,,productivity tools collection,CEO Command Center,Strategic Modeler,"Strategic Modeler uses 10015.io for strategic frameworks, decision trees, scenario analysis, or executive intelligence. Outputs feed Lucrex's command decisions.",,free,free,low,,"1. Open https://10015.io.
2. Snapshot key insights into `01_BUSINESSES/Everlight_Ventures/Wealth_OS/`.
3. For repeat use, build a wrapper in `40_strategic_modeler.md` runbook.",,curating powerful,3,auto,2026-05-12,photo_topic=Sites curating powerful Tool collections...
EIC-0055,photo_ocr,FB_IMG_1778509059175.jpg,¢ alternativeto.net - Find alternatives to any software,Alternativeto,https://alternativeto.net,alternativeto.net,Decision Intelligence,,Find alternatives to any software,CEO Command Center,Strategic Modeler,"Strategic Modeler uses alternativeto.net for strategic frameworks, decision trees, scenario analysis, or executive intelligence. Outputs feed Lucrex's command decisions.",,free,free,low,,"1. Open https://alternativeto.net.
2. Snapshot key insights into `01_BUSINESSES/Everlight_Ventures/Wealth_OS/`.
3. For repeat use, build a wrapper in `40_strategic_modeler.md` runbook.",,curating powerful,3,auto,2026-05-12,photo_topic=Sites curating powerful Tool collections...
EIC-0056,photo_ocr,FB_IMG_1778509392320.jpg,* amusingplanet.com - unusual natural and manmade global phenomena,Amusingplanet,https://amusingplanet.com,amusingplanet.com,Decision Intelligence,Uncategorized,unusual natural and manmade global phenomena,CEO Command Center,Strategic Modeler,"Strategic Modeler uses amusingplanet.com for strategic frameworks, decision trees, scenario analysis, or executive intelligence. Outputs feed Lucrex's command decisions.",,free,free,low,,"1. Open https://amusingplanet.com.
2. Snapshot key insights into `01_BUSINESSES/Everlight_Ventures/Wealth_OS/`.
3. For repeat use, build a wrapper in `40_strategic_modeler.md` runbook.",,,3,unverified,2026-05-12,photo_topic=Explore Hidden and Famous Wonders Worldwide
EIC-0057,photo_ocr,FB_IMG_1778509507011.jpg,"¢ antcat.org - Every ant species ever discovered, catalogued",Antcat,https://antcat.org,antcat.org,Decision Intelligence,Uncategorized,"Every ant species ever discovered, catalogued",CEO Command Center,Strategic Modeler,"Strategic Modeler uses antcat.org for strategic frameworks, decision trees, scenario analysis, or executive intelligence. Outputs feed Lucrex's command decisions.",,free,free,low,,"1. Open https://antcat.org.
2. Snapshot key insights into `01_BUSINESSES/Everlight_Ventures/Wealth_OS/`.
3. For repeat use, build a wrapper in `40_strategic_modeler.md` runbook.",,,3,unverified,2026-05-12,photo_topic=platforms for finding hard to  access information..
EIC-0058,photo_ocr,FB_IMG_1778509272312.jpg,* astronomyonline.org - Best collection of astronomy education resources,Astronomyonline,https://astronomyonline.org,astronomyonline.org,Decision Intelligence,,Best collection of astronomy education resources,CEO Command Center,Strategic Modeler,"Strategic Modeler uses astronomyonline.org for strategic frameworks, decision trees, scenario analysis, or executive intelligence. Outputs feed Lucrex's command decisions.",,free,free,low,,"1. Open https://astronomyonline.org.
2. Snapshot key insights into `01_BUSINESSES/Everlight_Ventures/Wealth_OS/`.
3. For repeat use, build a wrapper in `40_strategic_modeler.md` runbook.",,underrecognized information,3,auto,2026-05-12,photo_topic=Underrecognized information resource platforms
EIC-0059,photo_ocr,FB_IMG_1778509392320.jpg,« atlasofwonders.com - Curated list of breathtaking hidden global locations,Atlasofwonders,https://atlasofwonders.com,atlasofwonders.com,Decision Intelligence,Uncategorized,Curated list of breathtaking hidden global locations,CEO Command Center,Strategic Modeler,"Strategic Modeler uses atlasofwonders.com for strategic frameworks, decision trees, scenario analysis, or executive intelligence. Outputs feed Lucrex's command decisions.",,free,free,low,,"1. Open https://atlasofwonders.com.
2. Snapshot key insights into `01_BUSINESSES/Everlight_Ventures/Wealth_OS/`.
3. For repeat use, build a wrapper in `40_strategic_modeler.md` runbook.",,,3,unverified,2026-05-12,photo_topic=Explore Hidden and Famous Wonders Worldwide
EIC-0060,photo_ocr,FB_IMG_1778509059175.jpg,* awesome-privacy.xyz - privacy-respecting tools for every task,Awesome Privacy,https://awesome-privacy.xyz,awesome-privacy.xyz,Decision Intelligence,,privacy-respecting tools for every task,CEO Command Center,Strategic Modeler,"Strategic Modeler uses awesome-privacy.xyz for strategic frameworks, decision trees, scenario analysis, or executive intelligence. Outputs feed Lucrex's command decisions.",,free,free,low,,"1. Open https://awesome-privacy.xyz.
2. Snapshot key insights into `01_BUSINESSES/Everlight_Ventures/Wealth_OS/`.
3. For repeat use, build a wrapper in `40_strategic_modeler.md` runbook.",,curating powerful,3,auto,2026-05-12,photo_topic=Sites curating powerful Tool collections...
EIC-0061,photo_ocr,FB_IMG_1778509059175.jpg,"* awesome-selfhosted.net - self-hostable ,open source apps directory",Awesome Selfhosted,https://awesome-selfhosted.net,awesome-selfhosted.net,Decision Intelligence,,"self-hostable ,open source apps directory",CEO Command Center,Strategic Modeler,"Strategic Modeler uses awesome-selfhosted.net for strategic frameworks, decision trees, scenario analysis, or executive intelligence. Outputs feed Lucrex's command decisions.",,free,free,low,,"1. Open https://awesome-selfhosted.net.
2. Snapshot key insights into `01_BUSINESSES/Everlight_Ventures/Wealth_OS/`.
3. For repeat use, build a wrapper in `40_strategic_modeler.md` runbook.",,curating powerful,3,auto,2026-05-12,photo_topic=Sites curating powerful Tool collections...
EIC-0062,spreadsheet,Everlight_Free_Resources_List.xlsx,bigmp4.com | Video upscaling | Upscales low-resolution videos.,Bigmp4,https://bigmp4.com,bigmp4.com,Decision Intelligence,Uncategorized,Upscales low-resolution videos.,CEO Command Center,Strategic Modeler,"Strategic Modeler uses bigmp4.com for strategic frameworks, decision trees, scenario analysis, or executive intelligence. Outputs feed Lucrex's command decisions.",,free,free,low,,"1. Open https://bigmp4.com.
2. Snapshot key insights into `01_BUSINESSES/Everlight_Ventures/Wealth_OS/`.
3. For repeat use, build a wrapper in `40_strategic_modeler.md` runbook.",,,4,unverified,2026-05-12,sheet_category=Video upscaling | photo_topic=Essential Tools you'll wish you found earlier
EIC-0063,spreadsheet,Everlight_Free_Resources_List.xlsx,brandfetch.com | Brand assets | Finds company logos and brand colors.,Brandfetch,https://brandfetch.com,brandfetch.com,Decision Intelligence,Uncategorized,search millions of brand logos/ colors,CEO Command Center,Strategic Modeler,"Strategic Modeler uses brandfetch.com for strategic frameworks, decision trees, scenario analysis, or executive intelligence. Outputs feed Lucrex's command decisions.",,free,free,low,,"1. Open https://brandfetch.com.
2. Snapshot key insights into `01_BUSINESSES/Everlight_Ventures/Wealth_OS/`.
3. For repeat use, build a wrapper in `40_strategic_modeler.md` runbook.",,,4,unverified,2026-05-12,sheet_category=Brand assets | photo_topic=Essential Tools you'll wish you found earlier
EIC-0064,photo_ocr,FB_IMG_1778509126742.jpg,¢ brenda-enzymes.org - enzyme kinetics and ligand data,Brenda Enzymes,https://brenda-enzymes.org,brenda-enzymes.org,Decision Intelligence,,enzyme kinetics and ligand data,CEO Command Center,Strategic Modeler,"Strategic Modeler uses brenda-enzymes.org for strategic frameworks, decision trees, scenario analysis, or executive intelligence. Outputs feed Lucrex's command decisions.",,free,free,low,,"1. Open https://brenda-enzymes.org.
2. Snapshot key insights into `01_BUSINESSES/Everlight_Ventures/Wealth_OS/`.
3. For repeat use, build a wrapper in `40_strategic_modeler.md` runbook.",,multiple fields,3,auto,2026-05-12,photo_topic=platforms to explore large datasets across multiple fields
EIC-0065,photo_ocr,FB_IMG_1778509392320.jpg,« bucketlistjourney.net - extraordinary places for global exploration,Bucketlistjourney,https://bucketlistjourney.net,bucketlistjourney.net,Decision Intelligence,Uncategorized,extraordinary places for global exploration,CEO Command Center,Strategic Modeler,"Strategic Modeler uses bucketlistjourney.net for strategic frameworks, decision trees, scenario analysis, or executive intelligence. Outputs feed Lucrex's command decisions.",,free,free,low,,"1. Open https://bucketlistjourney.net.
2. Snapshot key insights into `01_BUSINESSES/Everlight_Ventures/Wealth_OS/`.
3. For repeat use, build a wrapper in `40_strategic_modeler.md` runbook.",,,3,unverified,2026-05-12,photo_topic=Explore Hidden and Famous Wonders Worldwide
EIC-0066,spreadsheet,API_Mega_List_Repository_Index.xlsx,business-apis-2 | Business | Business operations APIs | 2,business-apis-2,,business-apis-2,Decision Intelligence,Uncategorized,Business operations APIs,CEO Command Center,Strategic Modeler,"Strategic Modeler uses business-apis-2 for strategic frameworks, decision trees, scenario analysis, or executive intelligence. Outputs feed Lucrex's command decisions.",,free,free,low,,"1. Open https://business-apis-2.
2. Snapshot key insights into `01_BUSINESSES/Everlight_Ventures/Wealth_OS/`.
3. For repeat use, build a wrapper in `40_strategic_modeler.md` runbook.",,,4,unverified,2026-05-12,sheet_category=Business; api_count=2
EIC-0067,photo_ocr,FB_IMG_1778509126742.jpg,"« bvbrc.org - Bacterial ,,viral pathogen bioinformatics resource",Bvbrc,https://bvbrc.org,bvbrc.org,Decision Intelligence,,"Bacterial ,,viral pathogen bioinformatics resource",CEO Command Center,Strategic Modeler,"Strategic Modeler uses bvbrc.org for strategic frameworks, decision trees, scenario analysis, or executive intelligence. Outputs feed Lucrex's command decisions.",,free,free,low,,"1. Open https://bvbrc.org.
2. Snapshot key insights into `01_BUSINESSES/Everlight_Ventures/Wealth_OS/`.
3. For repeat use, build a wrapper in `40_strategic_modeler.md` runbook.",,multiple fields,3,auto,2026-05-12,photo_topic=platforms to explore large datasets across multiple fields
EIC-0068,photo_ocr,FB_IMG_1778509090589.jpg,"- calmcode.io - Short, simple coding tutorials for developers.",Calmcode,https://calmcode.io,calmcode.io,Decision Intelligence,Uncategorized,"Short, simple coding tutorials for developers",CEO Command Center,Strategic Modeler,"Strategic Modeler uses calmcode.io for strategic frameworks, decision trees, scenario analysis, or executive intelligence. Outputs feed Lucrex's command decisions.",,free,free,low,,"1. Open https://calmcode.io.
2. Snapshot key insights into `01_BUSINESSES/Everlight_Ventures/Wealth_OS/`.
3. For repeat use, build a wrapper in `40_strategic_modeler.md` runbook.",,,3,unverified,2026-05-12,photo_topic=Free Tools that handle tasks you've been avoiding
EIC-0069,photo_ocr,FB_IMG_1778509126742.jpg,"« cbioportal.org - Cancer genomics ,,clinical outcome data",Cbioportal,https://cbioportal.org,cbioportal.org,Decision Intelligence,,"Cancer genomics ,,clinical outcome data",CEO Command Center,Strategic Modeler,"Strategic Modeler uses cbioportal.org for strategic frameworks, decision trees, scenario analysis, or executive intelligence. Outputs feed Lucrex's command decisions.",,free,free,low,,"1. Open https://cbioportal.org.
2. Snapshot key insights into `01_BUSINESSES/Everlight_Ventures/Wealth_OS/`.
3. For repeat use, build a wrapper in `40_strategic_modeler.md` runbook.",,multiple fields,3,auto,2026-05-12,photo_topic=platforms to explore large datasets across multiple fields | photo_topic=Must know healthcare information systems
EIC-0070,photo_ocr,FB_IMG_1778509315472.jpg,"¢ citationgecko.com - Auto-chase citations forward ,backward simultaneously",Citationgecko,https://citationgecko.com,citationgecko.com,Decision Intelligence,,"Auto-chase citations forward ,backward simultaneously",CEO Command Center,Strategic Modeler,"Strategic Modeler uses citationgecko.com for strategic frameworks, decision trees, scenario analysis, or executive intelligence. Outputs feed Lucrex's command decisions.",,free,free,low,,"1. Open https://citationgecko.com.
2. Snapshot key insights into `01_BUSINESSES/Everlight_Ventures/Wealth_OS/`.
3. For repeat use, build a wrapper in `40_strategic_modeler.md` runbook.",,rare research,3,auto,2026-05-12,photo_topic=Rare research Tools most people miss
EIC-0071,photo_ocr,FB_IMG_1778509392320.jpg,« citywalks.live - Explore cities worldwide through walking livestream videos,Citywalks,https://citywalks.live,citywalks.live,Decision Intelligence,Uncategorized,Explore cities worldwide through walking livestream videos,CEO Command Center,Strategic Modeler,"Strategic Modeler uses citywalks.live for strategic frameworks, decision trees, scenario analysis, or executive intelligence. Outputs feed Lucrex's command decisions.",,free,free,low,,"1. Open https://citywalks.live.
2. Snapshot key insights into `01_BUSINESSES/Everlight_Ventures/Wealth_OS/`.
3. For repeat use, build a wrapper in `40_strategic_modeler.md` runbook.",,,3,unverified,2026-05-12,photo_topic=Explore Hidden and Famous Wonders Worldwide
EIC-0072,photo_ocr,FB_IMG_1778509059175.jpg,° ciwesomeopensource.com - Find/Compare Open Source Projects,Ciwesomeopensource,https://ciwesomeopensource.com,ciwesomeopensource.com,Decision Intelligence,,Find/Compare Open Source Projects,CEO Command Center,Strategic Modeler,"Strategic Modeler uses ciwesomeopensource.com for strategic frameworks, decision trees, scenario analysis, or executive intelligence. Outputs feed Lucrex's command decisions.",,free,free,low,,"1. Open https://ciwesomeopensource.com.
2. Snapshot key insights into `01_BUSINESSES/Everlight_Ventures/Wealth_OS/`.
3. For repeat use, build a wrapper in `40_strategic_modeler.md` runbook.",,curating powerful,3,auto,2026-05-12,photo_topic=Sites curating powerful Tool collections...
EIC-0073,photo_ocr,FB_IMG_1778509272312.jpg,¢ classcentral.com - Best free online courses from top universities,Classcentral,https://classcentral.com,classcentral.com,Decision Intelligence,,Best free online courses from top universities,CEO Command Center,Strategic Modeler,"Strategic Modeler uses classcentral.com for strategic frameworks, decision trees, scenario analysis, or executive intelligence. Outputs feed Lucrex's command decisions.",,free,free,low,,"1. Open https://classcentral.com.
2. Snapshot key insights into `01_BUSINESSES/Everlight_Ventures/Wealth_OS/`.
3. For repeat use, build a wrapper in `40_strategic_modeler.md` runbook.",,underrecognized information,3,auto,2026-05-12,photo_topic=Underrecognized information resource platforms
EIC-0074,photo_ocr,FB_IMG_1778509315472.jpg,¢ climatecheck.com - Free climate risk score for any address,Climatecheck,https://climatecheck.com,climatecheck.com,Decision Intelligence,,Free climate risk score for any address,CEO Command Center,Strategic Modeler,"Strategic Modeler uses climatecheck.com for strategic frameworks, decision trees, scenario analysis, or executive intelligence. Outputs feed Lucrex's command decisions.",,free,free,low,,"1. Open https://climatecheck.com.
2. Snapshot key insights into `01_BUSINESSES/Everlight_Ventures/Wealth_OS/`.
3. For repeat use, build a wrapper in `40_strategic_modeler.md` runbook.",,rare research,3,auto,2026-05-12,photo_topic=Rare research Tools most people miss
EIC-0075,photo_ocr,FB_IMG_1778509090589.jpg,¢ cobalt.tools - Download video/ audio from any platform,Cobalt,https://cobalt.tools,cobalt.tools,Decision Intelligence,Uncategorized,Download video/ audio from any platform,CEO Command Center,Strategic Modeler,"Strategic Modeler uses cobalt.tools for strategic frameworks, decision trees, scenario analysis, or executive intelligence. Outputs feed Lucrex's command decisions.",,free,free,low,,"1. Open https://cobalt.tools.
2. Snapshot key insights into `01_BUSINESSES/Everlight_Ventures/Wealth_OS/`.
3. For repeat use, build a wrapper in `40_strategic_modeler.md` runbook.",,,3,unverified,2026-05-12,photo_topic=Free Tools that handle tasks you've been avoiding
EIC-0076,photo_ocr,FB_IMG_1778509059175.jpg,« codebeautify.org - Code formatting /conversion tools,Codebeautify,https://codebeautify.org,codebeautify.org,Decision Intelligence,,Code formatting /conversion tools,CEO Command Center,Strategic Modeler,"Strategic Modeler uses codebeautify.org for strategic frameworks, decision trees, scenario analysis, or executive intelligence. Outputs feed Lucrex's command decisions.",,free,free,low,,"1. Open https://codebeautify.org.
2. Snapshot key insights into `01_BUSINESSES/Everlight_Ventures/Wealth_OS/`.
3. For repeat use, build a wrapper in `40_strategic_modeler.md` runbook.",,curating powerful,3,auto,2026-05-12,photo_topic=Sites curating powerful Tool collections...
EIC-0077,spreadsheet,Everlight_Free_Resources_List.xlsx,colorize.cc | Photo restoration | Restores color to black-and-white photos.,Colorize,https://colorize.cc,colorize.cc,Decision Intelligence,Uncategorized,Restores color to black-and-white photos.,CEO Command Center,Strategic Modeler,"Strategic Modeler uses colorize.cc for strategic frameworks, decision trees, scenario analysis, or executive intelligence. Outputs feed Lucrex's command decisions.",,free,free,low,,"1. Open https://colorize.cc.
2. Snapshot key insights into `01_BUSINESSES/Everlight_Ventures/Wealth_OS/`.
3. For repeat use, build a wrapper in `40_strategic_modeler.md` runbook.",,,4,unverified,2026-05-12,sheet_category=Photo restoration
EIC-0078,photo_ocr,FB_IMG_1778509367591.jpg,"* comptox.epa.gov - Toxicity data for 900,000 chemicals from EPA models",Comptox,https://comptox.epa.gov,comptox.epa.gov,Decision Intelligence,,"Toxicity data for 900,000 chemicals from EPA models",CEO Command Center,Strategic Modeler,"Strategic Modeler uses comptox.epa.gov for strategic frameworks, decision trees, scenario analysis, or executive intelligence. Outputs feed Lucrex's command decisions.",,free,free,low,,"1. Open https://comptox.epa.gov.
2. Snapshot key insights into `01_BUSINESSES/Everlight_Ventures/Wealth_OS/`.
3. For repeat use, build a wrapper in `40_strategic_modeler.md` runbook.",,hidden scientific,3,auto,2026-05-12,photo_topic=Hidden scientific platforms worth discovering
EIC-0079,photo_ocr,FB_IMG_1778509126742.jpg,« cosmicflows.iap.fr - Galaxy distance measurements and velocity data,Cosmicflows,https://cosmicflows.iap.fr,cosmicflows.iap.fr,Decision Intelligence,,Galaxy distance measurements and velocity data,CEO Command Center,Strategic Modeler,"Strategic Modeler uses cosmicflows.iap.fr for strategic frameworks, decision trees, scenario analysis, or executive intelligence. Outputs feed Lucrex's command decisions.",,free,free,low,,"1. Open https://cosmicflows.iap.fr.
2. Snapshot key insights into `01_BUSINESSES/Everlight_Ventures/Wealth_OS/`.
3. For repeat use, build a wrapper in `40_strategic_modeler.md` runbook.",,multiple fields,3,auto,2026-05-12,photo_topic=platforms to explore large datasets across multiple fields
EIC-0080,photo_ocr,FB_IMG_1778509507011.jpg,¢ crossref.org - DOI metadata for every published paper,Crossref,https://crossref.org,crossref.org,Decision Intelligence,Uncategorized,DOI metadata for every published paper,CEO Command Center,Strategic Modeler,"Strategic Modeler uses crossref.org for strategic frameworks, decision trees, scenario analysis, or executive intelligence. Outputs feed Lucrex's command decisions.",,free,free,low,,"1. Open https://crossref.org.
2. Snapshot key insights into `01_BUSINESSES/Everlight_Ventures/Wealth_OS/`.
3. For repeat use, build a wrapper in `40_strategic_modeler.md` runbook.",,,3,unverified,2026-05-12,photo_topic=platforms for finding hard to  access information..
EIC-0081,photo_ocr,FB_IMG_1778509392320.jpg,* curiosmos.com - unexplained phenomena and mysterious global locations,Curiosmos,https://curiosmos.com,curiosmos.com,Decision Intelligence,Uncategorized,unexplained phenomena and mysterious global locations,CEO Command Center,Strategic Modeler,"Strategic Modeler uses curiosmos.com for strategic frameworks, decision trees, scenario analysis, or executive intelligence. Outputs feed Lucrex's command decisions.",,free,free,low,,"1. Open https://curiosmos.com.
2. Snapshot key insights into `01_BUSINESSES/Everlight_Ventures/Wealth_OS/`.
3. For repeat use, build a wrapper in `40_strategic_modeler.md` runbook.",,,3,unverified,2026-05-12,photo_topic=Explore Hidden and Famous Wonders Worldwide
EIC-0082,photo_ocr,FB_IMG_1778509059175.jpg,¢ d3fend.mitre.org - cyber defense /countermeasure tools,D3Fend,https://d3fend.mitre.org,d3fend.mitre.org,Decision Intelligence,,cyber defense /countermeasure tools,CEO Command Center,Strategic Modeler,"Strategic Modeler uses d3fend.mitre.org for strategic frameworks, decision trees, scenario analysis, or executive intelligence. Outputs feed Lucrex's command decisions.",,free,free,low,,"1. Open https://d3fend.mitre.org.
2. Snapshot key insights into `01_BUSINESSES/Everlight_Ventures/Wealth_OS/`.
3. For repeat use, build a wrapper in `40_strategic_modeler.md` runbook.",,curating powerful,3,auto,2026-05-12,photo_topic=Sites curating powerful Tool collections...
EIC-0083,photo_ocr,FB_IMG_1778509315472.jpg,« dangerzone.rocks - Strip hidden malware from any uploaded document,Dangerzone,https://dangerzone.rocks,dangerzone.rocks,Decision Intelligence,,Strip hidden malware from any uploaded document,CEO Command Center,Strategic Modeler,"Strategic Modeler uses dangerzone.rocks for strategic frameworks, decision trees, scenario analysis, or executive intelligence. Outputs feed Lucrex's command decisions.",,free,free,low,,"1. Open https://dangerzone.rocks.
2. Snapshot key insights into `01_BUSINESSES/Everlight_Ventures/Wealth_OS/`.
3. For repeat use, build a wrapper in `40_strategic_modeler.md` runbook.",,rare research,3,auto,2026-05-12,photo_topic=Rare research Tools most people miss
EIC-0084,photo_ocr,FB_IMG_1778509126742.jpg,« datacommons.org - datasets across multiple domains collection,Datacommons,https://datacommons.org,datacommons.org,Decision Intelligence,,datasets across multiple domains collection,CEO Command Center,Strategic Modeler,"Strategic Modeler uses datacommons.org for strategic frameworks, decision trees, scenario analysis, or executive intelligence. Outputs feed Lucrex's command decisions.",,free,free,low,,"1. Open https://datacommons.org.
2. Snapshot key insights into `01_BUSINESSES/Everlight_Ventures/Wealth_OS/`.
3. For repeat use, build a wrapper in `40_strategic_modeler.md` runbook.",,multiple fields,3,auto,2026-05-12,photo_topic=platforms to explore large datasets across multiple fields
EIC-0085,photo_ocr,FB_IMG_1778509090589.jpg,« deepl.com - Most accurate Al translator,Deepl,https://deepl.com,deepl.com,Decision Intelligence,Uncategorized,Most accurate Al translator,CEO Command Center,Strategic Modeler,"Strategic Modeler uses deepl.com for strategic frameworks, decision trees, scenario analysis, or executive intelligence. Outputs feed Lucrex's command decisions.",,free,free,low,,"1. Open https://deepl.com.
2. Snapshot key insights into `01_BUSINESSES/Everlight_Ventures/Wealth_OS/`.
3. For repeat use, build a wrapper in `40_strategic_modeler.md` runbook.",,,3,unverified,2026-05-12,photo_topic=Free Tools that handle tasks you've been avoiding
EIC-0086,photo_ocr,FB_IMG_1778509059175.jpg,« designsystemsrepo.com - Collection of design systems,Designsystemsrepo,https://designsystemsrepo.com,designsystemsrepo.com,Decision Intelligence,,Collection of design systems,CEO Command Center,Strategic Modeler,"Strategic Modeler uses designsystemsrepo.com for strategic frameworks, decision trees, scenario analysis, or executive intelligence. Outputs feed Lucrex's command decisions.",,free,free,low,,"1. Open https://designsystemsrepo.com.
2. Snapshot key insights into `01_BUSINESSES/Everlight_Ventures/Wealth_OS/`.
3. For repeat use, build a wrapper in `40_strategic_modeler.md` runbook.",,curating powerful,3,auto,2026-05-12,photo_topic=Sites curating powerful Tool collections...
EIC-0087,photo_ocr,FB_IMG_1778509059175.jpg,"« devhints.io - Developer cheatsheet ,quick-reference tools",Devhints,https://devhints.io,devhints.io,Decision Intelligence,,"Developer cheatsheet ,quick-reference tools",CEO Command Center,Strategic Modeler,"Strategic Modeler uses devhints.io for strategic frameworks, decision trees, scenario analysis, or executive intelligence. Outputs feed Lucrex's command decisions.",,free,free,low,,"1. Open https://devhints.io.
2. Snapshot key insights into `01_BUSINESSES/Everlight_Ventures/Wealth_OS/`.
3. For repeat use, build a wrapper in `40_strategic_modeler.md` runbook.",,curating powerful,3,auto,2026-05-12,photo_topic=Sites curating powerful Tool collections...
EIC-0088,photo_ocr,FB_IMG_1778509507011.jpg,¢ drugbank.com - Deep data on every approved drug worldwide,Drugbank,https://drugbank.com,drugbank.com,Decision Intelligence,Uncategorized,Deep data on every approved drug worldwide,CEO Command Center,Strategic Modeler,"Strategic Modeler uses drugbank.com for strategic frameworks, decision trees, scenario analysis, or executive intelligence. Outputs feed Lucrex's command decisions.",,free,free,low,,"1. Open https://drugbank.com.
2. Snapshot key insights into `01_BUSINESSES/Everlight_Ventures/Wealth_OS/`.
3. For repeat use, build a wrapper in `40_strategic_modeler.md` runbook.",,,3,unverified,2026-05-12,photo_topic=platforms for finding hard to  access information..
EIC-0089,photo_ocr,FB_IMG_1778509090589.jpg,¢ duplichecker.com - Plagiarism check against billions of pages,Duplichecker,https://duplichecker.com,duplichecker.com,Decision Intelligence,Uncategorized,Plagiarism check against billions of pages,CEO Command Center,Strategic Modeler,"Strategic Modeler uses duplichecker.com for strategic frameworks, decision trees, scenario analysis, or executive intelligence. Outputs feed Lucrex's command decisions.",,free,free,low,,"1. Open https://duplichecker.com.
2. Snapshot key insights into `01_BUSINESSES/Everlight_Ventures/Wealth_OS/`.
3. For repeat use, build a wrapper in `40_strategic_modeler.md` runbook.",,,3,unverified,2026-05-12,photo_topic=Free Tools that handle tasks you've been avoiding
EIC-0090,photo_ocr,FB_IMG_1778509126742.jpg,« earthbyte.org - Plate tectonic reconstructions and geological models,Earthbyte,https://earthbyte.org,earthbyte.org,Decision Intelligence,,Plate tectonic reconstructions and geological models,CEO Command Center,Strategic Modeler,"Strategic Modeler uses earthbyte.org for strategic frameworks, decision trees, scenario analysis, or executive intelligence. Outputs feed Lucrex's command decisions.",,free,free,low,,"1. Open https://earthbyte.org.
2. Snapshot key insights into `01_BUSINESSES/Everlight_Ventures/Wealth_OS/`.
3. For repeat use, build a wrapper in `40_strategic_modeler.md` runbook.",,multiple fields,3,auto,2026-05-12,photo_topic=platforms to explore large datasets across multiple fields
EIC-0091,photo_ocr,FB_IMG_1778509392320.jpg,« earthtrekkers.com - unique destinations with detailed travel insights,Earthtrekkers,https://earthtrekkers.com,earthtrekkers.com,Decision Intelligence,Uncategorized,unique destinations with detailed travel insights,CEO Command Center,Strategic Modeler,"Strategic Modeler uses earthtrekkers.com for strategic frameworks, decision trees, scenario analysis, or executive intelligence. Outputs feed Lucrex's command decisions.",,free,free,low,,"1. Open https://earthtrekkers.com.
2. Snapshot key insights into `01_BUSINESSES/Everlight_Ventures/Wealth_OS/`.
3. For repeat use, build a wrapper in `40_strategic_modeler.md` runbook.",,,3,unverified,2026-05-12,photo_topic=Explore Hidden and Famous Wonders Worldwide
EIC-0092,photo_ocr,FB_IMG_1778509507011.jpg,¢ ebird.org - 1 billion bird observation records worldwide,Ebird,https://ebird.org,ebird.org,Decision Intelligence,Uncategorized,1 billion bird observation records worldwide,CEO Command Center,Strategic Modeler,"Strategic Modeler uses ebird.org for strategic frameworks, decision trees, scenario analysis, or executive intelligence. Outputs feed Lucrex's command decisions.",,free,free,low,,"1. Open https://ebird.org.
2. Snapshot key insights into `01_BUSINESSES/Everlight_Ventures/Wealth_OS/`.
3. For repeat use, build a wrapper in `40_strategic_modeler.md` runbook.",,,3,unverified,2026-05-12,photo_topic=platforms for finding hard to  access information..
EIC-0093,photo_ocr,FB_IMG_1778509507011.jpg,¢ elephind.com - Millions of historical newspapers searchable,Elephind,https://elephind.com,elephind.com,Decision Intelligence,Uncategorized,Millions of historical newspapers searchable,CEO Command Center,Strategic Modeler,"Strategic Modeler uses elephind.com for strategic frameworks, decision trees, scenario analysis, or executive intelligence. Outputs feed Lucrex's command decisions.",,free,free,low,,"1. Open https://elephind.com.
2. Snapshot key insights into `01_BUSINESSES/Everlight_Ventures/Wealth_OS/`.
3. For repeat use, build a wrapper in `40_strategic_modeler.md` runbook.",,,3,unverified,2026-05-12,photo_topic=platforms for finding hard to  access information..
EIC-0094,photo_ocr,FB_IMG_1778509367591.jpg,¢ eol.org - Encyclopedia covering every species ever formally named,Eol,https://eol.org,eol.org,Decision Intelligence,,Encyclopedia covering every species ever formally named,CEO Command Center,Strategic Modeler,"Strategic Modeler uses eol.org for strategic frameworks, decision trees, scenario analysis, or executive intelligence. Outputs feed Lucrex's command decisions.",,free,free,low,,"1. Open https://eol.org.
2. Snapshot key insights into `01_BUSINESSES/Everlight_Ventures/Wealth_OS/`.
3. For repeat use, build a wrapper in `40_strategic_modeler.md` runbook.",,hidden scientific,3,auto,2026-05-12,photo_topic=Hidden scientific platforms worth discovering
EIC-0095,photo_ocr,FB_IMG_1778509059175.jpg,¢ essentialmarketingtools.com - Collection of Digital Marketing Tools,Essentialmarketingtools,https://essentialmarketingtools.com,essentialmarketingtools.com,Decision Intelligence,,Collection of Digital Marketing Tools,CEO Command Center,Strategic Modeler,"Strategic Modeler uses essentialmarketingtools.com for strategic frameworks, decision trees, scenario analysis, or executive intelligence. Outputs feed Lucrex's command decisions.",,free,free,low,,"1. Open https://essentialmarketingtools.com.
2. Snapshot key insights into `01_BUSINESSES/Everlight_Ventures/Wealth_OS/`.
3. For repeat use, build a wrapper in `40_strategic_modeler.md` runbook.",,curating powerful,3,auto,2026-05-12,photo_topic=Sites curating powerful Tool collections...
EIC-0096,photo_ocr,FB_IMG_1778509315472.jpg,* everylang.net - Instant translation of any webpage into any language,Everylang,https://everylang.net,everylang.net,Decision Intelligence,,Instant translation of any webpage into any language,CEO Command Center,Strategic Modeler,"Strategic Modeler uses everylang.net for strategic frameworks, decision trees, scenario analysis, or executive intelligence. Outputs feed Lucrex's command decisions.",,free,free,low,,"1. Open https://everylang.net.
2. Snapshot key insights into `01_BUSINESSES/Everlight_Ventures/Wealth_OS/`.
3. For repeat use, build a wrapper in `40_strategic_modeler.md` runbook.",,rare research,3,auto,2026-05-12,photo_topic=Rare research Tools most people miss
EIC-0097,photo_ocr,FB_IMG_1778509126742.jpg,« exoplanetarchive.ipac.caltech.edu - Confirmed exoplanet data,Exoplanetarchive,https://exoplanetarchive.ipac.caltech.edu,exoplanetarchive.ipac.caltech.edu,Decision Intelligence,,Confirmed exoplanet data,CEO Command Center,Strategic Modeler,"Strategic Modeler uses exoplanetarchive.ipac.caltech.edu for strategic frameworks, decision trees, scenario analysis, or executive intelligence. Outputs feed Lucrex's command decisions.",,free,free,low,,"1. Open https://exoplanetarchive.ipac.caltech.edu.
2. Snapshot key insights into `01_BUSINESSES/Everlight_Ventures/Wealth_OS/`.
3. For repeat use, build a wrapper in `40_strategic_modeler.md` runbook.",,multiple fields,3,auto,2026-05-12,photo_topic=platforms to explore large datasets across multiple fields
EIC-0098,photo_ocr,FB_IMG_1778509090589.jpg,¢ explainpaper.com - understand any confusing paper,Explainpaper,https://explainpaper.com,explainpaper.com,Decision Intelligence,Uncategorized,understand any confusing paper,CEO Command Center,Strategic Modeler,"Strategic Modeler uses explainpaper.com for strategic frameworks, decision trees, scenario analysis, or executive intelligence. Outputs feed Lucrex's command decisions.",,free,free,low,,"1. Open https://explainpaper.com.
2. Snapshot key insights into `01_BUSINESSES/Everlight_Ventures/Wealth_OS/`.
3. For repeat use, build a wrapper in `40_strategic_modeler.md` runbook.",,,3,unverified,2026-05-12,photo_topic=Free Tools that handle tasks you've been avoiding
EIC-0099,photo_ocr,FB_IMG_1778509126742.jpg,- fishsounds.net - fish sound recordings database,Fishsounds,https://fishsounds.net,fishsounds.net,Decision Intelligence,,fish sound recordings database,CEO Command Center,Strategic Modeler,"Strategic Modeler uses fishsounds.net for strategic frameworks, decision trees, scenario analysis, or executive intelligence. Outputs feed Lucrex's command decisions.",,free,free,low,,"1. Open https://fishsounds.net.
2. Snapshot key insights into `01_BUSINESSES/Everlight_Ventures/Wealth_OS/`.
3. For repeat use, build a wrapper in `40_strategic_modeler.md` runbook.",,multiple fields,3,auto,2026-05-12,photo_topic=platforms to explore large datasets across multiple fields
EIC-0100,photo_ocr,FB_IMG_1778509272312.jpg,¢ forvo.com - word in every language pronounced correctly,Forvo,https://forvo.com,forvo.com,Decision Intelligence,,word in every language pronounced correctly,CEO Command Center,Strategic Modeler,"Strategic Modeler uses forvo.com for strategic frameworks, decision trees, scenario analysis, or executive intelligence. Outputs feed Lucrex's command decisions.",,free,free,low,,"1. Open https://forvo.com.
2. Snapshot key insights into `01_BUSINESSES/Everlight_Ventures/Wealth_OS/`.
3. For repeat use, build a wrapper in `40_strategic_modeler.md` runbook.",,underrecognized information,3,auto,2026-05-12,photo_topic=Underrecognized information resource platforms
EIC-0101,photo_ocr,FB_IMG_1778509272312.jpg,"¢ fragrantica.com - Every perfume ever made, ranked..",Fragrantica,https://fragrantica.com,fragrantica.com,Decision Intelligence,,"Every perfume ever made, ranked",CEO Command Center,Strategic Modeler,"Strategic Modeler uses fragrantica.com for strategic frameworks, decision trees, scenario analysis, or executive intelligence. Outputs feed Lucrex's command decisions.",,free,free,low,,"1. Open https://fragrantica.com.
2. Snapshot key insights into `01_BUSINESSES/Everlight_Ventures/Wealth_OS/`.
3. For repeat use, build a wrapper in `40_strategic_modeler.md` runbook.",,underrecognized information,3,auto,2026-05-12,photo_topic=Underrecognized information resource platforms
EIC-0102,photo_ocr,FB_IMG_1778509272312.jpg,¢ free-for.dev - Every free dev service tier listed,Free For,https://free-for.dev,free-for.dev,Decision Intelligence,,Every free dev service tier listed,CEO Command Center,Strategic Modeler,"Strategic Modeler uses free-for.dev for strategic frameworks, decision trees, scenario analysis, or executive intelligence. Outputs feed Lucrex's command decisions.",,free,free,low,,"1. Open https://free-for.dev.
2. Snapshot key insights into `01_BUSINESSES/Everlight_Ventures/Wealth_OS/`.
3. For repeat use, build a wrapper in `40_strategic_modeler.md` runbook.",,underrecognized information,3,auto,2026-05-12,photo_topic=Underrecognized information resource platforms
EIC-0103,photo_ocr,FB_IMG_1778509315472.jpg,¢ gechints.com - Train your eye to identify any location from photos,Gechints,https://gechints.com,gechints.com,Decision Intelligence,,Train your eye to identify any location from photos,CEO Command Center,Strategic Modeler,"Strategic Modeler uses gechints.com for strategic frameworks, decision trees, scenario analysis, or executive intelligence. Outputs feed Lucrex's command decisions.",,free,free,low,,"1. Open https://gechints.com.
2. Snapshot key insights into `01_BUSINESSES/Everlight_Ventures/Wealth_OS/`.
3. For repeat use, build a wrapper in `40_strategic_modeler.md` runbook.",,rare research,3,auto,2026-05-12,photo_topic=Rare research Tools most people miss
EIC-0104,photo_ocr,FB_IMG_1778509126742.jpg,* genenames.org - human gene nomenclature database,Genenames,https://genenames.org,genenames.org,Decision Intelligence,,human gene nomenclature database,CEO Command Center,Strategic Modeler,"Strategic Modeler uses genenames.org for strategic frameworks, decision trees, scenario analysis, or executive intelligence. Outputs feed Lucrex's command decisions.",,free,free,low,,"1. Open https://genenames.org.
2. Snapshot key insights into `01_BUSINESSES/Everlight_Ventures/Wealth_OS/`.
3. For repeat use, build a wrapper in `40_strategic_modeler.md` runbook.",,multiple fields,3,auto,2026-05-12,photo_topic=platforms to explore large datasets across multiple fields
EIC-0105,photo_ocr,FB_IMG_1778509392320.jpg,* geocaching.com - Explore real world treasure hunt locations globally,Geocaching,https://geocaching.com,geocaching.com,Decision Intelligence,Uncategorized,Explore real world treasure hunt locations globally,CEO Command Center,Strategic Modeler,"Strategic Modeler uses geocaching.com for strategic frameworks, decision trees, scenario analysis, or executive intelligence. Outputs feed Lucrex's command decisions.",,free,free,low,,"1. Open https://geocaching.com.
2. Snapshot key insights into `01_BUSINESSES/Everlight_Ventures/Wealth_OS/`.
3. For repeat use, build a wrapper in `40_strategic_modeler.md` runbook.",,,3,unverified,2026-05-12,photo_topic=Explore Hidden and Famous Wonders Worldwide
EIC-0106,spreadsheet,Everlight_Free_Resources_List.xlsx,geogebra.org | Math tools | Free math and graphing tools.,Geogebra,https://geogebra.org,geogebra.org,Decision Intelligence,Uncategorized,Free math and graphing tools.,CEO Command Center,Strategic Modeler,"Strategic Modeler uses geogebra.org for strategic frameworks, decision trees, scenario analysis, or executive intelligence. Outputs feed Lucrex's command decisions.",,free,free,low,,"1. Open https://geogebra.org.
2. Snapshot key insights into `01_BUSINESSES/Everlight_Ventures/Wealth_OS/`.
3. For repeat use, build a wrapper in `40_strategic_modeler.md` runbook.",,,4,unverified,2026-05-12,sheet_category=Math tools | photo_topic=Essential Tools you'll wish you found earlier
EIC-0107,photo_ocr,FB_IMG_1778509126742.jpg,« geosamples.org - Registry of earth science samples,Geosamples,https://geosamples.org,geosamples.org,Decision Intelligence,,Registry of earth science samples,CEO Command Center,Strategic Modeler,"Strategic Modeler uses geosamples.org for strategic frameworks, decision trees, scenario analysis, or executive intelligence. Outputs feed Lucrex's command decisions.",,free,free,low,,"1. Open https://geosamples.org.
2. Snapshot key insights into `01_BUSINESSES/Everlight_Ventures/Wealth_OS/`.
3. For repeat use, build a wrapper in `40_strategic_modeler.md` runbook.",,multiple fields,3,auto,2026-05-12,photo_topic=platforms to explore large datasets across multiple fields
EIC-0108,photo_ocr,FB_IMG_1778509126742.jpg,¢ gigadb.org - Massive biological datasets,Gigadb,https://gigadb.org,gigadb.org,Decision Intelligence,,Massive biological datasets,CEO Command Center,Strategic Modeler,"Strategic Modeler uses gigadb.org for strategic frameworks, decision trees, scenario analysis, or executive intelligence. Outputs feed Lucrex's command decisions.",,free,free,low,,"1. Open https://gigadb.org.
2. Snapshot key insights into `01_BUSINESSES/Everlight_Ventures/Wealth_OS/`.
3. For repeat use, build a wrapper in `40_strategic_modeler.md` runbook.",,multiple fields,3,auto,2026-05-12,photo_topic=platforms to explore large datasets across multiple fields
EIC-0109,photo_ocr,FB_IMG_1778509126742.jpg,¢ giita.ucsd.edu - Microbiome and metagenomics data portal,Giita,https://giita.ucsd.edu,giita.ucsd.edu,Decision Intelligence,,Microbiome and metagenomics data portal,CEO Command Center,Strategic Modeler,"Strategic Modeler uses giita.ucsd.edu for strategic frameworks, decision trees, scenario analysis, or executive intelligence. Outputs feed Lucrex's command decisions.",,free,free,low,,"1. Open https://giita.ucsd.edu.
2. Snapshot key insights into `01_BUSINESSES/Everlight_Ventures/Wealth_OS/`.
3. For repeat use, build a wrapper in `40_strategic_modeler.md` runbook.",,multiple fields,3,auto,2026-05-12,photo_topic=platforms to explore large datasets across multiple fields
EIC-0110,photo_ocr,FB_IMG_1778509392320.jpg,« globalgrasshopper.com - stylish hidden travel destinations worldwide,Globalgrasshopper,https://globalgrasshopper.com,globalgrasshopper.com,Decision Intelligence,Uncategorized,stylish hidden travel destinations worldwide,CEO Command Center,Strategic Modeler,"Strategic Modeler uses globalgrasshopper.com for strategic frameworks, decision trees, scenario analysis, or executive intelligence. Outputs feed Lucrex's command decisions.",,free,free,low,,"1. Open https://globalgrasshopper.com.
2. Snapshot key insights into `01_BUSINESSES/Everlight_Ventures/Wealth_OS/`.
3. For repeat use, build a wrapper in `40_strategic_modeler.md` runbook.",,,3,unverified,2026-05-12,photo_topic=Explore Hidden and Famous Wonders Worldwide
EIC-0111,photo_ocr,FB_IMG_1778509126742.jpg,« glottolog.org - database of all lesser known languages.,Glottolog,https://glottolog.org,glottolog.org,Decision Intelligence,,database of all lesser known languages,CEO Command Center,Strategic Modeler,"Strategic Modeler uses glottolog.org for strategic frameworks, decision trees, scenario analysis, or executive intelligence. Outputs feed Lucrex's command decisions.",,free,free,low,,"1. Open https://glottolog.org.
2. Snapshot key insights into `01_BUSINESSES/Everlight_Ventures/Wealth_OS/`.
3. For repeat use, build a wrapper in `40_strategic_modeler.md` runbook.",,multiple fields,3,auto,2026-05-12,photo_topic=platforms to explore large datasets across multiple fields
EIC-0112,photo_ocr,FB_IMG_1778509392320.jpg,¢ hiddenarchitecture.net - unusual architectural wonders across the world,Hiddenarchitecture,https://hiddenarchitecture.net,hiddenarchitecture.net,Decision Intelligence,Uncategorized,unusual architectural wonders across the world,CEO Command Center,Strategic Modeler,"Strategic Modeler uses hiddenarchitecture.net for strategic frameworks, decision trees, scenario analysis, or executive intelligence. Outputs feed Lucrex's command decisions.",,free,free,low,,"1. Open https://hiddenarchitecture.net.
2. Snapshot key insights into `01_BUSINESSES/Everlight_Ventures/Wealth_OS/`.
3. For repeat use, build a wrapper in `40_strategic_modeler.md` runbook.",,,3,unverified,2026-05-12,photo_topic=Explore Hidden and Famous Wonders Worldwide
EIC-0113,photo_ocr,FB_IMG_1778509392320.jpg,« historicmysteries.com - mysterious historical sites and ancient wonders,Historicmysteries,https://historicmysteries.com,historicmysteries.com,Decision Intelligence,Uncategorized,mysterious historical sites and ancient wonders,CEO Command Center,Strategic Modeler,"Strategic Modeler uses historicmysteries.com for strategic frameworks, decision trees, scenario analysis, or executive intelligence. Outputs feed Lucrex's command decisions.",,free,free,low,,"1. Open https://historicmysteries.com.
2. Snapshot key insights into `01_BUSINESSES/Everlight_Ventures/Wealth_OS/`.
3. For repeat use, build a wrapper in `40_strategic_modeler.md` runbook.",,,3,unverified,2026-05-12,photo_topic=Explore Hidden and Famous Wonders Worldwide | photo_topic=Sites to dive Into the world's hidden Mysteries...
EIC-0114,photo_ocr,FB_IMG_1778509126742.jpg,¢ hubmapconsortium.org - Human organ spatial single-cell atlas data,Hubmapconsortium,https://hubmapconsortium.org,hubmapconsortium.org,Decision Intelligence,,Human organ spatial single-cell atlas data,CEO Command Center,Strategic Modeler,"Strategic Modeler uses hubmapconsortium.org for strategic frameworks, decision trees, scenario analysis, or executive intelligence. Outputs feed Lucrex's command decisions.",,free,free,low,,"1. Open https://hubmapconsortium.org.
2. Snapshot key insights into `01_BUSINESSES/Everlight_Ventures/Wealth_OS/`.
3. For repeat use, build a wrapper in `40_strategic_modeler.md` runbook.",,multiple fields,3,auto,2026-05-12,photo_topic=platforms to explore large datasets across multiple fields
EIC-0115,photo_ocr,FB_IMG_1778509126742.jpg,¢ icpsr.umich.edu - Social science research archive,Icpsr,https://icpsr.umich.edu,icpsr.umich.edu,Decision Intelligence,,Social science research archive,CEO Command Center,Strategic Modeler,"Strategic Modeler uses icpsr.umich.edu for strategic frameworks, decision trees, scenario analysis, or executive intelligence. Outputs feed Lucrex's command decisions.",,free,free,low,,"1. Open https://icpsr.umich.edu.
2. Snapshot key insights into `01_BUSINESSES/Everlight_Ventures/Wealth_OS/`.
3. For repeat use, build a wrapper in `40_strategic_modeler.md` runbook.",,multiple fields,3,auto,2026-05-12,photo_topic=platforms to explore large datasets across multiple fields
EIC-0116,photo_ocr,FB_IMG_1778509315472.jpg,¢ inciteful.xyz - Find papers connecting two unrelated research fields,Inciteful,https://inciteful.xyz,inciteful.xyz,Decision Intelligence,,Find papers connecting two unrelated research fields,CEO Command Center,Strategic Modeler,"Strategic Modeler uses inciteful.xyz for strategic frameworks, decision trees, scenario analysis, or executive intelligence. Outputs feed Lucrex's command decisions.",,free,free,low,,"1. Open https://inciteful.xyz.
2. Snapshot key insights into `01_BUSINESSES/Everlight_Ventures/Wealth_OS/`.
3. For repeat use, build a wrapper in `40_strategic_modeler.md` runbook.",,rare research,3,auto,2026-05-12,photo_topic=Rare research Tools most people miss
EIC-0117,spreadsheet,API_Mega_List_Repository_Index.xlsx,integrations-apis-890 | Integrations | Cross-platform integrations | 890,integrations-apis-890,,integrations-apis-890,Decision Intelligence,Uncategorized,Cross-platform integrations,CEO Command Center,Strategic Modeler,"Strategic Modeler uses integrations-apis-890 for strategic frameworks, decision trees, scenario analysis, or executive intelligence. Outputs feed Lucrex's command decisions.",,free,free,low,,"1. Open https://integrations-apis-890.
2. Snapshot key insights into `01_BUSINESSES/Everlight_Ventures/Wealth_OS/`.
3. For repeat use, build a wrapper in `40_strategic_modeler.md` runbook.",,,4,unverified,2026-05-12,sheet_category=Integrations; api_count=890
EIC-0118,photo_ocr,FB_IMG_1778509315472.jpg,¢ internet-map.net - Visual map of every major website by size,Internet Map,https://internet-map.net,internet-map.net,Decision Intelligence,,Visual map of every major website by size,CEO Command Center,Strategic Modeler,"Strategic Modeler uses internet-map.net for strategic frameworks, decision trees, scenario analysis, or executive intelligence. Outputs feed Lucrex's command decisions.",,free,free,low,,"1. Open https://internet-map.net.
2. Snapshot key insights into `01_BUSINESSES/Everlight_Ventures/Wealth_OS/`.
3. For repeat use, build a wrapper in `40_strategic_modeler.md` runbook.",,rare research,3,auto,2026-05-12,photo_topic=Rare research Tools most people miss
EIC-0119,photo_ocr,FB_IMG_1778509507011.jpg,¢ inventaire.io - Open database of every book edition published,Inventaire,https://inventaire.io,inventaire.io,Decision Intelligence,Uncategorized,Open database of every book edition published,CEO Command Center,Strategic Modeler,"Strategic Modeler uses inventaire.io for strategic frameworks, decision trees, scenario analysis, or executive intelligence. Outputs feed Lucrex's command decisions.",,free,free,low,,"1. Open https://inventaire.io.
2. Snapshot key insights into `01_BUSINESSES/Everlight_Ventures/Wealth_OS/`.
3. For repeat use, build a wrapper in `40_strategic_modeler.md` runbook.",,,3,unverified,2026-05-12,photo_topic=platforms for finding hard to  access information..
EIC-0120,photo_ocr,FB_IMG_1778509315472.jpg,* ipinfo.io - reveal who owns any IP address worldwide,Ipinfo,https://ipinfo.io,ipinfo.io,Decision Intelligence,,reveal who owns any IP address worldwide,CEO Command Center,Strategic Modeler,"Strategic Modeler uses ipinfo.io for strategic frameworks, decision trees, scenario analysis, or executive intelligence. Outputs feed Lucrex's command decisions.",,free,free,low,,"1. Open https://ipinfo.io.
2. Snapshot key insights into `01_BUSINESSES/Everlight_Ventures/Wealth_OS/`.
3. For repeat use, build a wrapper in `40_strategic_modeler.md` runbook.",,rare research,3,auto,2026-05-12,photo_topic=Rare research Tools most people miss
EIC-0121,photo_ocr,FB_IMG_1778509507011.jpg,¢ iucnredlist.org - Extinction risk data for every known species,Iucnredlist,https://iucnredlist.org,iucnredlist.org,Decision Intelligence,Uncategorized,Extinction risk data for every known species,CEO Command Center,Strategic Modeler,"Strategic Modeler uses iucnredlist.org for strategic frameworks, decision trees, scenario analysis, or executive intelligence. Outputs feed Lucrex's command decisions.",,free,free,low,,"1. Open https://iucnredlist.org.
2. Snapshot key insights into `01_BUSINESSES/Everlight_Ventures/Wealth_OS/`.
3. For repeat use, build a wrapper in `40_strategic_modeler.md` runbook.",,,3,unverified,2026-05-12,photo_topic=platforms for finding hard to  access information..
EIC-0122,photo_ocr,FB_IMG_1778509090589.jpg,¢ jitsi.org - Host unlimited private video calls,Jitsi,https://jitsi.org,jitsi.org,Decision Intelligence,Uncategorized,Host unlimited private video calls,CEO Command Center,Strategic Modeler,"Strategic Modeler uses jitsi.org for strategic frameworks, decision trees, scenario analysis, or executive intelligence. Outputs feed Lucrex's command decisions.",,free,free,low,,"1. Open https://jitsi.org.
2. Snapshot key insights into `01_BUSINESSES/Everlight_Ventures/Wealth_OS/`.
3. For repeat use, build a wrapper in `40_strategic_modeler.md` runbook.",,,3,unverified,2026-05-12,photo_topic=Free Tools that handle tasks you've been avoiding
EIC-0123,spreadsheet,API_Mega_List_Repository_Index.xlsx,"jobs-apis-848 | Jobs | Job boards, resumes, hiring APIs | 848",jobs-apis-848,,jobs-apis-848,Decision Intelligence,Uncategorized,"Job boards, resumes, hiring APIs",CEO Command Center,Strategic Modeler,"Strategic Modeler uses jobs-apis-848 for strategic frameworks, decision trees, scenario analysis, or executive intelligence. Outputs feed Lucrex's command decisions.",,free,free,low,,"1. Open https://jobs-apis-848.
2. Snapshot key insights into `01_BUSINESSES/Everlight_Ventures/Wealth_OS/`.
3. For repeat use, build a wrapper in `40_strategic_modeler.md` runbook.",,,4,unverified,2026-05-12,sheet_category=Jobs; api_count=848
EIC-0124,spreadsheet,Everlight_Free_Resources_List.xlsx,jobscan.co | Career tools | Matches resumes against job descriptions.,Jobscan,https://jobscan.co,jobscan.co,Decision Intelligence,Uncategorized,Matches resumes against job descriptions.,CEO Command Center,Strategic Modeler,"Strategic Modeler uses jobscan.co for strategic frameworks, decision trees, scenario analysis, or executive intelligence. Outputs feed Lucrex's command decisions.",,free,free,low,,"1. Open https://jobscan.co.
2. Snapshot key insights into `01_BUSINESSES/Everlight_Ventures/Wealth_OS/`.
3. For repeat use, build a wrapper in `40_strategic_modeler.md` runbook.",,,4,unverified,2026-05-12,sheet_category=Career tools | photo_topic=Essential Tools you'll wish you found earlier
EIC-0125,photo_ocr,FB_IMG_1778509315472.jpg,« keenious.com - Upload your draft get matched paper suggestions,Keenious,https://keenious.com,keenious.com,Decision Intelligence,,Upload your draft get matched paper suggestions,CEO Command Center,Strategic Modeler,"Strategic Modeler uses keenious.com for strategic frameworks, decision trees, scenario analysis, or executive intelligence. Outputs feed Lucrex's command decisions.",,free,free,low,,"1. Open https://keenious.com.
2. Snapshot key insights into `01_BUSINESSES/Everlight_Ventures/Wealth_OS/`.
3. For repeat use, build a wrapper in `40_strategic_modeler.md` runbook.",,rare research,3,auto,2026-05-12,photo_topic=Rare research Tools most people miss
EIC-0126,photo_ocr,FB_IMG_1778509367591.jpg,¢ knb.ecoinformatics.org - raw ecological field data downloadable,Knb,https://knb.ecoinformatics.org,knb.ecoinformatics.org,Decision Intelligence,,raw ecological field data downloadable,CEO Command Center,Strategic Modeler,"Strategic Modeler uses knb.ecoinformatics.org for strategic frameworks, decision trees, scenario analysis, or executive intelligence. Outputs feed Lucrex's command decisions.",,free,free,low,,"1. Open https://knb.ecoinformatics.org.
2. Snapshot key insights into `01_BUSINESSES/Everlight_Ventures/Wealth_OS/`.
3. For repeat use, build a wrapper in `40_strategic_modeler.md` runbook.",,hidden scientific,3,auto,2026-05-12,photo_topic=Hidden scientific platforms worth discovering
EIC-0127,photo_ocr,FB_IMG_1778509272312.jpg,¢ land-book.com - Best landing page designs organized by style,Land Book,https://land-book.com,land-book.com,Decision Intelligence,,Best landing page designs organized by style,CEO Command Center,Strategic Modeler,"Strategic Modeler uses land-book.com for strategic frameworks, decision trees, scenario analysis, or executive intelligence. Outputs feed Lucrex's command decisions.",,free,free,low,,"1. Open https://land-book.com.
2. Snapshot key insights into `01_BUSINESSES/Everlight_Ventures/Wealth_OS/`.
3. For repeat use, build a wrapper in `40_strategic_modeler.md` runbook.",,underrecognized information,3,auto,2026-05-12,photo_topic=Underrecognized information resource platforms
EIC-0128,photo_ocr,FB_IMG_1778509090589.jpg,¢ languagetool.org - Grammar and style check in 30+ languages,Languagetool,https://languagetool.org,languagetool.org,Decision Intelligence,Uncategorized,Grammar and style check in 30+ languages,CEO Command Center,Strategic Modeler,"Strategic Modeler uses languagetool.org for strategic frameworks, decision trees, scenario analysis, or executive intelligence. Outputs feed Lucrex's command decisions.",,free,free,low,,"1. Open https://languagetool.org.
2. Snapshot key insights into `01_BUSINESSES/Everlight_Ventures/Wealth_OS/`.
3. For repeat use, build a wrapper in `40_strategic_modeler.md` runbook.",,,3,unverified,2026-05-12,photo_topic=Free Tools that handle tasks you've been avoiding
EIC-0129,spreadsheet,API_Mega_List_Repository_Index.xlsx,lead-generation-apis-3452 | Lead Generation | Lead scraping and prospecting | 3452,lead-generation-apis-3452,,lead-generation-apis-3452,Decision Intelligence,Uncategorized,Lead scraping and prospecting,CEO Command Center,Strategic Modeler,"Strategic Modeler uses lead-generation-apis-3452 for strategic frameworks, decision trees, scenario analysis, or executive intelligence. Outputs feed Lucrex's command decisions.",,free,free,low,,"1. Open https://lead-generation-apis-3452.
2. Snapshot key insights into `01_BUSINESSES/Everlight_Ventures/Wealth_OS/`.
3. For repeat use, build a wrapper in `40_strategic_modeler.md` runbook.",,,4,unverified,2026-05-12,sheet_category=Lead Generation; api_count=3452
EIC-0130,photo_ocr,FB_IMG_1778509507011.jpg,¢ lens.org - Free patent and scholarly literature database,Lens,https://lens.org,lens.org,Decision Intelligence,Uncategorized,Free patent and scholarly literature database,CEO Command Center,Strategic Modeler,"Strategic Modeler uses lens.org for strategic frameworks, decision trees, scenario analysis, or executive intelligence. Outputs feed Lucrex's command decisions.",,free,free,low,,"1. Open https://lens.org.
2. Snapshot key insights into `01_BUSINESSES/Everlight_Ventures/Wealth_OS/`.
3. For repeat use, build a wrapper in `40_strategic_modeler.md` runbook.",,,3,unverified,2026-05-12,photo_topic=platforms for finding hard to  access information..
EIC-0131,photo_ocr,FB_IMG_1778509392320.jpg,¢ lightpollutionmap.info - Explore global night sky visibility and darkness,Lightpollutionmap,https://lightpollutionmap.info,lightpollutionmap.info,Decision Intelligence,Uncategorized,Explore global night sky visibility and darkness,CEO Command Center,Strategic Modeler,"Strategic Modeler uses lightpollutionmap.info for strategic frameworks, decision trees, scenario analysis, or executive intelligence. Outputs feed Lucrex's command decisions.",,free,free,low,,"1. Open https://lightpollutionmap.info.
2. Snapshot key insights into `01_BUSINESSES/Everlight_Ventures/Wealth_OS/`.
3. For repeat use, build a wrapper in `40_strategic_modeler.md` runbook.",,,3,unverified,2026-05-12,photo_topic=Explore Hidden and Famous Wonders Worldwide
EIC-0132,photo_ocr,FB_IMG_1778509090589.jpg,- limesurvey.org - free/ unlimited surveys with advanced logic,Limesurvey,https://limesurvey.org,limesurvey.org,Decision Intelligence,Uncategorized,free/ unlimited surveys with advanced logic,CEO Command Center,Strategic Modeler,"Strategic Modeler uses limesurvey.org for strategic frameworks, decision trees, scenario analysis, or executive intelligence. Outputs feed Lucrex's command decisions.",,free,free,low,,"1. Open https://limesurvey.org.
2. Snapshot key insights into `01_BUSINESSES/Everlight_Ventures/Wealth_OS/`.
3. For repeat use, build a wrapper in `40_strategic_modeler.md` runbook.",,,3,unverified,2026-05-12,photo_topic=Free Tools that handle tasks you've been avoiding
EIC-0133,photo_ocr,FB_IMG_1778509059175.jpg,¢ linuxlinks.com - free Linux tools directory,Linuxlinks,https://linuxlinks.com,linuxlinks.com,Decision Intelligence,,free Linux tools directory,CEO Command Center,Strategic Modeler,"Strategic Modeler uses linuxlinks.com for strategic frameworks, decision trees, scenario analysis, or executive intelligence. Outputs feed Lucrex's command decisions.",,free,free,low,,"1. Open https://linuxlinks.com.
2. Snapshot key insights into `01_BUSINESSES/Everlight_Ventures/Wealth_OS/`.
3. For repeat use, build a wrapper in `40_strategic_modeler.md` runbook.",,curating powerful,3,auto,2026-05-12,photo_topic=Sites curating powerful Tool collections...
EIC-0134,photo_ocr,FB_IMG_1778509315472.jpg,« liveuamap.com - Real-time conflict and crisis event map worldwide,Liveuamap,https://liveuamap.com,liveuamap.com,Decision Intelligence,,Real-time conflict and crisis event map worldwide,CEO Command Center,Strategic Modeler,"Strategic Modeler uses liveuamap.com for strategic frameworks, decision trees, scenario analysis, or executive intelligence. Outputs feed Lucrex's command decisions.",,free,free,low,,"1. Open https://liveuamap.com.
2. Snapshot key insights into `01_BUSINESSES/Everlight_Ventures/Wealth_OS/`.
3. For repeat use, build a wrapper in `40_strategic_modeler.md` runbook.",,rare research,3,auto,2026-05-12,photo_topic=Rare research Tools most people miss
EIC-0135,photo_ocr,FB_IMG_1778509126742.jpg,« livingreviews.org - updated/reliable expert scientific review articles,Livingreviews,https://livingreviews.org,livingreviews.org,Decision Intelligence,,updated/reliable expert scientific review articles,CEO Command Center,Strategic Modeler,"Strategic Modeler uses livingreviews.org for strategic frameworks, decision trees, scenario analysis, or executive intelligence. Outputs feed Lucrex's command decisions.",,free,free,low,,"1. Open https://livingreviews.org.
2. Snapshot key insights into `01_BUSINESSES/Everlight_Ventures/Wealth_OS/`.
3. For repeat use, build a wrapper in `40_strategic_modeler.md` runbook.",,multiple fields,3,auto,2026-05-12,photo_topic=platforms to explore large datasets across multiple fields
EIC-0136,spreadsheet,Everlight_Free_Resources_List.xlsx,losslesscut.app | Video editing | Cuts videos with no quality loss.,Losslesscut,https://losslesscut.app,losslesscut.app,Decision Intelligence,Uncategorized,Trims videos with zero quality loss,CEO Command Center,Strategic Modeler,"Strategic Modeler uses losslesscut.app for strategic frameworks, decision trees, scenario analysis, or executive intelligence. Outputs feed Lucrex's command decisions.",,free,free,low,,"1. Open https://losslesscut.app.
2. Snapshot key insights into `01_BUSINESSES/Everlight_Ventures/Wealth_OS/`.
3. For repeat use, build a wrapper in `40_strategic_modeler.md` runbook.",,,4,unverified,2026-05-12,sheet_category=Video editing | photo_topic=Essential Tools you'll wish you found earlier
EIC-0137,photo_ocr,FB_IMG_1778509126742.jpg,"¢ lotus.naturalproducts.net - Natural Products storage, search ,analysis",Lotus,https://lotus.naturalproducts.net,lotus.naturalproducts.net,Decision Intelligence,,"Natural Products storage, search ,analysis",CEO Command Center,Strategic Modeler,"Strategic Modeler uses lotus.naturalproducts.net for strategic frameworks, decision trees, scenario analysis, or executive intelligence. Outputs feed Lucrex's command decisions.",,free,free,low,,"1. Open https://lotus.naturalproducts.net.
2. Snapshot key insights into `01_BUSINESSES/Everlight_Ventures/Wealth_OS/`.
3. For repeat use, build a wrapper in `40_strategic_modeler.md` runbook.",,multiple fields,3,auto,2026-05-12,photo_topic=platforms to explore large datasets across multiple fields
EIC-0138,spreadsheet,Everlight_Free_Resources_List.xlsx,magicslides.app | Presentations | Creates slide decks from topics.,Magicslides,https://magicslides.app,magicslides.app,Decision Intelligence,Uncategorized,Builds slide decks from any topic,CEO Command Center,Strategic Modeler,"Strategic Modeler uses magicslides.app for strategic frameworks, decision trees, scenario analysis, or executive intelligence. Outputs feed Lucrex's command decisions.",,free,free,low,,"1. Open https://magicslides.app.
2. Snapshot key insights into `01_BUSINESSES/Everlight_Ventures/Wealth_OS/`.
3. For repeat use, build a wrapper in `40_strategic_modeler.md` runbook.",,,4,unverified,2026-05-12,sheet_category=Presentations | photo_topic=Essential Tools you'll wish you found earlier
EIC-0139,photo_ocr,FB_IMG_1778509126742.jpg,« matweb.com - Material property data for engineering,Matweb,https://matweb.com,matweb.com,Decision Intelligence,,Material property data for engineering,CEO Command Center,Strategic Modeler,"Strategic Modeler uses matweb.com for strategic frameworks, decision trees, scenario analysis, or executive intelligence. Outputs feed Lucrex's command decisions.",,free,free,low,,"1. Open https://matweb.com.
2. Snapshot key insights into `01_BUSINESSES/Everlight_Ventures/Wealth_OS/`.
3. For repeat use, build a wrapper in `40_strategic_modeler.md` runbook.",,multiple fields,3,auto,2026-05-12,photo_topic=platforms to explore large datasets across multiple fields
EIC-0140,spreadsheet,API_Mega_List_Repository_Index.xlsx,mcp-servers-apis-131 | MCP Servers | Model Context Protocol servers | 131,mcp-servers-apis-131,,mcp-servers-apis-131,Decision Intelligence,Uncategorized,Model Context Protocol servers,CEO Command Center,Strategic Modeler,"Strategic Modeler uses mcp-servers-apis-131 for strategic frameworks, decision trees, scenario analysis, or executive intelligence. Outputs feed Lucrex's command decisions.",,free,free,low,,"1. Open https://mcp-servers-apis-131.
2. Snapshot key insights into `01_BUSINESSES/Everlight_Ventures/Wealth_OS/`.
3. For repeat use, build a wrapper in `40_strategic_modeler.md` runbook.",,,4,unverified,2026-05-12,sheet_category=MCP Servers; api_count=131
EIC-0141,photo_ocr,FB_IMG_1778509315472.jpg,« mediabiasfactcheck.com - Check factual accuracy score of any news source,Mediabiasfactcheck,https://mediabiasfactcheck.com,mediabiasfactcheck.com,Decision Intelligence,,Check factual accuracy score of any news source,CEO Command Center,Strategic Modeler,"Strategic Modeler uses mediabiasfactcheck.com for strategic frameworks, decision trees, scenario analysis, or executive intelligence. Outputs feed Lucrex's command decisions.",,free,free,low,,"1. Open https://mediabiasfactcheck.com.
2. Snapshot key insights into `01_BUSINESSES/Everlight_Ventures/Wealth_OS/`.
3. For repeat use, build a wrapper in `40_strategic_modeler.md` runbook.",,rare research,3,auto,2026-05-12,photo_topic=Rare research Tools most people miss
EIC-0142,photo_ocr,FB_IMG_1778509315472.jpg,¢ metatags.io - Inspect all hidden metadata inside any webpage instantly,Metatags,https://metatags.io,metatags.io,Decision Intelligence,,Inspect all hidden metadata inside any webpage instantly,CEO Command Center,Strategic Modeler,"Strategic Modeler uses metatags.io for strategic frameworks, decision trees, scenario analysis, or executive intelligence. Outputs feed Lucrex's command decisions.",,free,free,low,,"1. Open https://metatags.io.
2. Snapshot key insights into `01_BUSINESSES/Everlight_Ventures/Wealth_OS/`.
3. For repeat use, build a wrapper in `40_strategic_modeler.md` runbook.",,rare research,3,auto,2026-05-12,photo_topic=Rare research Tools most people miss
EIC-0143,photo_ocr,FB_IMG_1778509367591.jpg,¢ minorplanetcenter.net - Live orbital data for every asteroid ever discovered,Minorplanetcenter,https://minorplanetcenter.net,minorplanetcenter.net,Decision Intelligence,,Live orbital data for every asteroid ever discovered,CEO Command Center,Strategic Modeler,"Strategic Modeler uses minorplanetcenter.net for strategic frameworks, decision trees, scenario analysis, or executive intelligence. Outputs feed Lucrex's command decisions.",,free,free,low,,"1. Open https://minorplanetcenter.net.
2. Snapshot key insights into `01_BUSINESSES/Everlight_Ventures/Wealth_OS/`.
3. For repeat use, build a wrapper in `40_strategic_modeler.md` runbook.",,hidden scientific,3,auto,2026-05-12,photo_topic=Hidden scientific platforms worth discovering
EIC-0144,photo_ocr,FB_IMG_1778509272312.jpg,¢ mountainproject.com - Every rock climb in world rated ranked,Mountainproject,https://mountainproject.com,mountainproject.com,Decision Intelligence,,Every rock climb in world rated ranked,CEO Command Center,Strategic Modeler,"Strategic Modeler uses mountainproject.com for strategic frameworks, decision trees, scenario analysis, or executive intelligence. Outputs feed Lucrex's command decisions.",,free,free,low,,"1. Open https://mountainproject.com.
2. Snapshot key insights into `01_BUSINESSES/Everlight_Ventures/Wealth_OS/`.
3. For repeat use, build a wrapper in `40_strategic_modeler.md` runbook.",,underrecognized information,3,auto,2026-05-12,photo_topic=Underrecognized information resource platforms
EIC-0145,photo_ocr,FB_IMG_1778509392320.jpg,- nakarte.me - remote landscapes using detailed topographic world maps,Nakarte,https://nakarte.me,nakarte.me,Decision Intelligence,Uncategorized,remote landscapes using detailed topographic world maps,CEO Command Center,Strategic Modeler,"Strategic Modeler uses nakarte.me for strategic frameworks, decision trees, scenario analysis, or executive intelligence. Outputs feed Lucrex's command decisions.",,free,free,low,,"1. Open https://nakarte.me.
2. Snapshot key insights into `01_BUSINESSES/Everlight_Ventures/Wealth_OS/`.
3. For repeat use, build a wrapper in `40_strategic_modeler.md` runbook.",,,3,unverified,2026-05-12,photo_topic=Explore Hidden and Famous Wonders Worldwide
EIC-0146,photo_ocr,FB_IMG_1778509392320.jpg,¢ naturettl.com - unique natural wonders through photography stories,Naturettl,https://naturettl.com,naturettl.com,Decision Intelligence,Uncategorized,unique natural wonders through photography stories,CEO Command Center,Strategic Modeler,"Strategic Modeler uses naturettl.com for strategic frameworks, decision trees, scenario analysis, or executive intelligence. Outputs feed Lucrex's command decisions.",,free,free,low,,"1. Open https://naturettl.com.
2. Snapshot key insights into `01_BUSINESSES/Everlight_Ventures/Wealth_OS/`.
3. For repeat use, build a wrapper in `40_strategic_modeler.md` runbook.",,,3,unverified,2026-05-12,photo_topic=Explore Hidden and Famous Wonders Worldwide
EIC-0147,photo_ocr,FB_IMG_1778509315472.jpg,¢ nlpcloud.io - Run natural language analysis on any block of text,Nlpcloud,https://nlpcloud.io,nlpcloud.io,Decision Intelligence,,Run natural language analysis on any block of text,CEO Command Center,Strategic Modeler,"Strategic Modeler uses nlpcloud.io for strategic frameworks, decision trees, scenario analysis, or executive intelligence. Outputs feed Lucrex's command decisions.",,free,free,low,,"1. Open https://nlpcloud.io.
2. Snapshot key insights into `01_BUSINESSES/Everlight_Ventures/Wealth_OS/`.
3. For repeat use, build a wrapper in `40_strategic_modeler.md` runbook.",,rare research,3,auto,2026-05-12,photo_topic=Rare research Tools most people miss
EIC-0148,photo_ocr,FB_IMG_1778509392320.jpg,« oddee.com - bizarre places and unusual global attractions.,Oddee,https://oddee.com,oddee.com,Decision Intelligence,Uncategorized,bizarre places and unusual global attractions,CEO Command Center,Strategic Modeler,"Strategic Modeler uses oddee.com for strategic frameworks, decision trees, scenario analysis, or executive intelligence. Outputs feed Lucrex's command decisions.",,free,free,low,,"1. Open https://oddee.com.
2. Snapshot key insights into `01_BUSINESSES/Everlight_Ventures/Wealth_OS/`.
3. For repeat use, build a wrapper in `40_strategic_modeler.md` runbook.",,,3,unverified,2026-05-12,photo_topic=Explore Hidden and Famous Wonders Worldwide
EIC-0149,photo_ocr,FB_IMG_1778509392320.jpg,« odditycentral.com - weird places and unusual global curiosities,Odditycentral,https://odditycentral.com,odditycentral.com,Decision Intelligence,Uncategorized,weird places and unusual global curiosities,CEO Command Center,Strategic Modeler,"Strategic Modeler uses odditycentral.com for strategic frameworks, decision trees, scenario analysis, or executive intelligence. Outputs feed Lucrex's command decisions.",,free,free,low,,"1. Open https://odditycentral.com.
2. Snapshot key insights into `01_BUSINESSES/Everlight_Ventures/Wealth_OS/`.
3. For repeat use, build a wrapper in `40_strategic_modeler.md` runbook.",,,3,unverified,2026-05-12,photo_topic=Explore Hidden and Famous Wonders Worldwide
EIC-0150,photo_ocr,FB_IMG_1778509507011.jpg,"¢ oldmapsonline.org - Search engine specifically for rare historical maps,",Oldmapsonline,https://oldmapsonline.org,oldmapsonline.org,Decision Intelligence,Uncategorized,Search engine specifically for rare historical maps,CEO Command Center,Strategic Modeler,"Strategic Modeler uses oldmapsonline.org for strategic frameworks, decision trees, scenario analysis, or executive intelligence. Outputs feed Lucrex's command decisions.",,free,free,low,,"1. Open https://oldmapsonline.org.
2. Snapshot key insights into `01_BUSINESSES/Everlight_Ventures/Wealth_OS/`.
3. For repeat use, build a wrapper in `40_strategic_modeler.md` runbook.",,,3,unverified,2026-05-12,photo_topic=platforms for finding hard to  access information..
EIC-0151,photo_ocr,FB_IMG_1778509059175.jpg,¢ omatsuri.app - frontend utility tools,Omatsuri,https://omatsuri.app,omatsuri.app,Decision Intelligence,,frontend utility tools,CEO Command Center,Strategic Modeler,"Strategic Modeler uses omatsuri.app for strategic frameworks, decision trees, scenario analysis, or executive intelligence. Outputs feed Lucrex's command decisions.",,free,free,low,,"1. Open https://omatsuri.app.
2. Snapshot key insights into `01_BUSINESSES/Everlight_Ventures/Wealth_OS/`.
3. For repeat use, build a wrapper in `40_strategic_modeler.md` runbook.",,curating powerful,3,auto,2026-05-12,photo_topic=Sites curating powerful Tool collections...
EIC-0152,photo_ocr,FB_IMG_1778509090589.jpg,"¢ omnivore.app - Save articles ,newsletters to read later",Omnivore,https://omnivore.app,omnivore.app,Decision Intelligence,Uncategorized,"Save articles ,newsletters to read later",CEO Command Center,Strategic Modeler,"Strategic Modeler uses omnivore.app for strategic frameworks, decision trees, scenario analysis, or executive intelligence. Outputs feed Lucrex's command decisions.",,free,free,low,,"1. Open https://omnivore.app.
2. Snapshot key insights into `01_BUSINESSES/Everlight_Ventures/Wealth_OS/`.
3. For repeat use, build a wrapper in `40_strategic_modeler.md` runbook.",,,3,unverified,2026-05-12,photo_topic=Free Tools that handle tasks you've been avoiding
EIC-0153,photo_ocr,FB_IMG_1778509507011.jpg,¢ openalex.org - Open catalog of every scholarly work published,Openalex,https://openalex.org,openalex.org,Decision Intelligence,Uncategorized,Open catalog of every scholarly work published,CEO Command Center,Strategic Modeler,"Strategic Modeler uses openalex.org for strategic frameworks, decision trees, scenario analysis, or executive intelligence. Outputs feed Lucrex's command decisions.",,free,free,low,,"1. Open https://openalex.org.
2. Snapshot key insights into `01_BUSINESSES/Everlight_Ventures/Wealth_OS/`.
3. For repeat use, build a wrapper in `40_strategic_modeler.md` runbook.",,,3,unverified,2026-05-12,photo_topic=platforms for finding hard to  access information..
EIC-0154,photo_ocr,FB_IMG_1778509126742.jpg,"* openei.org - energy ,renewable resource data",Openei,https://openei.org,openei.org,Decision Intelligence,,"energy ,renewable resource data",CEO Command Center,Strategic Modeler,"Strategic Modeler uses openei.org for strategic frameworks, decision trees, scenario analysis, or executive intelligence. Outputs feed Lucrex's command decisions.",,free,free,low,,"1. Open https://openei.org.
2. Snapshot key insights into `01_BUSINESSES/Everlight_Ventures/Wealth_OS/`.
3. For repeat use, build a wrapper in `40_strategic_modeler.md` runbook.",,multiple fields,3,auto,2026-05-12,photo_topic=platforms to explore large datasets across multiple fields
EIC-0155,photo_ocr,FB_IMG_1778509507011.jpg,¢ openfoodfacts.org - Nutrient data on 3 million food products,Openfoodfacts,https://openfoodfacts.org,openfoodfacts.org,Decision Intelligence,Uncategorized,Nutrient data on 3 million food products,CEO Command Center,Strategic Modeler,"Strategic Modeler uses openfoodfacts.org for strategic frameworks, decision trees, scenario analysis, or executive intelligence. Outputs feed Lucrex's command decisions.",,free,free,low,,"1. Open https://openfoodfacts.org.
2. Snapshot key insights into `01_BUSINESSES/Everlight_Ventures/Wealth_OS/`.
3. For repeat use, build a wrapper in `40_strategic_modeler.md` runbook.",,,3,unverified,2026-05-12,photo_topic=platforms for finding hard to  access information..
EIC-0156,photo_ocr,FB_IMG_1778509367591.jpg,* openneuro.org - Thousands of human brain scan datasets,Openneuro,https://openneuro.org,openneuro.org,Decision Intelligence,,Thousands of human brain scan datasets,CEO Command Center,Strategic Modeler,"Strategic Modeler uses openneuro.org for strategic frameworks, decision trees, scenario analysis, or executive intelligence. Outputs feed Lucrex's command decisions.",,free,free,low,,"1. Open https://openneuro.org.
2. Snapshot key insights into `01_BUSINESSES/Everlight_Ventures/Wealth_OS/`.
3. For repeat use, build a wrapper in `40_strategic_modeler.md` runbook.",,hidden scientific,3,auto,2026-05-12,photo_topic=Hidden scientific platforms worth discovering
EIC-0157,photo_ocr,FB_IMG_1778509507011.jpg,* openverse.org - 800 million+ openly licensed media files,Openverse,https://openverse.org,openverse.org,Decision Intelligence,Uncategorized,800 million+ openly licensed media files,CEO Command Center,Strategic Modeler,"Strategic Modeler uses openverse.org for strategic frameworks, decision trees, scenario analysis, or executive intelligence. Outputs feed Lucrex's command decisions.",,free,free,low,,"1. Open https://openverse.org.
2. Snapshot key insights into `01_BUSINESSES/Everlight_Ventures/Wealth_OS/`.
3. For repeat use, build a wrapper in `40_strategic_modeler.md` runbook.",,,3,unverified,2026-05-12,photo_topic=platforms for finding hard to  access information..
EIC-0158,spreadsheet,API_Mega_List_Repository_Index.xlsx,other-apis-1297 | Other APIs | Miscellaneous APIs | 1297,other-apis-1297,,other-apis-1297,Decision Intelligence,Uncategorized,Miscellaneous APIs,CEO Command Center,Strategic Modeler,"Strategic Modeler uses other-apis-1297 for strategic frameworks, decision trees, scenario analysis, or executive intelligence. Outputs feed Lucrex's command decisions.",,free,free,low,,"1. Open https://other-apis-1297.
2. Snapshot key insights into `01_BUSINESSES/Everlight_Ventures/Wealth_OS/`.
3. For repeat use, build a wrapper in `40_strategic_modeler.md` runbook.",,,4,unverified,2026-05-12,sheet_category=Other APIs; api_count=1297
EIC-0159,photo_ocr,FB_IMG_1778509507011.jpg,¢ ourworldindata.org - Data visualizations on every global issue,Ourworldindata,https://ourworldindata.org,ourworldindata.org,Decision Intelligence,Uncategorized,Data visualizations on every global issue,CEO Command Center,Strategic Modeler,"Strategic Modeler uses ourworldindata.org for strategic frameworks, decision trees, scenario analysis, or executive intelligence. Outputs feed Lucrex's command decisions.",,free,free,low,,"1. Open https://ourworldindata.org.
2. Snapshot key insights into `01_BUSINESSES/Everlight_Ventures/Wealth_OS/`.
3. For repeat use, build a wrapper in `40_strategic_modeler.md` runbook.",,,3,unverified,2026-05-12,photo_topic=platforms for finding hard to  access information..
EIC-0160,photo_ocr,FB_IMG_1778509126742.jpg,« palaeoelectronica.org - rare palaeontological specimen data,Palaeoelectronica,https://palaeoelectronica.org,palaeoelectronica.org,Decision Intelligence,,rare palaeontological specimen data,CEO Command Center,Strategic Modeler,"Strategic Modeler uses palaeoelectronica.org for strategic frameworks, decision trees, scenario analysis, or executive intelligence. Outputs feed Lucrex's command decisions.",,free,free,low,,"1. Open https://palaeoelectronica.org.
2. Snapshot key insights into `01_BUSINESSES/Everlight_Ventures/Wealth_OS/`.
3. For repeat use, build a wrapper in `40_strategic_modeler.md` runbook.",,multiple fields,3,auto,2026-05-12,photo_topic=platforms to explore large datasets across multiple fields
EIC-0161,photo_ocr,FB_IMG_1778509126742.jpg,¢ paleobiodb.org - Fossil occurrences across all geological time,Paleobiodb,https://paleobiodb.org,paleobiodb.org,Decision Intelligence,,Fossil occurrences across all geological time,CEO Command Center,Strategic Modeler,"Strategic Modeler uses paleobiodb.org for strategic frameworks, decision trees, scenario analysis, or executive intelligence. Outputs feed Lucrex's command decisions.",,free,free,low,,"1. Open https://paleobiodb.org.
2. Snapshot key insights into `01_BUSINESSES/Everlight_Ventures/Wealth_OS/`.
3. For repeat use, build a wrapper in `40_strategic_modeler.md` runbook.",,multiple fields,3,auto,2026-05-12,photo_topic=platforms to explore large datasets across multiple fields | photo_topic=platforms for finding hard to  access information..
EIC-0162,photo_ocr,FB_IMG_1778509315472.jpg,* parseur.com - Extract structured data from any email or document,Parseur,https://parseur.com,parseur.com,Decision Intelligence,,Extract structured data from any email or document,CEO Command Center,Strategic Modeler,"Strategic Modeler uses parseur.com for strategic frameworks, decision trees, scenario analysis, or executive intelligence. Outputs feed Lucrex's command decisions.",,free,free,low,,"1. Open https://parseur.com.
2. Snapshot key insights into `01_BUSINESSES/Everlight_Ventures/Wealth_OS/`.
3. For repeat use, build a wrapper in `40_strategic_modeler.md` runbook.",,rare research,3,auto,2026-05-12,photo_topic=Rare research Tools most people miss
EIC-0163,photo_ocr,FB_IMG_1778509090589.jpg,« perchance.org - Generate unlimited Al images,Perchance,https://perchance.org,perchance.org,Decision Intelligence,Uncategorized,Generate unlimited Al images,CEO Command Center,Strategic Modeler,"Strategic Modeler uses perchance.org for strategic frameworks, decision trees, scenario analysis, or executive intelligence. Outputs feed Lucrex's command decisions.",,free,free,low,,"1. Open https://perchance.org.
2. Snapshot key insights into `01_BUSINESSES/Everlight_Ventures/Wealth_OS/`.
3. For repeat use, build a wrapper in `40_strategic_modeler.md` runbook.",,,3,unverified,2026-05-12,photo_topic=Free Tools that handle tasks you've been avoiding
EIC-0164,spreadsheet,Everlight_Free_Resources_List.xlsx,picofme.io | Profile photos | Generates professional profile photos.,Picofme,https://picofme.io,picofme.io,Decision Intelligence,Uncategorized,Generates professional profile photos.,CEO Command Center,Strategic Modeler,"Strategic Modeler uses picofme.io for strategic frameworks, decision trees, scenario analysis, or executive intelligence. Outputs feed Lucrex's command decisions.",,free,free,low,,"1. Open https://picofme.io.
2. Snapshot key insights into `01_BUSINESSES/Everlight_Ventures/Wealth_OS/`.
3. For repeat use, build a wrapper in `40_strategic_modeler.md` runbook.",,,4,unverified,2026-05-12,sheet_category=Profile photos | photo_topic=Essential Tools you'll wish you found earlier
EIC-0165,photo_ocr,FB_IMG_1778509315472.jpg,* preprints.org - Read science before peer review blocks public access,Preprints,https://preprints.org,preprints.org,Decision Intelligence,,Read science before peer review blocks public access,CEO Command Center,Strategic Modeler,"Strategic Modeler uses preprints.org for strategic frameworks, decision trees, scenario analysis, or executive intelligence. Outputs feed Lucrex's command decisions.",,free,free,low,,"1. Open https://preprints.org.
2. Snapshot key insights into `01_BUSINESSES/Everlight_Ventures/Wealth_OS/`.
3. For repeat use, build a wrapper in `40_strategic_modeler.md` runbook.",,rare research,3,auto,2026-05-12,photo_topic=Rare research Tools most people miss
EIC-0166,photo_ocr,FB_IMG_1778509059175.jpg,¢ producthunt.com - collection of newly launched tech tools,Producthunt,https://producthunt.com,producthunt.com,Decision Intelligence,,collection of newly launched tech tools,CEO Command Center,Strategic Modeler,"Strategic Modeler uses producthunt.com for strategic frameworks, decision trees, scenario analysis, or executive intelligence. Outputs feed Lucrex's command decisions.",,free,free,low,,"1. Open https://producthunt.com.
2. Snapshot key insights into `01_BUSINESSES/Everlight_Ventures/Wealth_OS/`.
3. For repeat use, build a wrapper in `40_strategic_modeler.md` runbook.",,curating powerful,3,auto,2026-05-12,photo_topic=Sites curating powerful Tool collections...
EIC-0167,photo_ocr,FB_IMG_1778509367591.jpg,¢ protocols.io - Every lab procedure and scientific method,Protocols,https://protocols.io,protocols.io,Decision Intelligence,,Every lab procedure and scientific method,CEO Command Center,Strategic Modeler,"Strategic Modeler uses protocols.io for strategic frameworks, decision trees, scenario analysis, or executive intelligence. Outputs feed Lucrex's command decisions.",,free,free,low,,"1. Open https://protocols.io.
2. Snapshot key insights into `01_BUSINESSES/Everlight_Ventures/Wealth_OS/`.
3. For repeat use, build a wrapper in `40_strategic_modeler.md` runbook.",,hidden scientific,3,auto,2026-05-12,photo_topic=Hidden scientific platforms worth discovering
EIC-0168,photo_ocr,FB_IMG_1778509090589.jpg,- qrbtf.com - Generates artistic/styled QR codes,Qrbtf,https://qrbtf.com,qrbtf.com,Decision Intelligence,Uncategorized,Generates artistic/styled QR codes,CEO Command Center,Strategic Modeler,"Strategic Modeler uses qrbtf.com for strategic frameworks, decision trees, scenario analysis, or executive intelligence. Outputs feed Lucrex's command decisions.",,free,free,low,,"1. Open https://qrbtf.com.
2. Snapshot key insights into `01_BUSINESSES/Everlight_Ventures/Wealth_OS/`.
3. For repeat use, build a wrapper in `40_strategic_modeler.md` runbook.",,,3,unverified,2026-05-12,photo_topic=Free Tools that handle tasks you've been avoiding
EIC-0169,photo_ocr,FB_IMG_1778509272312.jpg,« ratemyprofessors.com - Every university professor rated by students,Ratemyprofessors,https://ratemyprofessors.com,ratemyprofessors.com,Decision Intelligence,,Every university professor rated by students,CEO Command Center,Strategic Modeler,"Strategic Modeler uses ratemyprofessors.com for strategic frameworks, decision trees, scenario analysis, or executive intelligence. Outputs feed Lucrex's command decisions.",,free,free,low,,"1. Open https://ratemyprofessors.com.
2. Snapshot key insights into `01_BUSINESSES/Everlight_Ventures/Wealth_OS/`.
3. For repeat use, build a wrapper in `40_strategic_modeler.md` runbook.",,underrecognized information,3,auto,2026-05-12,photo_topic=Underrecognized information resource platforms
EIC-0170,photo_ocr,FB_IMG_1778509315472.jpg,* rawgraphs.io - Turn spreadsheet data into uncommon charts,Rawgraphs,https://rawgraphs.io,rawgraphs.io,Decision Intelligence,,Turn spreadsheet data into uncommon charts,CEO Command Center,Strategic Modeler,"Strategic Modeler uses rawgraphs.io for strategic frameworks, decision trees, scenario analysis, or executive intelligence. Outputs feed Lucrex's command decisions.",,free,free,low,,"1. Open https://rawgraphs.io.
2. Snapshot key insights into `01_BUSINESSES/Everlight_Ventures/Wealth_OS/`.
3. For repeat use, build a wrapper in `40_strategic_modeler.md` runbook.",,rare research,3,auto,2026-05-12,photo_topic=Rare research Tools most people miss
EIC-0171,photo_ocr,FB_IMG_1778509272312.jpg,¢ recidiviz.org - Best criminal justice reform data listed,Recidiviz,https://recidiviz.org,recidiviz.org,Decision Intelligence,,Best criminal justice reform data listed,CEO Command Center,Strategic Modeler,"Strategic Modeler uses recidiviz.org for strategic frameworks, decision trees, scenario analysis, or executive intelligence. Outputs feed Lucrex's command decisions.",,free,free,low,,"1. Open https://recidiviz.org.
2. Snapshot key insights into `01_BUSINESSES/Everlight_Ventures/Wealth_OS/`.
3. For repeat use, build a wrapper in `40_strategic_modeler.md` runbook.",,underrecognized information,3,auto,2026-05-12,photo_topic=Underrecognized information resource platforms
EIC-0172,photo_ocr,FB_IMG_1778509059175.jpg,« regex101.com - Regex testing / reference tools,Regex101,https://regex101.com,regex101.com,Decision Intelligence,,Build and debug regex with instant full explanations,CEO Command Center,Strategic Modeler,"Strategic Modeler uses regex101.com for strategic frameworks, decision trees, scenario analysis, or executive intelligence. Outputs feed Lucrex's command decisions.",,free,free,low,,"1. Open https://regex101.com.
2. Snapshot key insights into `01_BUSINESSES/Everlight_Ventures/Wealth_OS/`.
3. For repeat use, build a wrapper in `40_strategic_modeler.md` runbook.",,curating powerful,3,auto,2026-05-12,photo_topic=Sites curating powerful Tool collections... | photo_topic=Sites that Can turn you into a Tech Expert faster.
EIC-0173,photo_ocr,FB_IMG_1778509507011.jpg,"* repec.org - Massive database of economics papers, authors and institutions",Repec,https://repec.org,repec.org,Decision Intelligence,Uncategorized,"Massive database of economics papers, authors and institutions",CEO Command Center,Strategic Modeler,"Strategic Modeler uses repec.org for strategic frameworks, decision trees, scenario analysis, or executive intelligence. Outputs feed Lucrex's command decisions.",,free,free,low,,"1. Open https://repec.org.
2. Snapshot key insights into `01_BUSINESSES/Everlight_Ventures/Wealth_OS/`.
3. For repeat use, build a wrapper in `40_strategic_modeler.md` runbook.",,,3,unverified,2026-05-12,photo_topic=platforms for finding hard to  access information..
EIC-0174,photo_ocr,FB_IMG_1778509315472.jpg,« researchbuzz.me - Daily digest of new research databases found,Researchbuzz,https://researchbuzz.me,researchbuzz.me,Decision Intelligence,,Daily digest of new research databases found,CEO Command Center,Strategic Modeler,"Strategic Modeler uses researchbuzz.me for strategic frameworks, decision trees, scenario analysis, or executive intelligence. Outputs feed Lucrex's command decisions.",,free,free,low,,"1. Open https://researchbuzz.me.
2. Snapshot key insights into `01_BUSINESSES/Everlight_Ventures/Wealth_OS/`.
3. For repeat use, build a wrapper in `40_strategic_modeler.md` runbook.",,rare research,3,auto,2026-05-12,photo_topic=Rare research Tools most people miss
EIC-0175,photo_ocr,FB_IMG_1778509507011.jpg,¢ roadsideamerica.com - Database of bizarre and obscure roadside attractions.,Roadsideamerica,https://roadsideamerica.com,roadsideamerica.com,Decision Intelligence,Uncategorized,Database of bizarre and obscure roadside attractions,CEO Command Center,Strategic Modeler,"Strategic Modeler uses roadsideamerica.com for strategic frameworks, decision trees, scenario analysis, or executive intelligence. Outputs feed Lucrex's command decisions.",,free,free,low,,"1. Open https://roadsideamerica.com.
2. Snapshot key insights into `01_BUSINESSES/Everlight_Ventures/Wealth_OS/`.
3. For repeat use, build a wrapper in `40_strategic_modeler.md` runbook.",,,3,unverified,2026-05-12,photo_topic=platforms for finding hard to  access information..
EIC-0176,photo_ocr,FB_IMG_1778509392320.jpg,- roadtrippers.com - unique roadside attractions and hidden stops,Roadtrippers,https://roadtrippers.com,roadtrippers.com,Decision Intelligence,Uncategorized,unique roadside attractions and hidden stops,CEO Command Center,Strategic Modeler,"Strategic Modeler uses roadtrippers.com for strategic frameworks, decision trees, scenario analysis, or executive intelligence. Outputs feed Lucrex's command decisions.",,free,free,low,,"1. Open https://roadtrippers.com.
2. Snapshot key insights into `01_BUSINESSES/Everlight_Ventures/Wealth_OS/`.
3. For repeat use, build a wrapper in `40_strategic_modeler.md` runbook.",,,3,unverified,2026-05-12,photo_topic=Explore Hidden and Famous Wonders Worldwide
EIC-0177,photo_ocr,FB_IMG_1778509126742.jpg,- rruff.info - spectra database of every known mineral,Rruff,https://rruff.info,rruff.info,Decision Intelligence,,spectra database of every known mineral,CEO Command Center,Strategic Modeler,"Strategic Modeler uses rruff.info for strategic frameworks, decision trees, scenario analysis, or executive intelligence. Outputs feed Lucrex's command decisions.",,free,free,low,,"1. Open https://rruff.info.
2. Snapshot key insights into `01_BUSINESSES/Everlight_Ventures/Wealth_OS/`.
3. For repeat use, build a wrapper in `40_strategic_modeler.md` runbook.",,multiple fields,3,auto,2026-05-12,photo_topic=platforms to explore large datasets across multiple fields
EIC-0178,photo_ocr,FB_IMG_1778509315472.jpg,¢ rsseverything.com - Turn any webpage or social feed into an RSS alert,Rsseverything,https://rsseverything.com,rsseverything.com,Decision Intelligence,,Turn any webpage or social feed into an RSS alert,CEO Command Center,Strategic Modeler,"Strategic Modeler uses rsseverything.com for strategic frameworks, decision trees, scenario analysis, or executive intelligence. Outputs feed Lucrex's command decisions.",,free,free,low,,"1. Open https://rsseverything.com.
2. Snapshot key insights into `01_BUSINESSES/Everlight_Ventures/Wealth_OS/`.
3. For repeat use, build a wrapper in `40_strategic_modeler.md` runbook.",,rare research,3,auto,2026-05-12,photo_topic=Rare research Tools most people miss
EIC-0179,photo_ocr,FB_IMG_1778509090589.jpg,¢ rxresu.me - free/ open-source resume builder,Rxresu,https://rxresu.me,rxresu.me,Decision Intelligence,Uncategorized,free/ open-source resume builder,CEO Command Center,Strategic Modeler,"Strategic Modeler uses rxresu.me for strategic frameworks, decision trees, scenario analysis, or executive intelligence. Outputs feed Lucrex's command decisions.",,free,free,low,,"1. Open https://rxresu.me.
2. Snapshot key insights into `01_BUSINESSES/Everlight_Ventures/Wealth_OS/`.
3. For repeat use, build a wrapper in `40_strategic_modeler.md` runbook.",,,3,unverified,2026-05-12,photo_topic=Free Tools that handle tasks you've been avoiding
EIC-0180,photo_ocr,FB_IMG_1778509315472.jpg,¢ scicrunch.org - Verify every research tool and resource mentioned,Scicrunch,https://scicrunch.org,scicrunch.org,Decision Intelligence,,Verify every research tool and resource mentioned,CEO Command Center,Strategic Modeler,"Strategic Modeler uses scicrunch.org for strategic frameworks, decision trees, scenario analysis, or executive intelligence. Outputs feed Lucrex's command decisions.",,free,free,low,,"1. Open https://scicrunch.org.
2. Snapshot key insights into `01_BUSINESSES/Everlight_Ventures/Wealth_OS/`.
3. For repeat use, build a wrapper in `40_strategic_modeler.md` runbook.",,rare research,3,auto,2026-05-12,photo_topic=Rare research Tools most people miss
EIC-0181,photo_ocr,FB_IMG_1778509367591.jpg,scifinder.cas.org - Every chemical reaction ever published ..,Scifinder,https://scifinder.cas.org,scifinder.cas.org,Decision Intelligence,,Every chemical reaction ever published,CEO Command Center,Strategic Modeler,"Strategic Modeler uses scifinder.cas.org for strategic frameworks, decision trees, scenario analysis, or executive intelligence. Outputs feed Lucrex's command decisions.",,free,free,low,,"1. Open https://scifinder.cas.org.
2. Snapshot key insights into `01_BUSINESSES/Everlight_Ventures/Wealth_OS/`.
3. For repeat use, build a wrapper in `40_strategic_modeler.md` runbook.",,hidden scientific,3,auto,2026-05-12,photo_topic=Hidden scientific platforms worth discovering
EIC-0182,photo_ocr,FB_IMG_1778509315472.jpg,¢ scite.ai - See if papers support or dispute each other,Scite,https://scite.ai,scite.ai,Decision Intelligence,,See if papers support or dispute each other,CEO Command Center,Strategic Modeler,"Strategic Modeler uses scite.ai for strategic frameworks, decision trees, scenario analysis, or executive intelligence. Outputs feed Lucrex's command decisions.",,free,free,low,,"1. Open https://scite.ai.
2. Snapshot key insights into `01_BUSINESSES/Everlight_Ventures/Wealth_OS/`.
3. For repeat use, build a wrapper in `40_strategic_modeler.md` runbook.",,rare research,3,auto,2026-05-12,photo_topic=Rare research Tools most people miss
EIC-0183,photo_ocr,FB_IMG_1778509392320.jpg,« seatemperature.org - Explore ocean temperatures across global regions,Seatemperature,https://seatemperature.org,seatemperature.org,Decision Intelligence,Uncategorized,Explore ocean temperatures across global regions,CEO Command Center,Strategic Modeler,"Strategic Modeler uses seatemperature.org for strategic frameworks, decision trees, scenario analysis, or executive intelligence. Outputs feed Lucrex's command decisions.",,free,free,low,,"1. Open https://seatemperature.org.
2. Snapshot key insights into `01_BUSINESSES/Everlight_Ventures/Wealth_OS/`.
3. For repeat use, build a wrapper in `40_strategic_modeler.md` runbook.",,,3,unverified,2026-05-12,photo_topic=Explore Hidden and Famous Wonders Worldwide
EIC-0184,photo_ocr,FB_IMG_1778509507011.jpg,¢ semanticscholar.org - 220 million academic papers ...free,Semanticscholar,https://semanticscholar.org,semanticscholar.org,Decision Intelligence,Uncategorized,220 million academic papers ...free,CEO Command Center,Strategic Modeler,"Strategic Modeler uses semanticscholar.org for strategic frameworks, decision trees, scenario analysis, or executive intelligence. Outputs feed Lucrex's command decisions.",,free,free,low,,"1. Open https://semanticscholar.org.
2. Snapshot key insights into `01_BUSINESSES/Everlight_Ventures/Wealth_OS/`.
3. For repeat use, build a wrapper in `40_strategic_modeler.md` runbook.",,,3,unverified,2026-05-12,photo_topic=platforms for finding hard to  access information..
EIC-0185,spreadsheet,API_Mega_List_Repository_Index.xlsx,seo-tools-apis-710 | SEO Tools | Search engine optimization APIs | 710,seo-tools-apis-710,,seo-tools-apis-710,Decision Intelligence,Uncategorized,Search engine optimization APIs,CEO Command Center,Strategic Modeler,"Strategic Modeler uses seo-tools-apis-710 for strategic frameworks, decision trees, scenario analysis, or executive intelligence. Outputs feed Lucrex's command decisions.",,free,free,low,,"1. Open https://seo-tools-apis-710.
2. Snapshot key insights into `01_BUSINESSES/Everlight_Ventures/Wealth_OS/`.
3. For repeat use, build a wrapper in `40_strategic_modeler.md` runbook.",,,4,unverified,2026-05-12,sheet_category=SEO Tools; api_count=710
EIC-0186,photo_ocr,FB_IMG_1778509126742.jpg,- shapenet.org - 3D object models database,Shapenet,https://shapenet.org,shapenet.org,Decision Intelligence,,3D object models database,CEO Command Center,Strategic Modeler,"Strategic Modeler uses shapenet.org for strategic frameworks, decision trees, scenario analysis, or executive intelligence. Outputs feed Lucrex's command decisions.",,free,free,low,,"1. Open https://shapenet.org.
2. Snapshot key insights into `01_BUSINESSES/Everlight_Ventures/Wealth_OS/`.
3. For repeat use, build a wrapper in `40_strategic_modeler.md` runbook.",,multiple fields,3,auto,2026-05-12,photo_topic=platforms to explore large datasets across multiple fields
EIC-0187,photo_ocr,FB_IMG_1778509272312.jpg,¢ songfacts.com - Surprising facts behind every famous song,Songfacts,https://songfacts.com,songfacts.com,Decision Intelligence,,Surprising facts behind every famous song,CEO Command Center,Strategic Modeler,"Strategic Modeler uses songfacts.com for strategic frameworks, decision trees, scenario analysis, or executive intelligence. Outputs feed Lucrex's command decisions.",,free,free,low,,"1. Open https://songfacts.com.
2. Snapshot key insights into `01_BUSINESSES/Everlight_Ventures/Wealth_OS/`.
3. For repeat use, build a wrapper in `40_strategic_modeler.md` runbook.",,underrecognized information,3,auto,2026-05-12,photo_topic=Underrecognized information resource platforms
EIC-0188,photo_ocr,FB_IMG_1778509315472.jpg,* spacy.io - Extract named entities and structure from any text,Spacy,https://spacy.io,spacy.io,Decision Intelligence,,Extract named entities and structure from any text,CEO Command Center,Strategic Modeler,"Strategic Modeler uses spacy.io for strategic frameworks, decision trees, scenario analysis, or executive intelligence. Outputs feed Lucrex's command decisions.",,free,free,low,,"1. Open https://spacy.io.
2. Snapshot key insights into `01_BUSINESSES/Everlight_Ventures/Wealth_OS/`.
3. For repeat use, build a wrapper in `40_strategic_modeler.md` runbook.",,rare research,3,auto,2026-05-12,photo_topic=Rare research Tools most people miss
EIC-0189,photo_ocr,FB_IMG_1778509315472.jpg,« speechbrain.github.io - open-source toolkit for any audio research task,Speechbrain,https://speechbrain.github.io,speechbrain.github.io,Decision Intelligence,,open-source toolkit for any audio research task,CEO Command Center,Strategic Modeler,"Strategic Modeler uses speechbrain.github.io for strategic frameworks, decision trees, scenario analysis, or executive intelligence. Outputs feed Lucrex's command decisions.",,free,free,low,,"1. Open https://speechbrain.github.io.
2. Snapshot key insights into `01_BUSINESSES/Everlight_Ventures/Wealth_OS/`.
3. For repeat use, build a wrapper in `40_strategic_modeler.md` runbook.",,rare research,3,auto,2026-05-12,photo_topic=Rare research Tools most people miss
EIC-0190,photo_ocr,FB_IMG_1778509272312.jpg,¢ sporcle.com - Thousands of ranked quizzes on every topic,Sporcle,https://sporcle.com,sporcle.com,Decision Intelligence,,Thousands of ranked quizzes on every topic,CEO Command Center,Strategic Modeler,"Strategic Modeler uses sporcle.com for strategic frameworks, decision trees, scenario analysis, or executive intelligence. Outputs feed Lucrex's command decisions.",,free,free,low,,"1. Open https://sporcle.com.
2. Snapshot key insights into `01_BUSINESSES/Everlight_Ventures/Wealth_OS/`.
3. For repeat use, build a wrapper in `40_strategic_modeler.md` runbook.",,underrecognized information,3,auto,2026-05-12,photo_topic=Underrecognized information resource platforms
EIC-0191,photo_ocr,FB_IMG_1778509090589.jpg,¢ squoosh.app - Compress images to any format,Squoosh,https://squoosh.app,squoosh.app,Decision Intelligence,Uncategorized,Compress images to any format,CEO Command Center,Strategic Modeler,"Strategic Modeler uses squoosh.app for strategic frameworks, decision trees, scenario analysis, or executive intelligence. Outputs feed Lucrex's command decisions.",,free,free,low,,"1. Open https://squoosh.app.
2. Snapshot key insights into `01_BUSINESSES/Everlight_Ventures/Wealth_OS/`.
3. For repeat use, build a wrapper in `40_strategic_modeler.md` runbook.",,,3,unverified,2026-05-12,photo_topic=Free Tools that handle tasks you've been avoiding
EIC-0192,photo_ocr,FB_IMG_1778509507011.jpg,¢ standardebooks.org - Professionally formatted public domain ebooks,Standardebooks,https://standardebooks.org,standardebooks.org,Decision Intelligence,Uncategorized,Professionally formatted public domain ebooks,CEO Command Center,Strategic Modeler,"Strategic Modeler uses standardebooks.org for strategic frameworks, decision trees, scenario analysis, or executive intelligence. Outputs feed Lucrex's command decisions.",,free,free,low,,"1. Open https://standardebooks.org.
2. Snapshot key insights into `01_BUSINESSES/Everlight_Ventures/Wealth_OS/`.
3. For repeat use, build a wrapper in `40_strategic_modeler.md` runbook.",,,3,unverified,2026-05-12,photo_topic=platforms for finding hard to  access information..
EIC-0193,photo_ocr,FB_IMG_1778509059175.jpg,¢ startupstash.com - tools for building startups,Startupstash,https://startupstash.com,startupstash.com,Decision Intelligence,,tools for building startups,CEO Command Center,Strategic Modeler,"Strategic Modeler uses startupstash.com for strategic frameworks, decision trees, scenario analysis, or executive intelligence. Outputs feed Lucrex's command decisions.",,free,free,low,,"1. Open https://startupstash.com.
2. Snapshot key insights into `01_BUSINESSES/Everlight_Ventures/Wealth_OS/`.
3. For repeat use, build a wrapper in `40_strategic_modeler.md` runbook.",,curating powerful,3,auto,2026-05-12,photo_topic=Sites curating powerful Tool collections...
EIC-0194,photo_ocr,FB_IMG_1778509392320.jpg,« strangesounds.org - unusual natural events and rare phenomena,Strangesounds,https://strangesounds.org,strangesounds.org,Decision Intelligence,Uncategorized,unusual natural events and rare phenomena,CEO Command Center,Strategic Modeler,"Strategic Modeler uses strangesounds.org for strategic frameworks, decision trees, scenario analysis, or executive intelligence. Outputs feed Lucrex's command decisions.",,free,free,low,,"1. Open https://strangesounds.org.
2. Snapshot key insights into `01_BUSINESSES/Everlight_Ventures/Wealth_OS/`.
3. For repeat use, build a wrapper in `40_strategic_modeler.md` runbook.",,,3,unverified,2026-05-12,photo_topic=Explore Hidden and Famous Wonders Worldwide | photo_topic=Sites to dive Into the world's hidden Mysteries...
EIC-0195,spreadsheet,Everlight_Free_Resources_List.xlsx,supabase.com | Backend/database | Open-source Firebase alternative.,Supabase,https://supabase.com,supabase.com,Decision Intelligence,Uncategorized,Open-source Firebase alternative.,CEO Command Center,Strategic Modeler,"Strategic Modeler uses supabase.com for strategic frameworks, decision trees, scenario analysis, or executive intelligence. Outputs feed Lucrex's command decisions.",,free,free,low,,"1. Open https://supabase.com.
2. Snapshot key insights into `01_BUSINESSES/Everlight_Ventures/Wealth_OS/`.
3. For repeat use, build a wrapper in `40_strategic_modeler.md` runbook.",,,4,unverified,2026-05-12,sheet_category=Backend/database | photo_topic=Essential Tools you'll wish you found earlier
EIC-0196,photo_ocr,FB_IMG_1778509367591.jpg,¢ tephrabase.org - Every volcanic ash layer found in ice cores,Tephrabase,https://tephrabase.org,tephrabase.org,Decision Intelligence,,Every volcanic ash layer found in ice cores,CEO Command Center,Strategic Modeler,"Strategic Modeler uses tephrabase.org for strategic frameworks, decision trees, scenario analysis, or executive intelligence. Outputs feed Lucrex's command decisions.",,free,free,low,,"1. Open https://tephrabase.org.
2. Snapshot key insights into `01_BUSINESSES/Everlight_Ventures/Wealth_OS/`.
3. For repeat use, build a wrapper in `40_strategic_modeler.md` runbook.",,hidden scientific,3,auto,2026-05-12,photo_topic=Hidden scientific platforms worth discovering
EIC-0197,photo_ocr,FB_IMG_1778509392320.jpg,« theculturetrip.com - unique cultural destinations worldwide with stories,Theculturetrip,https://theculturetrip.com,theculturetrip.com,Decision Intelligence,Uncategorized,unique cultural destinations worldwide with stories,CEO Command Center,Strategic Modeler,"Strategic Modeler uses theculturetrip.com for strategic frameworks, decision trees, scenario analysis, or executive intelligence. Outputs feed Lucrex's command decisions.",,free,free,low,,"1. Open https://theculturetrip.com.
2. Snapshot key insights into `01_BUSINESSES/Everlight_Ventures/Wealth_OS/`.
3. For repeat use, build a wrapper in `40_strategic_modeler.md` runbook.",,,3,unverified,2026-05-12,photo_topic=Explore Hidden and Famous Wonders Worldwide
EIC-0198,photo_ocr,FB_IMG_1778509272312.jpg,¢ thegoodtrade.com - Best ethical and sustainable brands listed,Thegoodtrade,https://thegoodtrade.com,thegoodtrade.com,Decision Intelligence,,Best ethical and sustainable brands listed,CEO Command Center,Strategic Modeler,"Strategic Modeler uses thegoodtrade.com for strategic frameworks, decision trees, scenario analysis, or executive intelligence. Outputs feed Lucrex's command decisions.",,free,free,low,,"1. Open https://thegoodtrade.com.
2. Snapshot key insights into `01_BUSINESSES/Everlight_Ventures/Wealth_OS/`.
3. For repeat use, build a wrapper in `40_strategic_modeler.md` runbook.",,underrecognized information,3,auto,2026-05-12,photo_topic=Underrecognized information resource platforms
EIC-0199,photo_ocr,FB_IMG_1778509392320.jpg,« thetravelbible.com - hidden gems and underrated travel destinations,Thetravelbible,https://thetravelbible.com,thetravelbible.com,Decision Intelligence,Uncategorized,hidden gems and underrated travel destinations,CEO Command Center,Strategic Modeler,"Strategic Modeler uses thetravelbible.com for strategic frameworks, decision trees, scenario analysis, or executive intelligence. Outputs feed Lucrex's command decisions.",,free,free,low,,"1. Open https://thetravelbible.com.
2. Snapshot key insights into `01_BUSINESSES/Everlight_Ventures/Wealth_OS/`.
3. For repeat use, build a wrapper in `40_strategic_modeler.md` runbook.",,,3,unverified,2026-05-12,photo_topic=Explore Hidden and Famous Wonders Worldwide
EIC-0200,photo_ocr,FB_IMG_1778509315472.jpg,¢ theysaidso.com - Find verified famous quotes by topic or author,Theysaidso,https://theysaidso.com,theysaidso.com,Decision Intelligence,,Find verified famous quotes by topic or author,CEO Command Center,Strategic Modeler,"Strategic Modeler uses theysaidso.com for strategic frameworks, decision trees, scenario analysis, or executive intelligence. Outputs feed Lucrex's command decisions.",,free,free,low,,"1. Open https://theysaidso.com.
2. Snapshot key insights into `01_BUSINESSES/Everlight_Ventures/Wealth_OS/`.
3. For repeat use, build a wrapper in `40_strategic_modeler.md` runbook.",,rare research,3,auto,2026-05-12,photo_topic=Rare research Tools most people miss
EIC-0201,photo_ocr,FB_IMG_1778509059175.jpg,¢ thriftmac.com - directory of free Mac apps,Thriftmac,https://thriftmac.com,thriftmac.com,Decision Intelligence,,directory of free Mac apps,CEO Command Center,Strategic Modeler,"Strategic Modeler uses thriftmac.com for strategic frameworks, decision trees, scenario analysis, or executive intelligence. Outputs feed Lucrex's command decisions.",,free,free,low,,"1. Open https://thriftmac.com.
2. Snapshot key insights into `01_BUSINESSES/Everlight_Ventures/Wealth_OS/`.
3. For repeat use, build a wrapper in `40_strategic_modeler.md` runbook.",,curating powerful,3,auto,2026-05-12,photo_topic=Sites curating powerful Tool collections...
EIC-0202,photo_ocr,FB_IMG_1778509315472.jpg,* tinfoleak.com - Extract metadata hidden inside any social media post,Tinfoleak,https://tinfoleak.com,tinfoleak.com,Decision Intelligence,,Extract metadata hidden inside any social media post,CEO Command Center,Strategic Modeler,"Strategic Modeler uses tinfoleak.com for strategic frameworks, decision trees, scenario analysis, or executive intelligence. Outputs feed Lucrex's command decisions.",,free,free,low,,"1. Open https://tinfoleak.com.
2. Snapshot key insights into `01_BUSINESSES/Everlight_Ventures/Wealth_OS/`.
3. For repeat use, build a wrapper in `40_strategic_modeler.md` runbook.",,rare research,3,auto,2026-05-12,photo_topic=Rare research Tools most people miss
EIC-0203,spreadsheet,Everlight_Free_Resources_List.xlsx,tldrthis.com | Summarization | Summarizes articles and paragraphs.,Tldrthis,https://tldrthis.com,tldrthis.com,Decision Intelligence,Uncategorized,Summarizes any paragraph/article to key points,CEO Command Center,Strategic Modeler,"Strategic Modeler uses tldrthis.com for strategic frameworks, decision trees, scenario analysis, or executive intelligence. Outputs feed Lucrex's command decisions.",,free,free,low,,"1. Open https://tldrthis.com.
2. Snapshot key insights into `01_BUSINESSES/Everlight_Ventures/Wealth_OS/`.
3. For repeat use, build a wrapper in `40_strategic_modeler.md` runbook.",,,4,unverified,2026-05-12,sheet_category=Summarization | photo_topic=Essential Tools you'll wish you found earlier
EIC-0204,photo_ocr,FB_IMG_1778509059175.jpg,« tooldex.org - 1000+ free tools across 36 categories,Tooldex,https://tooldex.org,tooldex.org,Decision Intelligence,,1000+ free tools across 36 categories,CEO Command Center,Strategic Modeler,"Strategic Modeler uses tooldex.org for strategic frameworks, decision trees, scenario analysis, or executive intelligence. Outputs feed Lucrex's command decisions.",,free,free,low,,"1. Open https://tooldex.org.
2. Snapshot key insights into `01_BUSINESSES/Everlight_Ventures/Wealth_OS/`.
3. For repeat use, build a wrapper in `40_strategic_modeler.md` runbook.",,curating powerful,3,auto,2026-05-12,photo_topic=Sites curating powerful Tool collections...
EIC-0205,photo_ocr,FB_IMG_1778509059175.jpg,¢ toools.design - Best Design Resources /Tools,Toools,https://toools.design,toools.design,Decision Intelligence,,Best Design Resources /Tools,CEO Command Center,Strategic Modeler,"Strategic Modeler uses toools.design for strategic frameworks, decision trees, scenario analysis, or executive intelligence. Outputs feed Lucrex's command decisions.",,free,free,low,,"1. Open https://toools.design.
2. Snapshot key insights into `01_BUSINESSES/Everlight_Ventures/Wealth_OS/`.
3. For repeat use, build a wrapper in `40_strategic_modeler.md` runbook.",,curating powerful,3,auto,2026-05-12,photo_topic=Sites curating powerful Tool collections...
EIC-0206,photo_ocr,FB_IMG_1778509392320.jpg,« touropia.com - lesser known attractions and cultural landmarks,Touropia,https://touropia.com,touropia.com,Decision Intelligence,Uncategorized,lesser known attractions and cultural landmarks,CEO Command Center,Strategic Modeler,"Strategic Modeler uses touropia.com for strategic frameworks, decision trees, scenario analysis, or executive intelligence. Outputs feed Lucrex's command decisions.",,free,free,low,,"1. Open https://touropia.com.
2. Snapshot key insights into `01_BUSINESSES/Everlight_Ventures/Wealth_OS/`.
3. For repeat use, build a wrapper in `40_strategic_modeler.md` runbook.",,,3,unverified,2026-05-12,photo_topic=Explore Hidden and Famous Wonders Worldwide
EIC-0207,photo_ocr,FB_IMG_1778509059175.jpg,¢ trackawesomelist.com - Track updates to every awesome list,Trackawesomelist,https://trackawesomelist.com,trackawesomelist.com,Decision Intelligence,,Track updates to every awesome list,CEO Command Center,Strategic Modeler,"Strategic Modeler uses trackawesomelist.com for strategic frameworks, decision trees, scenario analysis, or executive intelligence. Outputs feed Lucrex's command decisions.",,free,free,low,,"1. Open https://trackawesomelist.com.
2. Snapshot key insights into `01_BUSINESSES/Everlight_Ventures/Wealth_OS/`.
3. For repeat use, build a wrapper in `40_strategic_modeler.md` runbook.",,curating powerful,3,auto,2026-05-12,photo_topic=Sites curating powerful Tool collections...
EIC-0208,photo_ocr,FB_IMG_1778509059175.jpg,¢ transform.tools - data format transformation tools,Transform,https://transform.tools,transform.tools,Decision Intelligence,,data format transformation tools,CEO Command Center,Strategic Modeler,"Strategic Modeler uses transform.tools for strategic frameworks, decision trees, scenario analysis, or executive intelligence. Outputs feed Lucrex's command decisions.",,free,free,low,,"1. Open https://transform.tools.
2. Snapshot key insights into `01_BUSINESSES/Everlight_Ventures/Wealth_OS/`.
3. For repeat use, build a wrapper in `40_strategic_modeler.md` runbook.",,curating powerful,3,auto,2026-05-12,photo_topic=Sites curating powerful Tool collections...
EIC-0209,spreadsheet,API_Mega_List_Repository_Index.xlsx,"travel-apis-397 | Travel | Flights, hotels, travel services | 397",travel-apis-397,,travel-apis-397,Decision Intelligence,Uncategorized,"Flights, hotels, travel services",CEO Command Center,Strategic Modeler,"Strategic Modeler uses travel-apis-397 for strategic frameworks, decision trees, scenario analysis, or executive intelligence. Outputs feed Lucrex's command decisions.",,free,free,low,,"1. Open https://travel-apis-397.
2. Snapshot key insights into `01_BUSINESSES/Everlight_Ventures/Wealth_OS/`.
3. For repeat use, build a wrapper in `40_strategic_modeler.md` runbook.",,,4,unverified,2026-05-12,sheet_category=Travel; api_count=397
EIC-0210,photo_ocr,FB_IMG_1778509315472.jpg,* tropy.org - Organize and annotate primary source research photo,Tropy,https://tropy.org,tropy.org,Decision Intelligence,,Organize and annotate primary source research photo,CEO Command Center,Strategic Modeler,"Strategic Modeler uses tropy.org for strategic frameworks, decision trees, scenario analysis, or executive intelligence. Outputs feed Lucrex's command decisions.",,free,free,low,,"1. Open https://tropy.org.
2. Snapshot key insights into `01_BUSINESSES/Everlight_Ventures/Wealth_OS/`.
3. For repeat use, build a wrapper in `40_strategic_modeler.md` runbook.",,rare research,3,auto,2026-05-12,photo_topic=Rare research Tools most people miss
EIC-0211,photo_ocr,FB_IMG_1778509090589.jpg,¢ ttsmaker.com - Unlimited text to speech,Ttsmaker,https://ttsmaker.com,ttsmaker.com,Decision Intelligence,Uncategorized,Unlimited text to speech,CEO Command Center,Strategic Modeler,"Strategic Modeler uses ttsmaker.com for strategic frameworks, decision trees, scenario analysis, or executive intelligence. Outputs feed Lucrex's command decisions.",,free,free,low,,"1. Open https://ttsmaker.com.
2. Snapshot key insights into `01_BUSINESSES/Everlight_Ventures/Wealth_OS/`.
3. For repeat use, build a wrapper in `40_strategic_modeler.md` runbook.",,,3,unverified,2026-05-12,photo_topic=Free Tools that handle tasks you've been avoiding
EIC-0212,photo_ocr,FB_IMG_1778509367591.jpg,¢ turbulence.pha.jhu.edu - Queryable petabyte-scale fluid turbulence simulations,Turbulence,https://turbulence.pha.jhu.edu,turbulence.pha.jhu.edu,Decision Intelligence,,Queryable petabyte-scale fluid turbulence simulations,CEO Command Center,Strategic Modeler,"Strategic Modeler uses turbulence.pha.jhu.edu for strategic frameworks, decision trees, scenario analysis, or executive intelligence. Outputs feed Lucrex's command decisions.",,free,free,low,,"1. Open https://turbulence.pha.jhu.edu.
2. Snapshot key insights into `01_BUSINESSES/Everlight_Ventures/Wealth_OS/`.
3. For repeat use, build a wrapper in `40_strategic_modeler.md` runbook.",,hidden scientific,3,auto,2026-05-12,photo_topic=Hidden scientific platforms worth discovering
EIC-0213,photo_ocr,FB_IMG_1778509392320.jpg,¢ twistedsifter.com - strange natural phenomena and unusual places,Twistedsifter,https://twistedsifter.com,twistedsifter.com,Decision Intelligence,Uncategorized,strange natural phenomena and unusual places,CEO Command Center,Strategic Modeler,"Strategic Modeler uses twistedsifter.com for strategic frameworks, decision trees, scenario analysis, or executive intelligence. Outputs feed Lucrex's command decisions.",,free,free,low,,"1. Open https://twistedsifter.com.
2. Snapshot key insights into `01_BUSINESSES/Everlight_Ventures/Wealth_OS/`.
3. For repeat use, build a wrapper in `40_strategic_modeler.md` runbook.",,,3,unverified,2026-05-12,photo_topic=Explore Hidden and Famous Wonders Worldwide
EIC-0214,photo_ocr,FB_IMG_1778509315472.jpg,« undermind.ai - finds gaps in any research field,Undermind,https://undermind.ai,undermind.ai,Decision Intelligence,,finds gaps in any research field,CEO Command Center,Strategic Modeler,"Strategic Modeler uses undermind.ai for strategic frameworks, decision trees, scenario analysis, or executive intelligence. Outputs feed Lucrex's command decisions.",,free,free,low,,"1. Open https://undermind.ai.
2. Snapshot key insights into `01_BUSINESSES/Everlight_Ventures/Wealth_OS/`.
3. For repeat use, build a wrapper in `40_strategic_modeler.md` runbook.",,rare research,3,auto,2026-05-12,photo_topic=Rare research Tools most people miss
EIC-0215,photo_ocr,FB_IMG_1778509059175.jpg,¢ untools.co - thinking frameworks/mental model tools for decisions,Untools,https://untools.co,untools.co,Decision Intelligence,,thinking frameworks/mental model tools for decisions,CEO Command Center,Strategic Modeler,"Strategic Modeler uses untools.co for strategic frameworks, decision trees, scenario analysis, or executive intelligence. Outputs feed Lucrex's command decisions.",,free,free,low,,"1. Open https://untools.co.
2. Snapshot key insights into `01_BUSINESSES/Everlight_Ventures/Wealth_OS/`.
3. For repeat use, build a wrapper in `40_strategic_modeler.md` runbook.",,curating powerful,3,auto,2026-05-12,photo_topic=Sites curating powerful Tool collections...
EIC-0216,photo_ocr,FB_IMG_1778509392320.jpg,+ unusualplaces.org - strange destinations and lesser known travel wonders,Unusualplaces,https://unusualplaces.org,unusualplaces.org,Decision Intelligence,Uncategorized,strange destinations and lesser known travel wonders,CEO Command Center,Strategic Modeler,"Strategic Modeler uses unusualplaces.org for strategic frameworks, decision trees, scenario analysis, or executive intelligence. Outputs feed Lucrex's command decisions.",,free,free,low,,"1. Open https://unusualplaces.org.
2. Snapshot key insights into `01_BUSINESSES/Everlight_Ventures/Wealth_OS/`.
3. For repeat use, build a wrapper in `40_strategic_modeler.md` runbook.",,,3,unverified,2026-05-12,photo_topic=Explore Hidden and Famous Wonders Worldwide
EIC-0217,photo_ocr,FB_IMG_1778509126742.jpg,« vegbank.org - Vegetation plots with species composition records data,Vegbank,https://vegbank.org,vegbank.org,Decision Intelligence,,Vegetation plots with species composition records data,CEO Command Center,Strategic Modeler,"Strategic Modeler uses vegbank.org for strategic frameworks, decision trees, scenario analysis, or executive intelligence. Outputs feed Lucrex's command decisions.",,free,free,low,,"1. Open https://vegbank.org.
2. Snapshot key insights into `01_BUSINESSES/Everlight_Ventures/Wealth_OS/`.
3. For repeat use, build a wrapper in `40_strategic_modeler.md` runbook.",,multiple fields,3,auto,2026-05-12,photo_topic=platforms to explore large datasets across multiple fields
EIC-0218,spreadsheet,API_Mega_List_Repository_Index.xlsx,"videos-apis-979 | Video | Video editing, upload, media APIs | 979",videos-apis-979,,videos-apis-979,Decision Intelligence,Uncategorized,"Video editing, upload, media APIs",CEO Command Center,Strategic Modeler,"Strategic Modeler uses videos-apis-979 for strategic frameworks, decision trees, scenario analysis, or executive intelligence. Outputs feed Lucrex's command decisions.",,free,free,low,,"1. Open https://videos-apis-979.
2. Snapshot key insights into `01_BUSINESSES/Everlight_Ventures/Wealth_OS/`.
3. For repeat use, build a wrapper in `40_strategic_modeler.md` runbook.",,,4,unverified,2026-05-12,sheet_category=Video; api_count=979
EIC-0219,photo_ocr,FB_IMG_1778509392320.jpg,« vintag.es - historical places through rare old photography,Vintag,https://vintag.es,vintag.es,Decision Intelligence,Uncategorized,historical places through rare old photography,CEO Command Center,Strategic Modeler,"Strategic Modeler uses vintag.es for strategic frameworks, decision trees, scenario analysis, or executive intelligence. Outputs feed Lucrex's command decisions.",,free,free,low,,"1. Open https://vintag.es.
2. Snapshot key insights into `01_BUSINESSES/Everlight_Ventures/Wealth_OS/`.
3. For repeat use, build a wrapper in `40_strategic_modeler.md` runbook.",,,3,unverified,2026-05-12,photo_topic=Explore Hidden and Famous Wonders Worldwide
EIC-0220,photo_ocr,FB_IMG_1778509367591.jpg,¢ volcano.si.edu - Real-time data from every active volcano globally,Volcano,https://volcano.si.edu,volcano.si.edu,Decision Intelligence,,Real-time data from every active volcano globally,CEO Command Center,Strategic Modeler,"Strategic Modeler uses volcano.si.edu for strategic frameworks, decision trees, scenario analysis, or executive intelligence. Outputs feed Lucrex's command decisions.",,free,free,low,,"1. Open https://volcano.si.edu.
2. Snapshot key insights into `01_BUSINESSES/Everlight_Ventures/Wealth_OS/`.
3. For repeat use, build a wrapper in `40_strategic_modeler.md` runbook.",,hidden scientific,3,auto,2026-05-12,photo_topic=Hidden scientific platforms worth discovering
EIC-0221,photo_ocr,FB_IMG_1778509392320.jpg,« volcanodiscovery.com - active volcanoes and eruptions worldwide.,Volcanodiscovery,https://volcanodiscovery.com,volcanodiscovery.com,Decision Intelligence,Uncategorized,active volcanoes and eruptions worldwide,CEO Command Center,Strategic Modeler,"Strategic Modeler uses volcanodiscovery.com for strategic frameworks, decision trees, scenario analysis, or executive intelligence. Outputs feed Lucrex's command decisions.",,free,free,low,,"1. Open https://volcanodiscovery.com.
2. Snapshot key insights into `01_BUSINESSES/Everlight_Ventures/Wealth_OS/`.
3. For repeat use, build a wrapper in `40_strategic_modeler.md` runbook.",,,3,unverified,2026-05-12,photo_topic=Explore Hidden and Famous Wonders Worldwide
EIC-0222,photo_ocr,FB_IMG_1778509126742.jpg,- wals.info - Typological database of every world language,Wals,https://wals.info,wals.info,Decision Intelligence,,Typological database of every world language,CEO Command Center,Strategic Modeler,"Strategic Modeler uses wals.info for strategic frameworks, decision trees, scenario analysis, or executive intelligence. Outputs feed Lucrex's command decisions.",,free,free,low,,"1. Open https://wals.info.
2. Snapshot key insights into `01_BUSINESSES/Everlight_Ventures/Wealth_OS/`.
3. For repeat use, build a wrapper in `40_strategic_modeler.md` runbook.",,multiple fields,3,auto,2026-05-12,photo_topic=platforms to explore large datasets across multiple fields
EIC-0223,photo_ocr,FB_IMG_1778509315472.jpg,¢ whatthefont.com - Identify any font from a photo or screenshot instantly,Whatthefont,https://whatthefont.com,whatthefont.com,Decision Intelligence,,Identify any font from a photo or screenshot instantly,CEO Command Center,Strategic Modeler,"Strategic Modeler uses whatthefont.com for strategic frameworks, decision trees, scenario analysis, or executive intelligence. Outputs feed Lucrex's command decisions.",,free,free,low,,"1. Open https://whatthefont.com.
2. Snapshot key insights into `01_BUSINESSES/Everlight_Ventures/Wealth_OS/`.
3. For repeat use, build a wrapper in `40_strategic_modeler.md` runbook.",,rare research,3,auto,2026-05-12,photo_topic=Rare research Tools most people miss
EIC-0224,spreadsheet,Everlight_Free_Resources_List.xlsx,whisper-web.vercel.app | Speech-to-text | Local Whisper audio transcription.,Whisper Web,https://whisper-web.vercel.app,whisper-web.vercel.app,Decision Intelligence,Uncategorized,Local Whisper audio transcription.,CEO Command Center,Strategic Modeler,"Strategic Modeler uses whisper-web.vercel.app for strategic frameworks, decision trees, scenario analysis, or executive intelligence. Outputs feed Lucrex's command decisions.",,free,free,low,,"1. Open https://whisper-web.vercel.app.
2. Snapshot key insights into `01_BUSINESSES/Everlight_Ventures/Wealth_OS/`.
3. For repeat use, build a wrapper in `40_strategic_modeler.md` runbook.",,,4,unverified,2026-05-12,sheet_category=Speech-to-text | photo_topic=Essential Tools you'll wish you found earlier
EIC-0225,spreadsheet,Everlight_Free_Resources_List.xlsx,wide.video | Video editing | Browser-based background remover/editor.,Wide,https://wide.video,wide.video,Decision Intelligence,Uncategorized,Free browser video background remover/editor,CEO Command Center,Strategic Modeler,"Strategic Modeler uses wide.video for strategic frameworks, decision trees, scenario analysis, or executive intelligence. Outputs feed Lucrex's command decisions.",,free,free,low,,"1. Open https://wide.video.
2. Snapshot key insights into `01_BUSINESSES/Everlight_Ventures/Wealth_OS/`.
3. For repeat use, build a wrapper in `40_strategic_modeler.md` runbook.",,,4,unverified,2026-05-12,sheet_category=Video editing | photo_topic=Essential Tools you'll wish you found earlier
EIC-0226,photo_ocr,FB_IMG_1778509315472.jpg,¢ wikidata.org - Structured machine-readable database behind all Wikipedia,Wikidata,https://wikidata.org,wikidata.org,Decision Intelligence,,Structured machine-readable database behind all Wikipedia,CEO Command Center,Strategic Modeler,"Strategic Modeler uses wikidata.org for strategic frameworks, decision trees, scenario analysis, or executive intelligence. Outputs feed Lucrex's command decisions.",,free,free,low,,"1. Open https://wikidata.org.
2. Snapshot key insights into `01_BUSINESSES/Everlight_Ventures/Wealth_OS/`.
3. For repeat use, build a wrapper in `40_strategic_modeler.md` runbook.",,rare research,3,auto,2026-05-12,photo_topic=Rare research Tools most people miss | photo_topic=Platforms that unlock rare knowledge.. | ¢ passc.net/EarthlmpactDatabase   Every confirmed meteor crater mapped
EIC-0227,photo_ocr,FB_IMG_1778509392320.jpg,¢ wikiloc.com - hidden trails and outdoor exploration routes,Wikiloc,https://wikiloc.com,wikiloc.com,Decision Intelligence,Uncategorized,hidden trails and outdoor exploration routes,CEO Command Center,Strategic Modeler,"Strategic Modeler uses wikiloc.com for strategic frameworks, decision trees, scenario analysis, or executive intelligence. Outputs feed Lucrex's command decisions.",,free,free,low,,"1. Open https://wikiloc.com.
2. Snapshot key insights into `01_BUSINESSES/Everlight_Ventures/Wealth_OS/`.
3. For repeat use, build a wrapper in `40_strategic_modeler.md` runbook.",,,3,unverified,2026-05-12,photo_topic=Explore Hidden and Famous Wonders Worldwide
EIC-0228,photo_ocr,FB_IMG_1778509272312.jpg,¢ worldarchitecture.org - Best buildings worldwide by style listed,Worldarchitecture,https://worldarchitecture.org,worldarchitecture.org,Decision Intelligence,,Best buildings worldwide by style listed,CEO Command Center,Strategic Modeler,"Strategic Modeler uses worldarchitecture.org for strategic frameworks, decision trees, scenario analysis, or executive intelligence. Outputs feed Lucrex's command decisions.",,free,free,low,,"1. Open https://worldarchitecture.org.
2. Snapshot key insights into `01_BUSINESSES/Everlight_Ventures/Wealth_OS/`.
3. For repeat use, build a wrapper in `40_strategic_modeler.md` runbook.",,underrecognized information,3,auto,2026-05-12,photo_topic=Underrecognized information resource platforms
EIC-0229,photo_ocr,FB_IMG_1778509272312.jpg,¢ worldometers.info - Every world statistic updating in real time,Worldometers,https://worldometers.info,worldometers.info,Decision Intelligence,,Every world statistic updating in real time,CEO Command Center,Strategic Modeler,"Strategic Modeler uses worldometers.info for strategic frameworks, decision trees, scenario analysis, or executive intelligence. Outputs feed Lucrex's command decisions.",,free,free,low,,"1. Open https://worldometers.info.
2. Snapshot key insights into `01_BUSINESSES/Everlight_Ventures/Wealth_OS/`.
3. For repeat use, build a wrapper in `40_strategic_modeler.md` runbook.",,underrecognized information,3,auto,2026-05-12,photo_topic=Underrecognized information resource platforms
EIC-0230,photo_ocr,FB_IMG_1778509126742.jpg,¢ worldwidetelescope.org - Astronomical sky survey data browser,Worldwidetelescope,https://worldwidetelescope.org,worldwidetelescope.org,Decision Intelligence,,Astronomical sky survey data browser,CEO Command Center,Strategic Modeler,"Strategic Modeler uses worldwidetelescope.org for strategic frameworks, decision trees, scenario analysis, or executive intelligence. Outputs feed Lucrex's command decisions.",,free,free,low,,"1. Open https://worldwidetelescope.org.
2. Snapshot key insights into `01_BUSINESSES/Everlight_Ventures/Wealth_OS/`.
3. For repeat use, build a wrapper in `40_strategic_modeler.md` runbook.",,multiple fields,3,auto,2026-05-12,photo_topic=platforms to explore large datasets across multiple fields
EIC-0231,photo_ocr,FB_IMG_1778509090589.jpg,¢ zerogpt.com - Detect Al written text,Zerogpt,https://zerogpt.com,zerogpt.com,Decision Intelligence,Uncategorized,Detect Al written text,CEO Command Center,Strategic Modeler,"Strategic Modeler uses zerogpt.com for strategic frameworks, decision trees, scenario analysis, or executive intelligence. Outputs feed Lucrex's command decisions.",,free,free,low,,"1. Open https://zerogpt.com.
2. Snapshot key insights into `01_BUSINESSES/Everlight_Ventures/Wealth_OS/`.
3. For repeat use, build a wrapper in `40_strategic_modeler.md` runbook.",,,3,unverified,2026-05-12,photo_topic=Free Tools that handle tasks you've been avoiding
EIC-0232,photo_ocr,FB_IMG_1778509090589.jpg,- zotero.org - Collect/ organise /cite research papers,Zotero,https://zotero.org,zotero.org,Decision Intelligence,Uncategorized,Collect/ organise /cite research papers,CEO Command Center,Strategic Modeler,"Strategic Modeler uses zotero.org for strategic frameworks, decision trees, scenario analysis, or executive intelligence. Outputs feed Lucrex's command decisions.",,free,free,low,,"1. Open https://zotero.org.
2. Snapshot key insights into `01_BUSINESSES/Everlight_Ventures/Wealth_OS/`.
3. For repeat use, build a wrapper in `40_strategic_modeler.md` runbook.",,,3,unverified,2026-05-12,photo_topic=Free Tools that handle tasks you've been avoiding
EIC-0233,photo_ocr,FB_IMG_1778509392320.jpg,« abandonedspaces.com - abandoned buildings and forgotten global places,Abandonedspaces,https://abandonedspaces.com,abandonedspaces.com,Education & Training,,abandoned buildings and forgotten global places,CEO Command Center,Strategy Assistant,"Strategy Assistant taps abandonedspaces.com for learning, research, or reference material. Drop key concepts into Blinko (RAG) so the rest of the Hive can recall them.",,free,free,low,,"1. Open https://abandonedspaces.com.
2. Note key takeaways into `Notes/inbox.org` or push to Blinko via `agentmemory MCP`.
3. Build a study-track in `05_PERSONAL/` if multi-week.",,abandoned buildings,3,auto,2026-05-12,photo_topic=Explore Hidden and Famous Wonders Worldwide
EIC-0234,photo_ocr,FB_IMG_1778509230543.jpg,¢ animagraffs.com - visuals of complex machines explained,Animagraffs,https://animagraffs.com,animagraffs.com,Education & Training,,Complex machines and systems explained,CEO Command Center,Strategy Assistant,"Strategy Assistant taps animagraffs.com for learning, research, or reference material. Drop key concepts into Blinko (RAG) so the rest of the Hive can recall them.",,free,free,low,,"1. Open https://animagraffs.com.
2. Note key takeaways into `Notes/inbox.org` or push to Blinko via `agentmemory MCP`.
3. Build a study-track in `05_PERSONAL/` if multi-week.",,engine internals,3,auto,2026-05-12,photo_topic=Platforms to decode how different systems operate | e engine sim.parts   See engine internals move in real time | photo_topic=Tools to discover hidden global information | e thegreatestbooks.org   Top fiction books determined by critics
EIC-0235,photo_ocr,FB_IMG_1778509497319.jpg,¢ archaecologydataservice.ac.uk - data from thousands of global excavations,Archaecologydataservice,https://archaecologydataservice.ac.uk,archaecologydataservice.ac.uk,Education & Training,,data from thousands of global excavations,CEO Command Center,Strategy Assistant,"Strategy Assistant taps archaecologydataservice.ac.uk for learning, research, or reference material. Drop key concepts into Blinko (RAG) so the rest of the Hive can recall them.",,free,free,low,,"1. Open https://archaecologydataservice.ac.uk.
2. Note key takeaways into `Notes/inbox.org` or push to Blinko via `agentmemory MCP`.
3. Build a study-track in `05_PERSONAL/` if multi-week.",,rare knowledge,3,auto,2026-05-12,photo_topic=Platforms that unlock rare knowledge.. | ¢ passc.net/EarthlmpactDatabase   Every confirmed meteor crater mapped
EIC-0236,photo_ocr,FB_IMG_1778509230543.jpg,¢ batteryuniversity.com - Deep dive into battery chemistry and systems,Batteryuniversity,https://batteryuniversity.com,batteryuniversity.com,Education & Training,,Deep dive into battery chemistry and systems,CEO Command Center,Strategy Assistant,"Strategy Assistant taps batteryuniversity.com for learning, research, or reference material. Drop key concepts into Blinko (RAG) so the rest of the Hive can recall them.",,free,free,low,,"1. Open https://batteryuniversity.com.
2. Note key takeaways into `Notes/inbox.org` or push to Blinko via `agentmemory MCP`.
3. Build a study-track in `05_PERSONAL/` if multi-week.",,engine internals,3,auto,2026-05-12,photo_topic=Platforms to decode how different systems operate | e engine sim.parts   See engine internals move in real time
EIC-0237,photo_ocr,FB_IMG_1778509487954.jpg,¢ boot.dev - Backend learned through browser-based real projects.,Boot,https://boot.dev,boot.dev,Education & Training,,Backend learned through browser-based real projects,CEO Command Center,Strategy Assistant,"Strategy Assistant taps boot.dev for learning, research, or reference material. Drop key concepts into Blinko (RAG) so the rest of the Hive can recall them.",,free,free,low,,"1. Open https://boot.dev.
2. Note key takeaways into `Notes/inbox.org` or push to Blinko via `agentmemory MCP`.
3. Build a study-track in `05_PERSONAL/` if multi-week.",,expert faster,3,auto,2026-05-12,photo_topic=Sites that Can turn you into a Tech Expert faster.
EIC-0238,photo_ocr,FB_IMG_1778509230543.jpg,¢ bosch-mobility.com - See how modern car systems operate,Bosch Mobility,https://bosch-mobility.com,bosch-mobility.com,Education & Training,,See how modern car systems operate,CEO Command Center,Strategy Assistant,"Strategy Assistant taps bosch-mobility.com for learning, research, or reference material. Drop key concepts into Blinko (RAG) so the rest of the Hive can recall them.",,free,free,low,,"1. Open https://bosch-mobility.com.
2. Note key takeaways into `Notes/inbox.org` or push to Blinko via `agentmemory MCP`.
3. Build a study-track in `05_PERSONAL/` if multi-week.",,engine internals,3,auto,2026-05-12,photo_topic=Platforms to decode how different systems operate | e engine sim.parts   See engine internals move in real time
EIC-0239,photo_ocr,FB_IMG_1778509192985.jpg,¢ bradshawfoundation.com - rock art and cave painting archive,Bradshawfoundation,https://bradshawfoundation.com,bradshawfoundation.com,Education & Training,,rock art and cave painting archive,CEO Command Center,Strategy Assistant,"Strategy Assistant taps bradshawfoundation.com for learning, research, or reference material. Drop key concepts into Blinko (RAG) so the rest of the Hive can recall them.",,free,free,low,,"1. Open https://bradshawfoundation.com.
2. Note key takeaways into `Notes/inbox.org` or push to Blinko via `agentmemory MCP`.
3. Build a study-track in `05_PERSONAL/` if multi-week.",,archaeology,3,auto,2026-05-12,photo_topic=Archaeology and History databases uncovering hidden Facts
EIC-0240,photo_ocr,FB_IMG_1778509192985.jpg,¢ cdli.earth - cuneiform tablet digital library,Cdli,https://cdli.earth,cdli.earth,Education & Training,,cuneiform tablet digital library,CEO Command Center,Strategy Assistant,"Strategy Assistant taps cdli.earth for learning, research, or reference material. Drop key concepts into Blinko (RAG) so the rest of the Hive can recall them.",,free,free,low,,"1. Open https://cdli.earth.
2. Note key takeaways into `Notes/inbox.org` or push to Blinko via `agentmemory MCP`.
3. Build a study-track in `05_PERSONAL/` if multi-week.",,archaeology,3,auto,2026-05-12,photo_topic=Archaeology and History databases uncovering hidden Facts
EIC-0241,photo_ocr,FB_IMG_1778509230543.jpg,« chemicalprocessing.com - Explore chemical systems operations,Chemicalprocessing,https://chemicalprocessing.com,chemicalprocessing.com,Education & Training,,Explore chemical systems operations,CEO Command Center,Strategy Assistant,"Strategy Assistant taps chemicalprocessing.com for learning, research, or reference material. Drop key concepts into Blinko (RAG) so the rest of the Hive can recall them.",,free,free,low,,"1. Open https://chemicalprocessing.com.
2. Note key takeaways into `Notes/inbox.org` or push to Blinko via `agentmemory MCP`.
3. Build a study-track in `05_PERSONAL/` if multi-week.",,engine internals,3,auto,2026-05-12,photo_topic=Platforms to decode how different systems operate | e engine sim.parts   See engine internals move in real time
EIC-0242,photo_ocr,FB_IMG_1778509230543.jpg,¢ chipestimate.com - Chip design systems and silicon architecture,Chipestimate,https://chipestimate.com,chipestimate.com,Education & Training,,Chip design systems and silicon architecture,CEO Command Center,Strategy Assistant,"Strategy Assistant taps chipestimate.com for learning, research, or reference material. Drop key concepts into Blinko (RAG) so the rest of the Hive can recall them.",,free,free,low,,"1. Open https://chipestimate.com.
2. Note key takeaways into `Notes/inbox.org` or push to Blinko via `agentmemory MCP`.
3. Build a study-track in `05_PERSONAL/` if multi-week.",,engine internals,3,auto,2026-05-12,photo_topic=Platforms to decode how different systems operate | e engine sim.parts   See engine internals move in real time
EIC-0243,photo_ocr,FB_IMG_1778509487954.jpg,"¢ coddy.tech - - daily coding challenges across multiple languages,.",Coddy,https://coddy.tech,coddy.tech,Education & Training,,- daily coding challenges across multiple languages,CEO Command Center,Strategy Assistant,"Strategy Assistant taps coddy.tech for learning, research, or reference material. Drop key concepts into Blinko (RAG) so the rest of the Hive can recall them.",,free,free,low,,"1. Open https://coddy.tech.
2. Note key takeaways into `Notes/inbox.org` or push to Blinko via `agentmemory MCP`.
3. Build a study-track in `05_PERSONAL/` if multi-week.",,expert faster,3,auto,2026-05-12,photo_topic=Sites that Can turn you into a Tech Expert faster.
EIC-0244,photo_ocr,FB_IMG_1778509487954.jpg,"¢ codecrafters.io - Rebuild Redis ,,Git ,SQLite or complex softwares from scratch.",Codecrafters,https://codecrafters.io,codecrafters.io,Education & Training,,"Rebuild Redis ,,Git ,SQLite or complex softwares from scratch",CEO Command Center,Strategy Assistant,"Strategy Assistant taps codecrafters.io for learning, research, or reference material. Drop key concepts into Blinko (RAG) so the rest of the Hive can recall them.",,free,free,low,,"1. Open https://codecrafters.io.
2. Note key takeaways into `Notes/inbox.org` or push to Blinko via `agentmemory MCP`.
3. Build a study-track in `05_PERSONAL/` if multi-week.",,expert faster,3,auto,2026-05-12,photo_topic=Sites that Can turn you into a Tech Expert faster.
EIC-0245,photo_ocr,FB_IMG_1778509497319.jpg,¢ coinarchives.com - Millions of ancient coin records with auction prices,Coinarchives,https://coinarchives.com,coinarchives.com,Education & Training,,Millions of ancient coin records with auction prices,CEO Command Center,Strategy Assistant,"Strategy Assistant taps coinarchives.com for learning, research, or reference material. Drop key concepts into Blinko (RAG) so the rest of the Hive can recall them.",,free,free,low,,"1. Open https://coinarchives.com.
2. Note key takeaways into `Notes/inbox.org` or push to Blinko via `agentmemory MCP`.
3. Build a study-track in `05_PERSONAL/` if multi-week.",,rare knowledge,3,auto,2026-05-12,photo_topic=Platforms that unlock rare knowledge.. | ¢ passc.net/EarthlmpactDatabase   Every confirmed meteor crater mapped
EIC-0246,photo_ocr,FB_IMG_1778509230543.jpg,¢ cpu.land - Watch how a CPU runs instructions,Cpu,https://cpu.land,cpu.land,Education & Training,,Watch how a CPU runs instructions,CEO Command Center,Strategy Assistant,"Strategy Assistant taps cpu.land for learning, research, or reference material. Drop key concepts into Blinko (RAG) so the rest of the Hive can recall them.",,free,free,low,,"1. Open https://cpu.land.
2. Note key takeaways into `Notes/inbox.org` or push to Blinko via `agentmemory MCP`.
3. Build a study-track in `05_PERSONAL/` if multi-week.",,engine internals,3,auto,2026-05-12,photo_topic=Platforms to decode how different systems operate | e engine sim.parts   See engine internals move in real time
EIC-0247,photo_ocr,FB_IMG_1778509487954.jpg,¢ cryptopals.com - Learn cryptography by breaking real ciphers .,Cryptopals,https://cryptopals.com,cryptopals.com,Education & Training,,Learn cryptography by breaking real ciphers,CEO Command Center,Strategy Assistant,"Strategy Assistant taps cryptopals.com for learning, research, or reference material. Drop key concepts into Blinko (RAG) so the rest of the Hive can recall them.",,free,free,low,,"1. Open https://cryptopals.com.
2. Note key takeaways into `Notes/inbox.org` or push to Blinko via `agentmemory MCP`.
3. Build a study-track in `05_PERSONAL/` if multi-week.",,expert faster,3,auto,2026-05-12,photo_topic=Sites that Can turn you into a Tech Expert faster.
EIC-0248,photo_ocr,FB_IMG_1778509487954.jpg,¢ cssgridgarden.com - Learn CSS Grid by growing a virtual garden,Cssgridgarden,https://cssgridgarden.com,cssgridgarden.com,Education & Training,,Learn CSS Grid by growing a virtual garden,CEO Command Center,Strategy Assistant,"Strategy Assistant taps cssgridgarden.com for learning, research, or reference material. Drop key concepts into Blinko (RAG) so the rest of the Hive can recall them.",,free,free,low,,"1. Open https://cssgridgarden.com.
2. Note key takeaways into `Notes/inbox.org` or push to Blinko via `agentmemory MCP`.
3. Build a study-track in `05_PERSONAL/` if multi-week.",,expert faster,3,auto,2026-05-12,photo_topic=Sites that Can turn you into a Tech Expert faster.
EIC-0249,photo_ocr,FB_IMG_1778509230543.jpg,« datacenterknowledge.com - Data center infrastructure explained,Datacenterknowledge,https://datacenterknowledge.com,datacenterknowledge.com,Education & Training,,Data center infrastructure explained,CEO Command Center,Strategy Assistant,"Strategy Assistant taps datacenterknowledge.com for learning, research, or reference material. Drop key concepts into Blinko (RAG) so the rest of the Hive can recall them.",,free,free,low,,"1. Open https://datacenterknowledge.com.
2. Note key takeaways into `Notes/inbox.org` or push to Blinko via `agentmemory MCP`.
3. Build a study-track in `05_PERSONAL/` if multi-week.",,engine internals,3,auto,2026-05-12,photo_topic=Platforms to decode how different systems operate | e engine sim.parts   See engine internals move in real time
EIC-0250,photo_ocr,FB_IMG_1778509487954.jpg,¢ devchallenges.io - Full-stack project challenges with real-world design briefs,Devchallenges,https://devchallenges.io,devchallenges.io,Education & Training,,Full-stack project challenges with real-world design briefs,CEO Command Center,Strategy Assistant,"Strategy Assistant taps devchallenges.io for learning, research, or reference material. Drop key concepts into Blinko (RAG) so the rest of the Hive can recall them.",,free,free,low,,"1. Open https://devchallenges.io.
2. Note key takeaways into `Notes/inbox.org` or push to Blinko via `agentmemory MCP`.
3. Build a study-track in `05_PERSONAL/` if multi-week.",,expert faster,3,auto,2026-05-12,photo_topic=Sites that Can turn you into a Tech Expert faster.
EIC-0251,photo_ocr,FB_IMG_1778509497319.jpg,digi.vatlib.it - Vatican’s digitized ancient manuscripts collection.,Digi,https://digi.vatlib.it,digi.vatlib.it,Education & Training,,Vatican’s digitized ancient manuscripts collection,CEO Command Center,Strategy Assistant,"Strategy Assistant taps digi.vatlib.it for learning, research, or reference material. Drop key concepts into Blinko (RAG) so the rest of the Hive can recall them.",,free,free,low,,"1. Open https://digi.vatlib.it.
2. Note key takeaways into `Notes/inbox.org` or push to Blinko via `agentmemory MCP`.
3. Build a study-track in `05_PERSONAL/` if multi-week.",,rare knowledge,3,auto,2026-05-12,photo_topic=Platforms that unlock rare knowledge.. | ¢ passc.net/EarthlmpactDatabase   Every confirmed meteor crater mapped
EIC-0252,photo_ocr,FB_IMG_1778509230543.jpg,¢ dnsviz.net - Analyze DNS trust chains and resolution paths,Dnsviz,https://dnsviz.net,dnsviz.net,Education & Training,,Analyze DNS trust chains and resolution paths,CEO Command Center,Strategy Assistant,"Strategy Assistant taps dnsviz.net for learning, research, or reference material. Drop key concepts into Blinko (RAG) so the rest of the Hive can recall them.",,free,free,low,,"1. Open https://dnsviz.net.
2. Note key takeaways into `Notes/inbox.org` or push to Blinko via `agentmemory MCP`.
3. Build a study-track in `05_PERSONAL/` if multi-week.",,engine internals,3,auto,2026-05-12,photo_topic=Platforms to decode how different systems operate | e engine sim.parts   See engine internals move in real time
EIC-0253,photo_ocr,FB_IMG_1778509507011.jpg,¢ etymonline.com - Full origin history of every English word,Etymonline,https://etymonline.com,etymonline.com,Education & Training,,Full origin history of every English word,CEO Command Center,Strategy Assistant,"Strategy Assistant taps etymonline.com for learning, research, or reference material. Drop key concepts into Blinko (RAG) so the rest of the Hive can recall them.",,free,free,low,,"1. Open https://etymonline.com.
2. Note key takeaways into `Notes/inbox.org` or push to Blinko via `agentmemory MCP`.
3. Build a study-track in `05_PERSONAL/` if multi-week.",,history,3,auto,2026-05-12,photo_topic=platforms for finding hard to  access information..
EIC-0254,photo_ocr,FB_IMG_1778509487954.jpg,* exercism.org - Code exercises with real mentor feedback in 60 languages,Exercism,https://exercism.org,exercism.org,Education & Training,,Code exercises with real mentor feedback in 60 languages,CEO Command Center,Strategy Assistant,"Strategy Assistant taps exercism.org for learning, research, or reference material. Drop key concepts into Blinko (RAG) so the rest of the Hive can recall them.",,free,free,low,,"1. Open https://exercism.org.
2. Note key takeaways into `Notes/inbox.org` or push to Blinko via `agentmemory MCP`.
3. Build a study-track in `05_PERSONAL/` if multi-week.",,expert faster,3,auto,2026-05-12,photo_topic=Sites that Can turn you into a Tech Expert faster.
EIC-0255,photo_ocr,FB_IMG_1778509487954.jpg,¢ explainshell.com - Pastes any command and explains every part instantly,Explainshell,https://explainshell.com,explainshell.com,Education & Training,,Pastes any command and explains every part instantly,CEO Command Center,Strategy Assistant,"Strategy Assistant taps explainshell.com for learning, research, or reference material. Drop key concepts into Blinko (RAG) so the rest of the Hive can recall them.",,free,free,low,,"1. Open https://explainshell.com.
2. Note key takeaways into `Notes/inbox.org` or push to Blinko via `agentmemory MCP`.
3. Build a study-track in `05_PERSONAL/` if multi-week.",,expert faster,3,auto,2026-05-12,photo_topic=Sites that Can turn you into a Tech Expert faster.
EIC-0256,photo_ocr,FB_IMG_1778509230543.jpg,¢ falstad.com - understand circuits and signals flow,Falstad,https://falstad.com,falstad.com,Education & Training,,understand circuits and signals flow,CEO Command Center,Strategy Assistant,"Strategy Assistant taps falstad.com for learning, research, or reference material. Drop key concepts into Blinko (RAG) so the rest of the Hive can recall them.",,free,free,low,,"1. Open https://falstad.com.
2. Note key takeaways into `Notes/inbox.org` or push to Blinko via `agentmemory MCP`.
3. Build a study-track in `05_PERSONAL/` if multi-week.",,engine internals,3,auto,2026-05-12,photo_topic=Platforms to decode how different systems operate | e engine sim.parts   See engine internals move in real time
EIC-0257,photo_ocr,FB_IMG_1778509497319.jpg,¢ findagrave.com - Burial records for 200 million people worldwide,Findagrave,https://findagrave.com,findagrave.com,Education & Training,,Burial records for 200 million people worldwide,CEO Command Center,Strategy Assistant,"Strategy Assistant taps findagrave.com for learning, research, or reference material. Drop key concepts into Blinko (RAG) so the rest of the Hive can recall them.",,free,free,low,,"1. Open https://findagrave.com.
2. Note key takeaways into `Notes/inbox.org` or push to Blinko via `agentmemory MCP`.
3. Build a study-track in `05_PERSONAL/` if multi-week.",,rare knowledge,3,auto,2026-05-12,photo_topic=Platforms that unlock rare knowledge.. | ¢ passc.net/EarthlmpactDatabase   Every confirmed meteor crater mapped
EIC-0258,photo_ocr,FB_IMG_1778509487954.jpg,¢ fireship.io - modern tech explainers and short courses,Fireship,https://fireship.io,fireship.io,Education & Training,,modern tech explainers and short courses,CEO Command Center,Strategy Assistant,"Strategy Assistant taps fireship.io for learning, research, or reference material. Drop key concepts into Blinko (RAG) so the rest of the Hive can recall them.",,free,free,low,,"1. Open https://fireship.io.
2. Note key takeaways into `Notes/inbox.org` or push to Blinko via `agentmemory MCP`.
3. Build a study-track in `05_PERSONAL/` if multi-week.",,expert faster,3,auto,2026-05-12,photo_topic=Sites that Can turn you into a Tech Expert faster.
EIC-0259,photo_ocr,FB_IMG_1778509192985.jpg,¢ forgottenbooks.com - rare history books collection,Forgottenbooks,https://forgottenbooks.com,forgottenbooks.com,Education & Training,,rare history books collection,CEO Command Center,Strategy Assistant,"Strategy Assistant taps forgottenbooks.com for learning, research, or reference material. Drop key concepts into Blinko (RAG) so the rest of the Hive can recall them.",,free,free,low,,"1. Open https://forgottenbooks.com.
2. Note key takeaways into `Notes/inbox.org` or push to Blinko via `agentmemory MCP`.
3. Build a study-track in `05_PERSONAL/` if multi-week.",,archaeology,3,auto,2026-05-12,photo_topic=Archaeology and History databases uncovering hidden Facts
EIC-0260,photo_ocr,FB_IMG_1778509497319.jpg,"¢ freesound.org - 600,000 real-world field recordings searchable .",Freesound,https://freesound.org,freesound.org,Education & Training,,"600,000 real-world field recordings searchable",CEO Command Center,Strategy Assistant,"Strategy Assistant taps freesound.org for learning, research, or reference material. Drop key concepts into Blinko (RAG) so the rest of the Hive can recall them.",,free,free,low,,"1. Open https://freesound.org.
2. Note key takeaways into `Notes/inbox.org` or push to Blinko via `agentmemory MCP`.
3. Build a study-track in `05_PERSONAL/` if multi-week.",,rare knowledge,3,auto,2026-05-12,photo_topic=Platforms that unlock rare knowledge.. | ¢ passc.net/EarthlmpactDatabase   Every confirmed meteor crater mapped
EIC-0261,photo_ocr,FB_IMG_1778509487954.jpg,¢ frontendmentor.io - -frontend challenges with professional Figma designs,Frontendmentor,https://frontendmentor.io,frontendmentor.io,Education & Training,,-frontend challenges with professional Figma designs,CEO Command Center,Strategy Assistant,"Strategy Assistant taps frontendmentor.io for learning, research, or reference material. Drop key concepts into Blinko (RAG) so the rest of the Hive can recall them.",,free,free,low,,"1. Open https://frontendmentor.io.
2. Note key takeaways into `Notes/inbox.org` or push to Blinko via `agentmemory MCP`.
3. Build a study-track in `05_PERSONAL/` if multi-week.",,expert faster,3,auto,2026-05-12,photo_topic=Sites that Can turn you into a Tech Expert faster.
EIC-0262,photo_ocr,FB_IMG_1778509230543.jpg,¢ gazebosim.org - Simulates robots sensors and physics interactions,Gazebosim,https://gazebosim.org,gazebosim.org,Education & Training,,Simulates robots sensors and physics interactions,CEO Command Center,Strategy Assistant,"Strategy Assistant taps gazebosim.org for learning, research, or reference material. Drop key concepts into Blinko (RAG) so the rest of the Hive can recall them.",,free,free,low,,"1. Open https://gazebosim.org.
2. Note key takeaways into `Notes/inbox.org` or push to Blinko via `agentmemory MCP`.
3. Build a study-track in `05_PERSONAL/` if multi-week.",,engine internals,3,auto,2026-05-12,photo_topic=Platforms to decode how different systems operate | e engine sim.parts   See engine internals move in real time
EIC-0263,photo_ocr,FB_IMG_1778509497319.jpg,« gedbas.genealogy.net - Millions of community-contributed genealogy records,Gedbas,https://gedbas.genealogy.net,gedbas.genealogy.net,Education & Training,,Millions of community-contributed genealogy records,CEO Command Center,Strategy Assistant,"Strategy Assistant taps gedbas.genealogy.net for learning, research, or reference material. Drop key concepts into Blinko (RAG) so the rest of the Hive can recall them.",,free,free,low,,"1. Open https://gedbas.genealogy.net.
2. Note key takeaways into `Notes/inbox.org` or push to Blinko via `agentmemory MCP`.
3. Build a study-track in `05_PERSONAL/` if multi-week.",,rare knowledge,3,auto,2026-05-12,photo_topic=Platforms that unlock rare knowledge.. | ¢ passc.net/EarthlmpactDatabase   Every confirmed meteor crater mapped
EIC-0264,photo_ocr,FB_IMG_1778509192985.jpg,¢ geonames.org - Ancient place name etymology lookup,Geonames,https://geonames.org,geonames.org,Education & Training,,Ancient place name etymology lookup,CEO Command Center,Strategy Assistant,"Strategy Assistant taps geonames.org for learning, research, or reference material. Drop key concepts into Blinko (RAG) so the rest of the Hive can recall them.",,free,free,low,,"1. Open https://geonames.org.
2. Note key takeaways into `Notes/inbox.org` or push to Blinko via `agentmemory MCP`.
3. Build a study-track in `05_PERSONAL/` if multi-week.",,archaeology,3,auto,2026-05-12,photo_topic=Archaeology and History databases uncovering hidden Facts
EIC-0265,photo_ocr,FB_IMG_1778509192985.jpg,¢ histography.io - timeline of all Wikipedia history events,Histography,https://histography.io,histography.io,Education & Training,,timeline of all Wikipedia history events,CEO Command Center,Strategy Assistant,"Strategy Assistant taps histography.io for learning, research, or reference material. Drop key concepts into Blinko (RAG) so the rest of the Hive can recall them.",,free,free,low,,"1. Open https://histography.io.
2. Note key takeaways into `Notes/inbox.org` or push to Blinko via `agentmemory MCP`.
3. Build a study-track in `05_PERSONAL/` if multi-week.",,archaeology,3,auto,2026-05-12,photo_topic=Archaeology and History databases uncovering hidden Facts
EIC-0266,photo_ocr,FB_IMG_1778509230543.jpg,¢ howacarworks.com - Simple visuals of car parts working together,Howacarworks,https://howacarworks.com,howacarworks.com,Education & Training,,Simple visuals of car parts working together,CEO Command Center,Strategy Assistant,"Strategy Assistant taps howacarworks.com for learning, research, or reference material. Drop key concepts into Blinko (RAG) so the rest of the Hive can recall them.",,free,free,low,,"1. Open https://howacarworks.com.
2. Note key takeaways into `Notes/inbox.org` or push to Blinko via `agentmemory MCP`.
3. Build a study-track in `05_PERSONAL/` if multi-week.",,engine internals,3,auto,2026-05-12,photo_topic=Platforms to decode how different systems operate | e engine sim.parts   See engine internals move in real time
EIC-0267,photo_ocr,FB_IMG_1778509487954.jpg,"¢ hyperskill.org - Project-based courses in Python, Java,, Go and more",Hyperskill,https://hyperskill.org,hyperskill.org,Education & Training,,"Project-based courses in Python, Java,, Go and more",CEO Command Center,Strategy Assistant,"Strategy Assistant taps hyperskill.org for learning, research, or reference material. Drop key concepts into Blinko (RAG) so the rest of the Hive can recall them.",,free,free,low,,"1. Open https://hyperskill.org.
2. Note key takeaways into `Notes/inbox.org` or push to Blinko via `agentmemory MCP`.
3. Build a study-track in `05_PERSONAL/` if multi-week.",,expert faster,3,auto,2026-05-12,photo_topic=Sites that Can turn you into a Tech Expert faster.
EIC-0268,photo_ocr,FB_IMG_1778509497319.jpg,¢ idigbio.org - 200 million natural history museum specimens searchable,Idigbio,https://idigbio.org,idigbio.org,Education & Training,,200 million natural history museum specimens searchable,CEO Command Center,Strategy Assistant,"Strategy Assistant taps idigbio.org for learning, research, or reference material. Drop key concepts into Blinko (RAG) so the rest of the Hive can recall them.",,free,free,low,,"1. Open https://idigbio.org.
2. Note key takeaways into `Notes/inbox.org` or push to Blinko via `agentmemory MCP`.
3. Build a study-track in `05_PERSONAL/` if multi-week.",,rare knowledge,3,auto,2026-05-12,photo_topic=Platforms that unlock rare knowledge.. | ¢ passc.net/EarthlmpactDatabase   Every confirmed meteor crater mapped
EIC-0269,photo_ocr,FB_IMG_1778509497319.jpg,* impact.uwo.ca - Interactive global map of every Earth impact site,Impact,https://impact.uwo.ca,impact.uwo.ca,Education & Training,,Interactive global map of every Earth impact site,CEO Command Center,Strategy Assistant,"Strategy Assistant taps impact.uwo.ca for learning, research, or reference material. Drop key concepts into Blinko (RAG) so the rest of the Hive can recall them.",,free,free,low,,"1. Open https://impact.uwo.ca.
2. Note key takeaways into `Notes/inbox.org` or push to Blinko via `agentmemory MCP`.
3. Build a study-track in `05_PERSONAL/` if multi-week.",,rare knowledge,3,auto,2026-05-12,photo_topic=Platforms that unlock rare knowledge.. | ¢ passc.net/EarthlmpactDatabase   Every confirmed meteor crater mapped
EIC-0270,photo_ocr,FB_IMG_1778509230543.jpg,¢ internetexchangemap.com - Learn how internet traffic gets routed,Internetexchangemap,https://internetexchangemap.com,internetexchangemap.com,Education & Training,,Learn how internet traffic gets routed,CEO Command Center,Strategy Assistant,"Strategy Assistant taps internetexchangemap.com for learning, research, or reference material. Drop key concepts into Blinko (RAG) so the rest of the Hive can recall them.",,free,free,low,,"1. Open https://internetexchangemap.com.
2. Note key takeaways into `Notes/inbox.org` or push to Blinko via `agentmemory MCP`.
3. Build a study-track in `05_PERSONAL/` if multi-week.",,engine internals,3,auto,2026-05-12,photo_topic=Platforms to decode how different systems operate | e engine sim.parts   See engine internals move in real time
EIC-0271,photo_ocr,FB_IMG_1778509487954.jpg,¢ javascript.info - The most complete modern JavaScript guide .,Javascript,https://javascript.info,javascript.info,Education & Training,,The most complete modern JavaScript guide,CEO Command Center,Strategy Assistant,"Strategy Assistant taps javascript.info for learning, research, or reference material. Drop key concepts into Blinko (RAG) so the rest of the Hive can recall them.",,free,free,low,,"1. Open https://javascript.info.
2. Note key takeaways into `Notes/inbox.org` or push to Blinko via `agentmemory MCP`.
3. Build a study-track in `05_PERSONAL/` if multi-week.",,expert faster,3,auto,2026-05-12,photo_topic=Sites that Can turn you into a Tech Expert faster.
EIC-0272,photo_ocr,FB_IMG_1778509230543.jpg,¢ learn.sparkfun.com - electronics parts and how they function,Learn,https://learn.sparkfun.com,learn.sparkfun.com,Education & Training,,electronics parts and how they function,CEO Command Center,Strategy Assistant,"Strategy Assistant taps learn.sparkfun.com for learning, research, or reference material. Drop key concepts into Blinko (RAG) so the rest of the Hive can recall them.",,free,free,low,,"1. Open https://learn.sparkfun.com.
2. Note key takeaways into `Notes/inbox.org` or push to Blinko via `agentmemory MCP`.
3. Build a study-track in `05_PERSONAL/` if multi-week.",,engine internals,3,auto,2026-05-12,photo_topic=Platforms to decode how different systems operate | e engine sim.parts   See engine internals move in real time
EIC-0273,photo_ocr,FB_IMG_1778509230543.jpg,¢ learnabout-electronics.org - Understand electronic systems,Learnabout Electronics,https://learnabout-electronics.org,learnabout-electronics.org,Education & Training,,Understand electronic systems,CEO Command Center,Strategy Assistant,"Strategy Assistant taps learnabout-electronics.org for learning, research, or reference material. Drop key concepts into Blinko (RAG) so the rest of the Hive can recall them.",,free,free,low,,"1. Open https://learnabout-electronics.org.
2. Note key takeaways into `Notes/inbox.org` or push to Blinko via `agentmemory MCP`.
3. Build a study-track in `05_PERSONAL/` if multi-week.",,engine internals,3,auto,2026-05-12,photo_topic=Platforms to decode how different systems operate | e engine sim.parts   See engine internals move in real time
EIC-0274,photo_ocr,FB_IMG_1778509487954.jpg,¢ learnpython.org - Fully interactive Python tutorials directly in browser,Learnpython,https://learnpython.org,learnpython.org,Education & Training,,Fully interactive Python tutorials directly in browser,CEO Command Center,Strategy Assistant,"Strategy Assistant taps learnpython.org for learning, research, or reference material. Drop key concepts into Blinko (RAG) so the rest of the Hive can recall them.",,free,free,low,,"1. Open https://learnpython.org.
2. Note key takeaways into `Notes/inbox.org` or push to Blinko via `agentmemory MCP`.
3. Build a study-track in `05_PERSONAL/` if multi-week.",,expert faster,3,auto,2026-05-12,photo_topic=Sites that Can turn you into a Tech Expert faster.
EIC-0275,photo_ocr,FB_IMG_1778509487954.jpg,¢ learnshell.org - Interactive Shell and Bash scripting lessons in browser,Learnshell,https://learnshell.org,learnshell.org,Education & Training,,Interactive Shell and Bash scripting lessons in browser,CEO Command Center,Strategy Assistant,"Strategy Assistant taps learnshell.org for learning, research, or reference material. Drop key concepts into Blinko (RAG) so the rest of the Hive can recall them.",,free,free,low,,"1. Open https://learnshell.org.
2. Note key takeaways into `Notes/inbox.org` or push to Blinko via `agentmemory MCP`.
3. Build a study-track in `05_PERSONAL/` if multi-week.",,expert faster,3,auto,2026-05-12,photo_topic=Sites that Can turn you into a Tech Expert faster.
EIC-0276,photo_ocr,FB_IMG_1778509487954.jpg,¢ learnxinyminutes.com - Learn any programming language syntax .,Learnxinyminutes,https://learnxinyminutes.com,learnxinyminutes.com,Education & Training,,Learn any programming language syntax,CEO Command Center,Strategy Assistant,"Strategy Assistant taps learnxinyminutes.com for learning, research, or reference material. Drop key concepts into Blinko (RAG) so the rest of the Hive can recall them.",,free,free,low,,"1. Open https://learnxinyminutes.com.
2. Note key takeaways into `Notes/inbox.org` or push to Blinko via `agentmemory MCP`.
3. Build a study-track in `05_PERSONAL/` if multi-week.",,expert faster,3,auto,2026-05-12,photo_topic=Sites that Can turn you into a Tech Expert faster.
EIC-0277,photo_ocr,FB_IMG_1778509230543.jpg,¢ lightingdesignlab.com -understand Lighting systems designs,Lightingdesignlab,https://lightingdesignlab.com,lightingdesignlab.com,Education & Training,,understand Lighting systems designs,CEO Command Center,Strategy Assistant,"Strategy Assistant taps lightingdesignlab.com for learning, research, or reference material. Drop key concepts into Blinko (RAG) so the rest of the Hive can recall them.",,free,free,low,,"1. Open https://lightingdesignlab.com.
2. Note key takeaways into `Notes/inbox.org` or push to Blinko via `agentmemory MCP`.
3. Build a study-track in `05_PERSONAL/` if multi-week.",,engine internals,3,auto,2026-05-12,photo_topic=Platforms to decode how different systems operate | e engine sim.parts   See engine internals move in real time
EIC-0278,photo_ocr,FB_IMG_1778509487954.jpg,¢ linuxjourney.com - guided course through all Linux concepts.,Linuxjourney,https://linuxjourney.com,linuxjourney.com,Education & Training,,guided course through all Linux concepts,CEO Command Center,Strategy Assistant,"Strategy Assistant taps linuxjourney.com for learning, research, or reference material. Drop key concepts into Blinko (RAG) so the rest of the Hive can recall them.",,free,free,low,,"1. Open https://linuxjourney.com.
2. Note key takeaways into `Notes/inbox.org` or push to Blinko via `agentmemory MCP`.
3. Build a study-track in `05_PERSONAL/` if multi-week.",,expert faster,3,auto,2026-05-12,photo_topic=Sites that Can turn you into a Tech Expert faster.
EIC-0279,photo_ocr,FB_IMG_1778509192985.jpg,¢ lithiccastinglab.com - prehistoric stone tool identification resource,Lithiccastinglab,https://lithiccastinglab.com,lithiccastinglab.com,Education & Training,,prehistoric stone tool identification resource,CEO Command Center,Strategy Assistant,"Strategy Assistant taps lithiccastinglab.com for learning, research, or reference material. Drop key concepts into Blinko (RAG) so the rest of the Hive can recall them.",,free,free,low,,"1. Open https://lithiccastinglab.com.
2. Note key takeaways into `Notes/inbox.org` or push to Blinko via `agentmemory MCP`.
3. Build a study-track in `05_PERSONAL/` if multi-week.",,identification resource,3,auto,2026-05-12,photo_topic=Archaeology and History databases uncovering hidden Facts
EIC-0280,photo_ocr,FB_IMG_1778509487954.jpg,¢ missing.csail.mit.edu - MIT course on tools developers never formally learn,Missing,https://missing.csail.mit.edu,missing.csail.mit.edu,Education & Training,,MIT course on tools developers never formally learn,CEO Command Center,Strategy Assistant,"Strategy Assistant taps missing.csail.mit.edu for learning, research, or reference material. Drop key concepts into Blinko (RAG) so the rest of the Hive can recall them.",,free,free,low,,"1. Open https://missing.csail.mit.edu.
2. Note key takeaways into `Notes/inbox.org` or push to Blinko via `agentmemory MCP`.
3. Build a study-track in `05_PERSONAL/` if multi-week.",,expert faster,3,auto,2026-05-12,photo_topic=Sites that Can turn you into a Tech Expert faster.
EIC-0281,photo_ocr,FB_IMG_1778509230543.jpg,¢ mitmproxy.org - inspect application network transactions,Mitmproxy,https://mitmproxy.org,mitmproxy.org,Education & Training,,inspect application network transactions,CEO Command Center,Strategy Assistant,"Strategy Assistant taps mitmproxy.org for learning, research, or reference material. Drop key concepts into Blinko (RAG) so the rest of the Hive can recall them.",,free,free,low,,"1. Open https://mitmproxy.org.
2. Note key takeaways into `Notes/inbox.org` or push to Blinko via `agentmemory MCP`.
3. Build a study-track in `05_PERSONAL/` if multi-week.",,engine internals,3,auto,2026-05-12,photo_topic=Platforms to decode how different systems operate | e engine sim.parts   See engine internals move in real time
EIC-0282,photo_ocr,FB_IMG_1778509497319.jpg,* mnamon.sns.it - Every ancient writing system ever discovered explained,Mnamon,https://mnamon.sns.it,mnamon.sns.it,Education & Training,,Every ancient writing system ever discovered explained,CEO Command Center,Strategy Assistant,"Strategy Assistant taps mnamon.sns.it for learning, research, or reference material. Drop key concepts into Blinko (RAG) so the rest of the Hive can recall them.",,free,free,low,,"1. Open https://mnamon.sns.it.
2. Note key takeaways into `Notes/inbox.org` or push to Blinko via `agentmemory MCP`.
3. Build a study-track in `05_PERSONAL/` if multi-week.",,rare knowledge,3,auto,2026-05-12,photo_topic=Platforms that unlock rare knowledge.. | ¢ passc.net/EarthlmpactDatabase   Every confirmed meteor crater mapped
EIC-0283,photo_ocr,FB_IMG_1778509497319.jpg,« morphosource.org - Free 3D scans of rare museum fossils worldwide,Morphosource,https://morphosource.org,morphosource.org,Education & Training,,Free 3D scans of rare museum fossils worldwide,CEO Command Center,Strategy Assistant,"Strategy Assistant taps morphosource.org for learning, research, or reference material. Drop key concepts into Blinko (RAG) so the rest of the Hive can recall them.",,free,free,low,,"1. Open https://morphosource.org.
2. Note key takeaways into `Notes/inbox.org` or push to Blinko via `agentmemory MCP`.
3. Build a study-track in `05_PERSONAL/` if multi-week.",,rare knowledge,3,auto,2026-05-12,photo_topic=Platforms that unlock rare knowledge.. | ¢ passc.net/EarthlmpactDatabase   Every confirmed meteor crater mapped
EIC-0284,photo_ocr,FB_IMG_1778509230543.jpg,* nandgame.com - Build a computer from basic components.,Nandgame,https://nandgame.com,nandgame.com,Education & Training,,Build a computer from basic components,CEO Command Center,Strategy Assistant,"Strategy Assistant taps nandgame.com for learning, research, or reference material. Drop key concepts into Blinko (RAG) so the rest of the Hive can recall them.",,free,free,low,,"1. Open https://nandgame.com.
2. Note key takeaways into `Notes/inbox.org` or push to Blinko via `agentmemory MCP`.
3. Build a study-track in `05_PERSONAL/` if multi-week.",,engine internals,3,auto,2026-05-12,photo_topic=Platforms to decode how different systems operate | e engine sim.parts   See engine internals move in real time
EIC-0285,photo_ocr,FB_IMG_1778509230543.jpg,* navweaps.com - Naval weapon systems and firing mechanisms detailed,Navweaps,https://navweaps.com,navweaps.com,Education & Training,,Naval weapon systems and firing mechanisms detailed,CEO Command Center,Strategy Assistant,"Strategy Assistant taps navweaps.com for learning, research, or reference material. Drop key concepts into Blinko (RAG) so the rest of the Hive can recall them.",,free,free,low,,"1. Open https://navweaps.com.
2. Note key takeaways into `Notes/inbox.org` or push to Blinko via `agentmemory MCP`.
3. Build a study-track in `05_PERSONAL/` if multi-week.",,engine internals,3,auto,2026-05-12,photo_topic=Platforms to decode how different systems operate | e engine sim.parts   See engine internals move in real time
EIC-0286,photo_ocr,FB_IMG_1778509230543.jpg,¢ nuclear-power.com -explore Reactor systems and nuclear plant operations,Nuclear Power,https://nuclear-power.com,nuclear-power.com,Education & Training,,explore Reactor systems and nuclear plant operations,CEO Command Center,Strategy Assistant,"Strategy Assistant taps nuclear-power.com for learning, research, or reference material. Drop key concepts into Blinko (RAG) so the rest of the Hive can recall them.",,free,free,low,,"1. Open https://nuclear-power.com.
2. Note key takeaways into `Notes/inbox.org` or push to Blinko via `agentmemory MCP`.
3. Build a study-track in `05_PERSONAL/` if multi-week.",,engine internals,3,auto,2026-05-12,photo_topic=Platforms to decode how different systems operate | e engine sim.parts   See engine internals move in real time
EIC-0287,photo_ocr,FB_IMG_1778509192985.jpg,¢ numismatics.org - Ancient world coin collection and research,Numismatics,https://numismatics.org,numismatics.org,Education & Training,,Ancient world coin collection and research,CEO Command Center,Strategy Assistant,"Strategy Assistant taps numismatics.org for learning, research, or reference material. Drop key concepts into Blinko (RAG) so the rest of the Hive can recall them.",,free,free,low,,"1. Open https://numismatics.org.
2. Note key takeaways into `Notes/inbox.org` or push to Blinko via `agentmemory MCP`.
3. Build a study-track in `05_PERSONAL/` if multi-week.",,archaeology,3,auto,2026-05-12,photo_topic=Archaeology and History databases uncovering hidden Facts
EIC-0288,photo_ocr,FB_IMG_1778509507011.jpg,° opencontext.org - Free archaeological excavation data worldwide,Opencontext,https://opencontext.org,opencontext.org,Education & Training,,Free archaeological excavation data worldwide,CEO Command Center,Strategy Assistant,"Strategy Assistant taps opencontext.org for learning, research, or reference material. Drop key concepts into Blinko (RAG) so the rest of the Hive can recall them.",,free,free,low,,"1. Open https://opencontext.org.
2. Note key takeaways into `Notes/inbox.org` or push to Blinko via `agentmemory MCP`.
3. Build a study-track in `05_PERSONAL/` if multi-week.",,archaeological,3,auto,2026-05-12,photo_topic=platforms for finding hard to  access information..
EIC-0289,photo_ocr,FB_IMG_1778509230543.jpg,¢ opendss.epri.com - Explore power distribution and voltage control,Opendss,https://opendss.epri.com,opendss.epri.com,Education & Training,,Explore power distribution and voltage control,CEO Command Center,Strategy Assistant,"Strategy Assistant taps opendss.epri.com for learning, research, or reference material. Drop key concepts into Blinko (RAG) so the rest of the Hive can recall them.",,free,free,low,,"1. Open https://opendss.epri.com.
2. Note key takeaways into `Notes/inbox.org` or push to Blinko via `agentmemory MCP`.
3. Build a study-track in `05_PERSONAL/` if multi-week.",,engine internals,3,auto,2026-05-12,photo_topic=Platforms to decode how different systems operate | e engine sim.parts   See engine internals move in real time
EIC-0290,photo_ocr,FB_IMG_1778509497319.jpg,¢ orbis.stanford.edu - Roman road network rebuilt with ancient travel times,Orbis,https://orbis.stanford.edu,orbis.stanford.edu,Education & Training,,Roman road network rebuilt with ancient travel times,CEO Command Center,Strategy Assistant,"Strategy Assistant taps orbis.stanford.edu for learning, research, or reference material. Drop key concepts into Blinko (RAG) so the rest of the Hive can recall them.",,free,free,low,,"1. Open https://orbis.stanford.edu.
2. Note key takeaways into `Notes/inbox.org` or push to Blinko via `agentmemory MCP`.
3. Build a study-track in `05_PERSONAL/` if multi-week.",,rare knowledge,3,auto,2026-05-12,photo_topic=Platforms that unlock rare knowledge.. | ¢ passc.net/EarthlmpactDatabase   Every confirmed meteor crater mapped
EIC-0291,photo_ocr,FB_IMG_1778509487954.jpg,¢ overthewire.org - Linux and security wargames from beginner level .,Overthewire,https://overthewire.org,overthewire.org,Education & Training,,Linux and security wargames from beginner level,CEO Command Center,Strategy Assistant,"Strategy Assistant taps overthewire.org for learning, research, or reference material. Drop key concepts into Blinko (RAG) so the rest of the Hive can recall them.",,free,free,low,,"1. Open https://overthewire.org.
2. Note key takeaways into `Notes/inbox.org` or push to Blinko via `agentmemory MCP`.
3. Build a study-track in `05_PERSONAL/` if multi-week.",,expert faster,3,auto,2026-05-12,photo_topic=Sites that Can turn you into a Tech Expert faster.
EIC-0292,photo_ocr,FB_IMG_1778509192985.jpg,¢ pelagios.org - Linking ancient world data across platforms,Pelagios,https://pelagios.org,pelagios.org,Education & Training,,Linking ancient world data across platforms,CEO Command Center,Strategy Assistant,"Strategy Assistant taps pelagios.org for learning, research, or reference material. Drop key concepts into Blinko (RAG) so the rest of the Hive can recall them.",,free,free,low,,"1. Open https://pelagios.org.
2. Note key takeaways into `Notes/inbox.org` or push to Blinko via `agentmemory MCP`.
3. Build a study-track in `05_PERSONAL/` if multi-week.",,archaeology,3,auto,2026-05-12,photo_topic=Archaeology and History databases uncovering hidden Facts
EIC-0293,photo_ocr,FB_IMG_1778509497319.jpg,¢ pleiades.stoa.org - GPS coordinates of every known ancient settlement,Pleiades,https://pleiades.stoa.org,pleiades.stoa.org,Education & Training,,GPS coordinates of every known ancient settlement,CEO Command Center,Strategy Assistant,"Strategy Assistant taps pleiades.stoa.org for learning, research, or reference material. Drop key concepts into Blinko (RAG) so the rest of the Hive can recall them.",,free,free,low,,"1. Open https://pleiades.stoa.org.
2. Note key takeaways into `Notes/inbox.org` or push to Blinko via `agentmemory MCP`.
3. Build a study-track in `05_PERSONAL/` if multi-week.",,rare knowledge,3,auto,2026-05-12,photo_topic=Platforms that unlock rare knowledge.. | ¢ passc.net/EarthlmpactDatabase   Every confirmed meteor crater mapped
EIC-0294,photo_ocr,FB_IMG_1778509230543.jpg,¢ practicalmachinist.com - understand metalworking systems,Practicalmachinist,https://practicalmachinist.com,practicalmachinist.com,Education & Training,,understand metalworking systems,CEO Command Center,Strategy Assistant,"Strategy Assistant taps practicalmachinist.com for learning, research, or reference material. Drop key concepts into Blinko (RAG) so the rest of the Hive can recall them.",,free,free,low,,"1. Open https://practicalmachinist.com.
2. Note key takeaways into `Notes/inbox.org` or push to Blinko via `agentmemory MCP`.
3. Build a study-track in `05_PERSONAL/` if multi-week.",,engine internals,3,auto,2026-05-12,photo_topic=Platforms to decode how different systems operate | e engine sim.parts   See engine internals move in real time
EIC-0295,photo_ocr,FB_IMG_1778509487954.jpg,¢ projecteuler.net - programming problems for deep computational thinking..,Projecteuler,https://projecteuler.net,projecteuler.net,Education & Training,,programming problems for deep computational thinking,CEO Command Center,Strategy Assistant,"Strategy Assistant taps projecteuler.net for learning, research, or reference material. Drop key concepts into Blinko (RAG) so the rest of the Hive can recall them.",,free,free,low,,"1. Open https://projecteuler.net.
2. Note key takeaways into `Notes/inbox.org` or push to Blinko via `agentmemory MCP`.
3. Build a study-track in `05_PERSONAL/` if multi-week.",,expert faster,3,auto,2026-05-12,photo_topic=Sites that Can turn you into a Tech Expert faster.
EIC-0296,photo_ocr,FB_IMG_1778509230543.jpg,¢ realpars.com - lessons on industrial automation and control systems,Realpars,https://realpars.com,realpars.com,Education & Training,,lessons on industrial automation and control systems,CEO Command Center,Strategy Assistant,"Strategy Assistant taps realpars.com for learning, research, or reference material. Drop key concepts into Blinko (RAG) so the rest of the Hive can recall them.",,free,free,low,,"1. Open https://realpars.com.
2. Note key takeaways into `Notes/inbox.org` or push to Blinko via `agentmemory MCP`.
3. Build a study-track in `05_PERSONAL/` if multi-week.",,engine internals,3,auto,2026-05-12,photo_topic=Platforms to decode how different systems operate | e engine sim.parts   See engine internals move in real time
EIC-0297,photo_ocr,FB_IMG_1778509487954.jpg,¢ refactoring.guru - Design patterns and code smells explained .,Refactoring,https://refactoring.guru,refactoring.guru,Education & Training,,Design patterns and code smells explained,CEO Command Center,Strategy Assistant,"Strategy Assistant taps refactoring.guru for learning, research, or reference material. Drop key concepts into Blinko (RAG) so the rest of the Hive can recall them.",,free,free,low,,"1. Open https://refactoring.guru.
2. Note key takeaways into `Notes/inbox.org` or push to Blinko via `agentmemory MCP`.
3. Build a study-track in `05_PERSONAL/` if multi-week.",,expert faster,3,auto,2026-05-12,photo_topic=Sites that Can turn you into a Tech Expert faster.
EIC-0298,photo_ocr,FB_IMG_1778509487954.jpg,* regexone.com - Master regular expressions through guided practices.,Regexone,https://regexone.com,regexone.com,Education & Training,,Master regular expressions through guided practices,CEO Command Center,Strategy Assistant,"Strategy Assistant taps regexone.com for learning, research, or reference material. Drop key concepts into Blinko (RAG) so the rest of the Hive can recall them.",,free,free,low,,"1. Open https://regexone.com.
2. Note key takeaways into `Notes/inbox.org` or push to Blinko via `agentmemory MCP`.
3. Build a study-track in `05_PERSONAL/` if multi-week.",,expert faster,3,auto,2026-05-12,photo_topic=Sites that Can turn you into a Tech Expert faster.
EIC-0299,photo_ocr,FB_IMG_1778509230543.jpg,« rfglobalnet.com - Radio frequency systems and wireless signal behavior,Rfglobalnet,https://rfglobalnet.com,rfglobalnet.com,Education & Training,,Radio frequency systems and wireless signal behavior,CEO Command Center,Strategy Assistant,"Strategy Assistant taps rfglobalnet.com for learning, research, or reference material. Drop key concepts into Blinko (RAG) so the rest of the Hive can recall them.",,free,free,low,,"1. Open https://rfglobalnet.com.
2. Note key takeaways into `Notes/inbox.org` or push to Blinko via `agentmemory MCP`.
3. Build a study-track in `05_PERSONAL/` if multi-week.",,engine internals,3,auto,2026-05-12,photo_topic=Platforms to decode how different systems operate | e engine sim.parts   See engine internals move in real time
EIC-0300,photo_ocr,FB_IMG_1778509487954.jpg,¢ roadmap.sh - learning roadmaps for every developer role.,Roadmap,https://roadmap.sh,roadmap.sh,Education & Training,,learning roadmaps for every developer role,CEO Command Center,Strategy Assistant,"Strategy Assistant taps roadmap.sh for learning, research, or reference material. Drop key concepts into Blinko (RAG) so the rest of the Hive can recall them.",,free,free,low,,"1. Open https://roadmap.sh.
2. Note key takeaways into `Notes/inbox.org` or push to Blinko via `agentmemory MCP`.
3. Build a study-track in `05_PERSONAL/` if multi-week.",,expert faster,3,auto,2026-05-12,photo_topic=Sites that Can turn you into a Tech Expert faster.
EIC-0301,photo_ocr,FB_IMG_1778509230543.jpg,¢ roboticsbiz.com - Learn how robots work in industries,Roboticsbiz,https://roboticsbiz.com,roboticsbiz.com,Education & Training,,Learn how robots work in industries,CEO Command Center,Strategy Assistant,"Strategy Assistant taps roboticsbiz.com for learning, research, or reference material. Drop key concepts into Blinko (RAG) so the rest of the Hive can recall them.",,free,free,low,,"1. Open https://roboticsbiz.com.
2. Note key takeaways into `Notes/inbox.org` or push to Blinko via `agentmemory MCP`.
3. Build a study-track in `05_PERSONAL/` if multi-week.",,engine internals,3,auto,2026-05-12,photo_topic=Platforms to decode how different systems operate | e engine sim.parts   See engine internals move in real time
EIC-0302,photo_ocr,FB_IMG_1778509487954.jpg,¢ scrimba.com - Edit live code inside tutorial videos mid-playback,Scrimba,https://scrimba.com,scrimba.com,Education & Training,,Edit live code inside tutorial videos mid-playback,CEO Command Center,Strategy Assistant,"Strategy Assistant taps scrimba.com for learning, research, or reference material. Drop key concepts into Blinko (RAG) so the rest of the Hive can recall them.",,free,free,low,,"1. Open https://scrimba.com.
2. Note key takeaways into `Notes/inbox.org` or push to Blinko via `agentmemory MCP`.
3. Build a study-track in `05_PERSONAL/` if multi-week.",,expert faster,3,auto,2026-05-12,photo_topic=Sites that Can turn you into a Tech Expert faster.
EIC-0303,photo_ocr,FB_IMG_1778509230543.jpg,* semiengineering.com - Semiconductor fabrication systems explained,Semiengineering,https://semiengineering.com,semiengineering.com,Education & Training,,Semiconductor fabrication systems explained,CEO Command Center,Strategy Assistant,"Strategy Assistant taps semiengineering.com for learning, research, or reference material. Drop key concepts into Blinko (RAG) so the rest of the Hive can recall them.",,free,free,low,,"1. Open https://semiengineering.com.
2. Note key takeaways into `Notes/inbox.org` or push to Blinko via `agentmemory MCP`.
3. Build a study-track in `05_PERSONAL/` if multi-week.",,engine internals,3,auto,2026-05-12,photo_topic=Platforms to decode how different systems operate | e engine sim.parts   See engine internals move in real time
EIC-0304,photo_ocr,FB_IMG_1778509487954.jpg,¢ sqlbolt.com - Learn SQL with instant in-browser interactive exercises,Sqlbolt,https://sqlbolt.com,sqlbolt.com,Education & Training,,Learn SQL with instant in-browser interactive exercises,CEO Command Center,Strategy Assistant,"Strategy Assistant taps sqlbolt.com for learning, research, or reference material. Drop key concepts into Blinko (RAG) so the rest of the Hive can recall them.",,free,free,low,,"1. Open https://sqlbolt.com.
2. Note key takeaways into `Notes/inbox.org` or push to Blinko via `agentmemory MCP`.
3. Build a study-track in `05_PERSONAL/` if multi-week.",,expert faster,3,auto,2026-05-12,photo_topic=Sites that Can turn you into a Tech Expert faster.
EIC-0305,photo_ocr,FB_IMG_1778509487954.jpg,¢ sqlzoo.net - Interactive SQL exercises across multiple database systems,Sqlzoo,https://sqlzoo.net,sqlzoo.net,Education & Training,,Interactive SQL exercises across multiple database systems,CEO Command Center,Strategy Assistant,"Strategy Assistant taps sqlzoo.net for learning, research, or reference material. Drop key concepts into Blinko (RAG) so the rest of the Hive can recall them.",,free,free,low,,"1. Open https://sqlzoo.net.
2. Note key takeaways into `Notes/inbox.org` or push to Blinko via `agentmemory MCP`.
3. Build a study-track in `05_PERSONAL/` if multi-week.",,expert faster,3,auto,2026-05-12,photo_topic=Sites that Can turn you into a Tech Expert faster.
EIC-0306,photo_ocr,FB_IMG_1778509497319.jpg,¢ submarinecablemap.com - Every undersea internet cable crossing the oceans,Submarinecablemap,https://submarinecablemap.com,submarinecablemap.com,Education & Training,,Every undersea internet cable crossing the oceans,CEO Command Center,Strategy Assistant,"Strategy Assistant taps submarinecablemap.com for learning, research, or reference material. Drop key concepts into Blinko (RAG) so the rest of the Hive can recall them.",,free,free,low,,"1. Open https://submarinecablemap.com.
2. Note key takeaways into `Notes/inbox.org` or push to Blinko via `agentmemory MCP`.
3. Build a study-track in `05_PERSONAL/` if multi-week.",,rare knowledge,3,auto,2026-05-12,photo_topic=Platforms that unlock rare knowledge.. | ¢ passc.net/EarthlmpactDatabase   Every confirmed meteor crater mapped
EIC-0307,photo_ocr,FB_IMG_1778509487954.jpg,¢ takeuforward.org - Structured DSA sheets.. trusted .,Takeuforward,https://takeuforward.org,takeuforward.org,Education & Training,,Structured DSA sheets.. trusted,CEO Command Center,Strategy Assistant,"Strategy Assistant taps takeuforward.org for learning, research, or reference material. Drop key concepts into Blinko (RAG) so the rest of the Hive can recall them.",,free,free,low,,"1. Open https://takeuforward.org.
2. Note key takeaways into `Notes/inbox.org` or push to Blinko via `agentmemory MCP`.
3. Build a study-track in `05_PERSONAL/` if multi-week.",,expert faster,3,auto,2026-05-12,photo_topic=Sites that Can turn you into a Tech Expert faster.
EIC-0308,photo_ocr,FB_IMG_1778509497319.jpg,¢ talkbank.org - Largest database of human spoken language,Talkbank,https://talkbank.org,talkbank.org,Education & Training,,Largest database of human spoken language,CEO Command Center,Strategy Assistant,"Strategy Assistant taps talkbank.org for learning, research, or reference material. Drop key concepts into Blinko (RAG) so the rest of the Hive can recall them.",,free,free,low,,"1. Open https://talkbank.org.
2. Note key takeaways into `Notes/inbox.org` or push to Blinko via `agentmemory MCP`.
3. Build a study-track in `05_PERSONAL/` if multi-week.",,rare knowledge,3,auto,2026-05-12,photo_topic=Platforms that unlock rare knowledge.. | ¢ passc.net/EarthlmpactDatabase   Every confirmed meteor crater mapped
EIC-0309,photo_ocr,FB_IMG_1778509230543.jpg,¢ tanks-encyclopedia.com - breakdowns of armored vehicle systems,Tanks Encyclopedia,https://tanks-encyclopedia.com,tanks-encyclopedia.com,Education & Training,,breakdowns of armored vehicle systems,CEO Command Center,Strategy Assistant,"Strategy Assistant taps tanks-encyclopedia.com for learning, research, or reference material. Drop key concepts into Blinko (RAG) so the rest of the Hive can recall them.",,free,free,low,,"1. Open https://tanks-encyclopedia.com.
2. Note key takeaways into `Notes/inbox.org` or push to Blinko via `agentmemory MCP`.
3. Build a study-track in `05_PERSONAL/` if multi-week.",,engine internals,3,auto,2026-05-12,photo_topic=Platforms to decode how different systems operate | e engine sim.parts   See engine internals move in real time
EIC-0310,photo_ocr,FB_IMG_1778509487954.jpg,¢ teachyourselfcs.com - world-class CS curriculum using free resources,Teachyourselfcs,https://teachyourselfcs.com,teachyourselfcs.com,Education & Training,,world-class CS curriculum using free resources,CEO Command Center,Strategy Assistant,"Strategy Assistant taps teachyourselfcs.com for learning, research, or reference material. Drop key concepts into Blinko (RAG) so the rest of the Hive can recall them.",,free,free,low,,"1. Open https://teachyourselfcs.com.
2. Note key takeaways into `Notes/inbox.org` or push to Blinko via `agentmemory MCP`.
3. Build a study-track in `05_PERSONAL/` if multi-week.",,expert faster,3,auto,2026-05-12,photo_topic=Sites that Can turn you into a Tech Expert faster.
EIC-0311,photo_ocr,FB_IMG_1778509497319.jpg,¢ the-saleroom.com - Historical auction records for rare antiques worldwide,The Saleroom,https://the-saleroom.com,the-saleroom.com,Education & Training,,Historical auction records for rare antiques worldwide,CEO Command Center,Strategy Assistant,"Strategy Assistant taps the-saleroom.com for learning, research, or reference material. Drop key concepts into Blinko (RAG) so the rest of the Hive can recall them.",,free,free,low,,"1. Open https://the-saleroom.com.
2. Note key takeaways into `Notes/inbox.org` or push to Blinko via `agentmemory MCP`.
3. Build a study-track in `05_PERSONAL/` if multi-week.",,rare knowledge,3,auto,2026-05-12,photo_topic=Platforms that unlock rare knowledge.. | ¢ passc.net/EarthlmpactDatabase   Every confirmed meteor crater mapped
EIC-0312,photo_ocr,FB_IMG_1778509497319.jpg,« theoi.com - Ancient Greek mythology sourced from original texts,Theoi,https://theoi.com,theoi.com,Education & Training,,Ancient Greek mythology sourced from original texts,CEO Command Center,Strategy Assistant,"Strategy Assistant taps theoi.com for learning, research, or reference material. Drop key concepts into Blinko (RAG) so the rest of the Hive can recall them.",,free,free,low,,"1. Open https://theoi.com.
2. Note key takeaways into `Notes/inbox.org` or push to Blinko via `agentmemory MCP`.
3. Build a study-track in `05_PERSONAL/` if multi-week.",,rare knowledge,3,auto,2026-05-12,photo_topic=Platforms that unlock rare knowledge.. | ¢ passc.net/EarthlmpactDatabase   Every confirmed meteor crater mapped
EIC-0313,photo_ocr,FB_IMG_1778509192985.jpg,¢ topostext.org - Ancient literary texts linked to places,Topostext,https://topostext.org,topostext.org,Education & Training,,Ancient literary texts linked to places,CEO Command Center,Strategy Assistant,"Strategy Assistant taps topostext.org for learning, research, or reference material. Drop key concepts into Blinko (RAG) so the rest of the Hive can recall them.",,free,free,low,,"1. Open https://topostext.org.
2. Note key takeaways into `Notes/inbox.org` or push to Blinko via `agentmemory MCP`.
3. Build a study-track in `05_PERSONAL/` if multi-week.",,archaeology,3,auto,2026-05-12,photo_topic=Archaeology and History databases uncovering hidden Facts
EIC-0314,photo_ocr,FB_IMG_1778509497319.jpg,¢ treasurenet.com - World's largest lost mines and treasure database.,Treasurenet,https://treasurenet.com,treasurenet.com,Education & Training,,World's largest lost mines and treasure database,CEO Command Center,Strategy Assistant,"Strategy Assistant taps treasurenet.com for learning, research, or reference material. Drop key concepts into Blinko (RAG) so the rest of the Hive can recall them.",,free,free,low,,"1. Open https://treasurenet.com.
2. Note key takeaways into `Notes/inbox.org` or push to Blinko via `agentmemory MCP`.
3. Build a study-track in `05_PERSONAL/` if multi-week.",,rare knowledge,3,auto,2026-05-12,photo_topic=Platforms that unlock rare knowledge.. | ¢ passc.net/EarthlmpactDatabase   Every confirmed meteor crater mapped
EIC-0315,photo_ocr,FB_IMG_1778509497319.jpg,¢ tropicos.org - 1.4 million plant names with 4 million specimens,Tropicos,https://tropicos.org,tropicos.org,Education & Training,,1.4 million plant names with 4 million specimens,CEO Command Center,Strategy Assistant,"Strategy Assistant taps tropicos.org for learning, research, or reference material. Drop key concepts into Blinko (RAG) so the rest of the Hive can recall them.",,free,free,low,,"1. Open https://tropicos.org.
2. Note key takeaways into `Notes/inbox.org` or push to Blinko via `agentmemory MCP`.
3. Build a study-track in `05_PERSONAL/` if multi-week.",,rare knowledge,3,auto,2026-05-12,photo_topic=Platforms that unlock rare knowledge.. | ¢ passc.net/EarthlmpactDatabase   Every confirmed meteor crater mapped
EIC-0316,photo_ocr,FB_IMG_1778509192985.jpg,¢ trowelblazers.com - Database of archaeologists and discoveries,Trowelblazers,https://trowelblazers.com,trowelblazers.com,Education & Training,,Database of archaeologists and discoveries,CEO Command Center,Strategy Assistant,"Strategy Assistant taps trowelblazers.com for learning, research, or reference material. Drop key concepts into Blinko (RAG) so the rest of the Hive can recall them.",,free,free,low,,"1. Open https://trowelblazers.com.
2. Note key takeaways into `Notes/inbox.org` or push to Blinko via `agentmemory MCP`.
3. Build a study-track in `05_PERSONAL/` if multi-week.",,archaeology,3,auto,2026-05-12,photo_topic=Archaeology and History databases uncovering hidden Facts
EIC-0317,photo_ocr,FB_IMG_1778509192985.jpg,¢ vici.org - map of ancient world sites,Vici,https://vici.org,vici.org,Education & Training,,map of ancient world sites,CEO Command Center,Strategy Assistant,"Strategy Assistant taps vici.org for learning, research, or reference material. Drop key concepts into Blinko (RAG) so the rest of the Hive can recall them.",,free,free,low,,"1. Open https://vici.org.
2. Note key takeaways into `Notes/inbox.org` or push to Blinko via `agentmemory MCP`.
3. Build a study-track in `05_PERSONAL/` if multi-week.",,archaeology,3,auto,2026-05-12,photo_topic=Archaeology and History databases uncovering hidden Facts
EIC-0318,photo_ocr,FB_IMG_1778509487954.jpg,¢ visualgo.net - Algorithms and data structures animated .,Visualgo,https://visualgo.net,visualgo.net,Education & Training,,Algorithms and data structures animated,CEO Command Center,Strategy Assistant,"Strategy Assistant taps visualgo.net for learning, research, or reference material. Drop key concepts into Blinko (RAG) so the rest of the Hive can recall them.",,free,free,low,,"1. Open https://visualgo.net.
2. Note key takeaways into `Notes/inbox.org` or push to Blinko via `agentmemory MCP`.
3. Build a study-track in `05_PERSONAL/` if multi-week.",,expert faster,3,auto,2026-05-12,photo_topic=Sites that Can turn you into a Tech Expert faster.
EIC-0319,photo_ocr,FB_IMG_1778509497319.jpg,"¢ wikiart.org - 250,000 artworks with full provenance history",Wikiart,https://wikiart.org,wikiart.org,Education & Training,,"250,000 artworks with full provenance history",CEO Command Center,Strategy Assistant,"Strategy Assistant taps wikiart.org for learning, research, or reference material. Drop key concepts into Blinko (RAG) so the rest of the Hive can recall them.",,free,free,low,,"1. Open https://wikiart.org.
2. Note key takeaways into `Notes/inbox.org` or push to Blinko via `agentmemory MCP`.
3. Build a study-track in `05_PERSONAL/` if multi-week.",,rare knowledge,3,auto,2026-05-12,photo_topic=Platforms that unlock rare knowledge.. | ¢ passc.net/EarthlmpactDatabase   Every confirmed meteor crater mapped
EIC-0320,photo_ocr,FB_IMG_1778509497319.jpg,¢ wikimapia.org - Millions of crowdsourced hidden locations globally mapped,Wikimapia,https://wikimapia.org,wikimapia.org,Education & Training,,Millions of crowdsourced hidden locations globally mapped,CEO Command Center,Strategy Assistant,"Strategy Assistant taps wikimapia.org for learning, research, or reference material. Drop key concepts into Blinko (RAG) so the rest of the Hive can recall them.",,free,free,low,,"1. Open https://wikimapia.org.
2. Note key takeaways into `Notes/inbox.org` or push to Blinko via `agentmemory MCP`.
3. Build a study-track in `05_PERSONAL/` if multi-week.",,rare knowledge,3,auto,2026-05-12,photo_topic=Platforms that unlock rare knowledge.. | ¢ passc.net/EarthlmpactDatabase   Every confirmed meteor crater mapped
EIC-0321,photo_ocr,FB_IMG_1778509192985.jpg,"¢ worldhist.org - Interactive political map,,,, ancient to modern",Worldhist,https://worldhist.org,worldhist.org,Education & Training,,"Interactive political map,,,, ancient to modern",CEO Command Center,Strategy Assistant,"Strategy Assistant taps worldhist.org for learning, research, or reference material. Drop key concepts into Blinko (RAG) so the rest of the Hive can recall them.",,free,free,low,,"1. Open https://worldhist.org.
2. Note key takeaways into `Notes/inbox.org` or push to Blinko via `agentmemory MCP`.
3. Build a study-track in `05_PERSONAL/` if multi-week.",,archaeology,3,auto,2026-05-12,photo_topic=Archaeology and History databases uncovering hidden Facts
EIC-0322,photo_ocr,FB_IMG_1778509192985.jpg,¢ worldhistory.org - global ancient civilizations encyclopedia,Worldhistory,https://worldhistory.org,worldhistory.org,Education & Training,,global ancient civilizations encyclopedia,CEO Command Center,Strategy Assistant,"Strategy Assistant taps worldhistory.org for learning, research, or reference material. Drop key concepts into Blinko (RAG) so the rest of the Hive can recall them.",,free,free,low,,"1. Open https://worldhistory.org.
2. Note key takeaways into `Notes/inbox.org` or push to Blinko via `agentmemory MCP`.
3. Build a study-track in `05_PERSONAL/` if multi-week.",,archaeology,3,auto,2026-05-12,photo_topic=Archaeology and History databases uncovering hidden Facts
EIC-0323,photo_ocr,FB_IMG_1778509497319.jpg,* zooniverse.org - Hundreds of live science research projects,Zooniverse,https://zooniverse.org,zooniverse.org,Education & Training,,Hundreds of live science research projects,CEO Command Center,Strategy Assistant,"Strategy Assistant taps zooniverse.org for learning, research, or reference material. Drop key concepts into Blinko (RAG) so the rest of the Hive can recall them.",,free,free,low,,"1. Open https://zooniverse.org.
2. Note key takeaways into `Notes/inbox.org` or push to Blinko via `agentmemory MCP`.
3. Build a study-track in `05_PERSONAL/` if multi-week.",,rare knowledge,3,auto,2026-05-12,photo_topic=Platforms that unlock rare knowledge.. | ¢ passc.net/EarthlmpactDatabase   Every confirmed meteor crater mapped
EIC-0324,photo_ocr,FB_IMG_1778509282893.jpg,- alzforum.org — Alzheimer’s mutations and biomarker tracking,Alzforum,https://alzforum.org,alzforum.org,Health & Environment,,Alzheimer’s mutations and biomarker tracking,Disaster Response Desk,Helix Patel,"Helix Patel uses alzforum.org for public health, environmental quality, or biotech signals. Useful for both disaster response and product/biotech opportunity scouting.",,free,free,low,,"1. Open https://alzforum.org.
2. Pull: `intel pull alzforum.org` for latest update.
3. For ongoing health monitoring, add to disaster-watch cron.",,healthcare information,3,auto,2026-05-12,photo_topic=Must know healthcare information systems
EIC-0325,photo_ocr,FB_IMG_1778509282893.jpg,« bio.tools - thousands of biomedical research tools.,Bio,https://bio.tools,bio.tools,Health & Environment,,thousands of biomedical research tools,Disaster Response Desk,Helix Patel,"Helix Patel uses bio.tools for public health, environmental quality, or biotech signals. Useful for both disaster response and product/biotech opportunity scouting.",,free,free,low,,"1. Open https://bio.tools.
2. Pull: `intel pull bio.tools` for latest update.
3. For ongoing health monitoring, add to disaster-watch cron.",,healthcare information,3,auto,2026-05-12,photo_topic=Must know healthcare information systems
EIC-0326,photo_ocr,FB_IMG_1778509203937.jpg,¢ bioacoustica.org - wildlife sound recording archive,Bioacoustica,https://bioacoustica.org,bioacoustica.org,Health & Environment,,wildlife sound recording archive,Disaster Response Desk,Helix Patel,"Helix Patel uses bioacoustica.org for public health, environmental quality, or biotech signals. Useful for both disaster response and product/biotech opportunity scouting.",,free,free,low,,"1. Open https://bioacoustica.org.
2. Pull: `intel pull bioacoustica.org` for latest update.
3. For ongoing health monitoring, add to disaster-watch cron.",,ocean species,3,auto,2026-05-12,"photo_topic=Platforms for Exploring Nature, Wildlife, and Ecosystem | e obis.org   Global ocean species occurrence database"
EIC-0327,photo_ocr,FB_IMG_1778509203937.jpg,¢ birdcast.org - Live bird migration radar forecasts,Birdcast,https://birdcast.org,birdcast.org,Health & Environment,,Live bird migration radar forecasts,Disaster Response Desk,Helix Patel,"Helix Patel uses birdcast.org for public health, environmental quality, or biotech signals. Useful for both disaster response and product/biotech opportunity scouting.",,free,free,low,,"1. Open https://birdcast.org.
2. Pull: `intel pull birdcast.org` for latest update.
3. For ongoing health monitoring, add to disaster-watch cron.",,ocean species,3,auto,2026-05-12,"photo_topic=Platforms for Exploring Nature, Wildlife, and Ecosystem | e obis.org   Global ocean species occurrence database"
EIC-0328,photo_ocr,FB_IMG_1778509282893.jpg,« bloodexposome.org - Chemicals detected in human blood,Bloodexposome,https://bloodexposome.org,bloodexposome.org,Health & Environment,,Chemicals detected in human blood,Disaster Response Desk,Helix Patel,"Helix Patel uses bloodexposome.org for public health, environmental quality, or biotech signals. Useful for both disaster response and product/biotech opportunity scouting.",,free,free,low,,"1. Open https://bloodexposome.org.
2. Pull: `intel pull bloodexposome.org` for latest update.
3. For ongoing health monitoring, add to disaster-watch cron.",,healthcare information,3,auto,2026-05-12,photo_topic=Must know healthcare information systems
EIC-0329,photo_ocr,FB_IMG_1778509203937.jpg,¢ calflora.org - California plant observation and mapping,Calflora,https://calflora.org,calflora.org,Health & Environment,,California plant observation and mapping,Disaster Response Desk,Helix Patel,"Helix Patel uses calflora.org for public health, environmental quality, or biotech signals. Useful for both disaster response and product/biotech opportunity scouting.",,free,free,low,,"1. Open https://calflora.org.
2. Pull: `intel pull calflora.org` for latest update.
3. For ongoing health monitoring, add to disaster-watch cron.",,ocean species,3,auto,2026-05-12,"photo_topic=Platforms for Exploring Nature, Wildlife, and Ecosystem | e obis.org   Global ocean species occurrence database"
EIC-0330,photo_ocr,FB_IMG_1778509203937.jpg,¢ calphotos.berkeley.edu - specimen photos reference library,Calphotos,https://calphotos.berkeley.edu,calphotos.berkeley.edu,Health & Environment,,specimen photos reference library,Disaster Response Desk,Helix Patel,"Helix Patel uses calphotos.berkeley.edu for public health, environmental quality, or biotech signals. Useful for both disaster response and product/biotech opportunity scouting.",,free,free,low,,"1. Open https://calphotos.berkeley.edu.
2. Pull: `intel pull calphotos.berkeley.edu` for latest update.
3. For ongoing health monitoring, add to disaster-watch cron.",,ocean species,3,auto,2026-05-12,"photo_topic=Platforms for Exploring Nature, Wildlife, and Ecosystem | e obis.org   Global ocean species occurrence database"
EIC-0331,photo_ocr,FB_IMG_1778509282893.jpg,- cellimagelibrary.org — Thousands of labeled cell microscopy images,Cellimagelibrary,https://cellimagelibrary.org,cellimagelibrary.org,Health & Environment,,Thousands of labeled cell microscopy images,Disaster Response Desk,Helix Patel,"Helix Patel uses cellimagelibrary.org for public health, environmental quality, or biotech signals. Useful for both disaster response and product/biotech opportunity scouting.",,free,free,low,,"1. Open https://cellimagelibrary.org.
2. Pull: `intel pull cellimagelibrary.org` for latest update.
3. For ongoing health monitoring, add to disaster-watch cron.",,healthcare information,3,auto,2026-05-12,photo_topic=Must know healthcare information systems
EIC-0332,photo_ocr,FB_IMG_1778509282893.jpg,* cog-genomics.org — Population genetics analysis toolkit,Cog Genomics,https://cog-genomics.org,cog-genomics.org,Health & Environment,,Population genetics analysis toolkit,Disaster Response Desk,Helix Patel,"Helix Patel uses cog-genomics.org for public health, environmental quality, or biotech signals. Useful for both disaster response and product/biotech opportunity scouting.",,free,free,low,,"1. Open https://cog-genomics.org.
2. Pull: `intel pull cog-genomics.org` for latest update.
3. For ongoing health monitoring, add to disaster-watch cron.",,healthcare information,3,auto,2026-05-12,photo_topic=Must know healthcare information systems
EIC-0333,photo_ocr,FB_IMG_1778509282893.jpg,« cronometer.com — Advanced nutrition and micronutrient tracking...,Cronometer,https://cronometer.com,cronometer.com,Health & Environment,,Advanced nutrition and micronutrient tracking,Disaster Response Desk,Helix Patel,"Helix Patel uses cronometer.com for public health, environmental quality, or biotech signals. Useful for both disaster response and product/biotech opportunity scouting.",,free,free,low,,"1. Open https://cronometer.com.
2. Pull: `intel pull cronometer.com` for latest update.
3. For ongoing health monitoring, add to disaster-watch cron.",,healthcare information,3,auto,2026-05-12,photo_topic=Must know healthcare information systems
EIC-0334,photo_ocr,FB_IMG_1778509282893.jpg,« disgenet.com — Gene-disease associations from scientific evidence.,Disgenet,https://disgenet.com,disgenet.com,Health & Environment,,Gene-disease associations from scientific evidence,Disaster Response Desk,Helix Patel,"Helix Patel uses disgenet.com for public health, environmental quality, or biotech signals. Useful for both disaster response and product/biotech opportunity scouting.",,free,free,low,,"1. Open https://disgenet.com.
2. Pull: `intel pull disgenet.com` for latest update.
3. For ongoing health monitoring, add to disaster-watch cron.",,healthcare information,3,auto,2026-05-12,photo_topic=Must know healthcare information systems
EIC-0335,photo_ocr,FB_IMG_1778509282893.jpg,¢ drugcentral.org — Drug mechanisms and active ingredient data,Drugcentral,https://drugcentral.org,drugcentral.org,Health & Environment,,Drug mechanisms and active ingredient data,Disaster Response Desk,Helix Patel,"Helix Patel uses drugcentral.org for public health, environmental quality, or biotech signals. Useful for both disaster response and product/biotech opportunity scouting.",,free,free,low,,"1. Open https://drugcentral.org.
2. Pull: `intel pull drugcentral.org` for latest update.
3. For ongoing health monitoring, add to disaster-watch cron.",,healthcare information,3,auto,2026-05-12,photo_topic=Must know healthcare information systems
EIC-0336,photo_ocr,FB_IMG_1778509282893.jpg,« ebi.ac.uk - Integrated genomics and bioinformatics resources,Ebi,https://ebi.ac.uk,ebi.ac.uk,Health & Environment,,Integrated genomics and bioinformatics resources,Disaster Response Desk,Helix Patel,"Helix Patel uses ebi.ac.uk for public health, environmental quality, or biotech signals. Useful for both disaster response and product/biotech opportunity scouting.",,free,free,low,,"1. Open https://ebi.ac.uk.
2. Pull: `intel pull ebi.ac.uk` for latest update.
3. For ongoing health monitoring, add to disaster-watch cron.",,healthcare information,3,auto,2026-05-12,photo_topic=Must know healthcare information systems
EIC-0337,photo_ocr,FB_IMG_1778509203937.jpg,¢ fossilworks.org - Fossil occurrence paleobiology database,Fossilworks,https://fossilworks.org,fossilworks.org,Health & Environment,,Fossil occurrence paleobiology database,Disaster Response Desk,Helix Patel,"Helix Patel uses fossilworks.org for public health, environmental quality, or biotech signals. Useful for both disaster response and product/biotech opportunity scouting.",,free,free,low,,"1. Open https://fossilworks.org.
2. Pull: `intel pull fossilworks.org` for latest update.
3. For ongoing health monitoring, add to disaster-watch cron.",,ocean species,3,auto,2026-05-12,"photo_topic=Platforms for Exploring Nature, Wildlife, and Ecosystem | e obis.org   Global ocean species occurrence database"
EIC-0338,photo_ocr,FB_IMG_1778509203937.jpg,¢ gbif.org - Free global biodiversity occurrence data,Gbif,https://gbif.org,gbif.org,Health & Environment,,2.8 billion wildlife sightings mapped since the 1600s,Disaster Response Desk,Helix Patel,"Helix Patel uses gbif.org for public health, environmental quality, or biotech signals. Useful for both disaster response and product/biotech opportunity scouting.",,free,free,low,,"1. Open https://gbif.org.
2. Pull: `intel pull gbif.org` for latest update.
3. For ongoing health monitoring, add to disaster-watch cron.",,ocean species,3,auto,2026-05-12,"photo_topic=Platforms for Exploring Nature, Wildlife, and Ecosystem | e obis.org   Global ocean species occurrence database | photo_topic=Platforms that unlock rare knowledge.. | ¢ passc.net/EarthlmpactDatabase   Every confirmed meteor crater mapped"
EIC-0339,photo_ocr,FB_IMG_1778509282893.jpg,* genome.ucsc.edu —- Human genome browser and annotations,Genome,https://genome.ucsc.edu,genome.ucsc.edu,Health & Environment,,Browser for the entire annotated human genome,Disaster Response Desk,Helix Patel,"Helix Patel uses genome.ucsc.edu for public health, environmental quality, or biotech signals. Useful for both disaster response and product/biotech opportunity scouting.",,free,free,low,,"1. Open https://genome.ucsc.edu.
2. Pull: `intel pull genome.ucsc.edu` for latest update.
3. For ongoing health monitoring, add to disaster-watch cron.",,healthcare information,3,auto,2026-05-12,photo_topic=Must know healthcare information systems | photo_topic=Platforms that unlock rare knowledge.. | ¢ passc.net/EarthlmpactDatabase   Every confirmed meteor crater mapped
EIC-0340,photo_ocr,FB_IMG_1778509282893.jpg,« hmdb.ca - Human metabolite database and chemical profiles,Hmdb,https://hmdb.ca,hmdb.ca,Health & Environment,,Human metabolite database and chemical profiles,Disaster Response Desk,Helix Patel,"Helix Patel uses hmdb.ca for public health, environmental quality, or biotech signals. Useful for both disaster response and product/biotech opportunity scouting.",,free,free,low,,"1. Open https://hmdb.ca.
2. Pull: `intel pull hmdb.ca` for latest update.
3. For ongoing health monitoring, add to disaster-watch cron.",,healthcare information,3,auto,2026-05-12,photo_topic=Must know healthcare information systems | photo_topic=Platforms that unlock rare knowledge.. | ¢ passc.net/EarthlmpactDatabase   Every confirmed meteor crater mapped
EIC-0341,photo_ocr,FB_IMG_1778509282893.jpg,« malacards.org —- Comprehensive human disease database,Malacards,https://malacards.org,malacards.org,Health & Environment,,Comprehensive human disease database,Disaster Response Desk,Helix Patel,"Helix Patel uses malacards.org for public health, environmental quality, or biotech signals. Useful for both disaster response and product/biotech opportunity scouting.",,free,free,low,,"1. Open https://malacards.org.
2. Pull: `intel pull malacards.org` for latest update.
3. For ongoing health monitoring, add to disaster-watch cron.",,healthcare information,3,auto,2026-05-12,photo_topic=Must know healthcare information systems
EIC-0342,photo_ocr,FB_IMG_1778509282893.jpg,« microbiomedb.org — Microbiome datasets for health research,Microbiomedb,https://microbiomedb.org,microbiomedb.org,Health & Environment,,Microbiome datasets for health research,Disaster Response Desk,Helix Patel,"Helix Patel uses microbiomedb.org for public health, environmental quality, or biotech signals. Useful for both disaster response and product/biotech opportunity scouting.",,free,free,low,,"1. Open https://microbiomedb.org.
2. Pull: `intel pull microbiomedb.org` for latest update.
3. For ongoing health monitoring, add to disaster-watch cron.",,healthcare information,3,auto,2026-05-12,photo_topic=Must know healthcare information systems
EIC-0343,photo_ocr,FB_IMG_1778509282893.jpg,« ncats.nih.gov — Rare disease and translational research hub,Ncats,https://ncats.nih.gov,ncats.nih.gov,Health & Environment,,Rare disease and translational research hub,Disaster Response Desk,Helix Patel,"Helix Patel uses ncats.nih.gov for public health, environmental quality, or biotech signals. Useful for both disaster response and product/biotech opportunity scouting.",,free,free,low,,"1. Open https://ncats.nih.gov.
2. Pull: `intel pull ncats.nih.gov` for latest update.
3. For ongoing health monitoring, add to disaster-watch cron.",,healthcare information,3,auto,2026-05-12,photo_topic=Must know healthcare information systems
EIC-0344,photo_ocr,FB_IMG_1778509282893.jpg,¢ nutritionix.com — food nutrition information database.,Nutritionix,https://nutritionix.com,nutritionix.com,Health & Environment,,food nutrition information database,Disaster Response Desk,Helix Patel,"Helix Patel uses nutritionix.com for public health, environmental quality, or biotech signals. Useful for both disaster response and product/biotech opportunity scouting.",,free,free,low,,"1. Open https://nutritionix.com.
2. Pull: `intel pull nutritionix.com` for latest update.
3. For ongoing health monitoring, add to disaster-watch cron.",,healthcare information,3,auto,2026-05-12,photo_topic=Must know healthcare information systems
EIC-0345,photo_ocr,FB_IMG_1778509282893.jpg,« omicsdi.org — Omics datasets discovery platform,Omicsdi,https://omicsdi.org,omicsdi.org,Health & Environment,,Omics datasets discovery platform,Disaster Response Desk,Helix Patel,"Helix Patel uses omicsdi.org for public health, environmental quality, or biotech signals. Useful for both disaster response and product/biotech opportunity scouting.",,free,free,low,,"1. Open https://omicsdi.org.
2. Pull: `intel pull omicsdi.org` for latest update.
3. For ongoing health monitoring, add to disaster-watch cron.",,healthcare information,3,auto,2026-05-12,photo_topic=Must know healthcare information systems
EIC-0346,photo_ocr,FB_IMG_1778509282893.jpg,« omim.org — Genetic disorders and gene relationships database,Omim,https://omim.org,omim.org,Health & Environment,,Genetic disorders and gene relationships database,Disaster Response Desk,Helix Patel,"Helix Patel uses omim.org for public health, environmental quality, or biotech signals. Useful for both disaster response and product/biotech opportunity scouting.",,free,free,low,,"1. Open https://omim.org.
2. Pull: `intel pull omim.org` for latest update.
3. For ongoing health monitoring, add to disaster-watch cron.",,healthcare information,3,auto,2026-05-12,photo_topic=Must know healthcare information systems
EIC-0347,photo_ocr,FB_IMG_1778509507011.jpg,* openaq.org - Real-time air quality data for every city,Openaq,https://openaq.org,openaq.org,Health & Environment,,Real-time air quality data for every city,Disaster Response Desk,Helix Patel,"Helix Patel uses openaq.org for public health, environmental quality, or biotech signals. Useful for both disaster response and product/biotech opportunity scouting.",,free,free,low,,"1. Open https://openaq.org.
2. Pull: `intel pull openaq.org` for latest update.
3. For ongoing health monitoring, add to disaster-watch cron.",,air quality,3,auto,2026-05-12,photo_topic=platforms for finding hard to  access information..
EIC-0348,photo_ocr,FB_IMG_1778509282893.jpg,¢ opentargets.org — Drug target identification for diseases.,Opentargets,https://opentargets.org,opentargets.org,Health & Environment,,Drug target identification for diseases,Disaster Response Desk,Helix Patel,"Helix Patel uses opentargets.org for public health, environmental quality, or biotech signals. Useful for both disaster response and product/biotech opportunity scouting.",,free,free,low,,"1. Open https://opentargets.org.
2. Pull: `intel pull opentargets.org` for latest update.
3. For ongoing health monitoring, add to disaster-watch cron.",,healthcare information,3,auto,2026-05-12,photo_topic=Must know healthcare information systems
EIC-0349,photo_ocr,FB_IMG_1778509282893.jpg,¢ pharmgkb.org — Pharmacogenomics and drug response insights,Pharmgkb,https://pharmgkb.org,pharmgkb.org,Health & Environment,,Pharmacogenomics and drug response insights,Disaster Response Desk,Helix Patel,"Helix Patel uses pharmgkb.org for public health, environmental quality, or biotech signals. Useful for both disaster response and product/biotech opportunity scouting.",,free,free,low,,"1. Open https://pharmgkb.org.
2. Pull: `intel pull pharmgkb.org` for latest update.
3. For ongoing health monitoring, add to disaster-watch cron.",,healthcare information,3,auto,2026-05-12,photo_topic=Must know healthcare information systems
EIC-0350,photo_ocr,FB_IMG_1778509282893.jpg,« phenotypr.com — Disease clustering by symptom patterns,Phenotypr,https://phenotypr.com,phenotypr.com,Health & Environment,,Disease clustering by symptom patterns,Disaster Response Desk,Helix Patel,"Helix Patel uses phenotypr.com for public health, environmental quality, or biotech signals. Useful for both disaster response and product/biotech opportunity scouting.",,free,free,low,,"1. Open https://phenotypr.com.
2. Pull: `intel pull phenotypr.com` for latest update.
3. For ongoing health monitoring, add to disaster-watch cron.",,healthcare information,3,auto,2026-05-12,photo_topic=Must know healthcare information systems
EIC-0351,photo_ocr,FB_IMG_1778509282893.jpg,« proteinatlas.org — Protein expression across human tissues,Proteinatlas,https://proteinatlas.org,proteinatlas.org,Health & Environment,,Protein expression across human tissues,Disaster Response Desk,Helix Patel,"Helix Patel uses proteinatlas.org for public health, environmental quality, or biotech signals. Useful for both disaster response and product/biotech opportunity scouting.",,free,free,low,,"1. Open https://proteinatlas.org.
2. Pull: `intel pull proteinatlas.org` for latest update.
3. For ongoing health monitoring, add to disaster-watch cron.",,healthcare information,3,auto,2026-05-12,photo_topic=Must know healthcare information systems
EIC-0352,photo_ocr,FB_IMG_1778509282893.jpg,« reactome.org — Biological pathway visualization and analysis,Reactome,https://reactome.org,reactome.org,Health & Environment,,Biological pathway visualization and analysis,Disaster Response Desk,Helix Patel,"Helix Patel uses reactome.org for public health, environmental quality, or biotech signals. Useful for both disaster response and product/biotech opportunity scouting.",,free,free,low,,"1. Open https://reactome.org.
2. Pull: `intel pull reactome.org` for latest update.
3. For ongoing health monitoring, add to disaster-watch cron.",,healthcare information,3,auto,2026-05-12,photo_topic=Must know healthcare information systems
EIC-0353,photo_ocr,FB_IMG_1778509282893.jpg,« repodb.net - Drug repurposing database and applications,Repodb,https://repodb.net,repodb.net,Health & Environment,,Drug repurposing database and applications,Disaster Response Desk,Helix Patel,"Helix Patel uses repodb.net for public health, environmental quality, or biotech signals. Useful for both disaster response and product/biotech opportunity scouting.",,free,free,low,,"1. Open https://repodb.net.
2. Pull: `intel pull repodb.net` for latest update.
3. For ongoing health monitoring, add to disaster-watch cron.",,healthcare information,3,auto,2026-05-12,photo_topic=Must know healthcare information systems
EIC-0354,photo_ocr,FB_IMG_1778509282893.jpg,« sleepfoundation.org — sleep research and education,Sleepfoundation,https://sleepfoundation.org,sleepfoundation.org,Health & Environment,,sleep research and education,Disaster Response Desk,Helix Patel,"Helix Patel uses sleepfoundation.org for public health, environmental quality, or biotech signals. Useful for both disaster response and product/biotech opportunity scouting.",,free,free,low,,"1. Open https://sleepfoundation.org.
2. Pull: `intel pull sleepfoundation.org` for latest update.
3. For ongoing health monitoring, add to disaster-watch cron.",,healthcare information,3,auto,2026-05-12,photo_topic=Must know healthcare information systems
EIC-0355,photo_ocr,FB_IMG_1778509282893.jpg,« string-db.org — Protein interaction network analysis tool,String Db,https://string-db.org,string-db.org,Health & Environment,,Protein interaction network analysis tool,Disaster Response Desk,Helix Patel,"Helix Patel uses string-db.org for public health, environmental quality, or biotech signals. Useful for both disaster response and product/biotech opportunity scouting.",,free,free,low,,"1. Open https://string-db.org.
2. Pull: `intel pull string-db.org` for latest update.
3. For ongoing health monitoring, add to disaster-watch cron.",,healthcare information,3,auto,2026-05-12,photo_topic=Must know healthcare information systems
EIC-0356,photo_ocr,FB_IMG_1778509282893.jpg,« tcga-data.nci.nih.gov — Cancer genome profiles and datasets,Tcga Data,https://tcga-data.nci.nih.gov,tcga-data.nci.nih.gov,Health & Environment,,Cancer genome profiles and datasets,Disaster Response Desk,Helix Patel,"Helix Patel uses tcga-data.nci.nih.gov for public health, environmental quality, or biotech signals. Useful for both disaster response and product/biotech opportunity scouting.",,free,free,low,,"1. Open https://tcga-data.nci.nih.gov.
2. Pull: `intel pull tcga-data.nci.nih.gov` for latest update.
3. For ongoing health monitoring, add to disaster-watch cron.",,healthcare information,3,auto,2026-05-12,photo_topic=Must know healthcare information systems
EIC-0357,photo_ocr,FB_IMG_1778509282893.jpg,« visiblebody.com - 3D human anatomy explorer..,Visiblebody,https://visiblebody.com,visiblebody.com,Health & Environment,,3D human anatomy explorer,Disaster Response Desk,Helix Patel,"Helix Patel uses visiblebody.com for public health, environmental quality, or biotech signals. Useful for both disaster response and product/biotech opportunity scouting.",,free,free,low,,"1. Open https://visiblebody.com.
2. Pull: `intel pull visiblebody.com` for latest update.
3. For ongoing health monitoring, add to disaster-watch cron.",,healthcare information,3,auto,2026-05-12,photo_topic=Must know healthcare information systems
EIC-0358,photo_ocr,FB_IMG_1778509392320.jpg,* amazingplacesonearth.com - Showcases natural and cultural world wonders,Amazingplacesonearth,https://amazingplacesonearth.com,amazingplacesonearth.com,Maps & Geospatial,,Showcases natural and cultural world wonders,OSINT Desk,Cipher Wolfe,"Cipher Wolfe uses amazingplacesonearth.com for geographic context: parcel data, terrain, satellite imagery, or population overlays. Drop coordinates into the OSINT desk's map layer when investigating a property or event.",,free,free,low,,"1. Open https://amazingplacesonearth.com.
2. Most map tools require GET-based URLs; capture the share-link for the location of interest.
3. Save to `Wholesale/Maps_Cache/` if recurring.",,world wonders,3,auto,2026-05-12,photo_topic=Explore Hidden and Famous Wonders Worldwide
EIC-0359,photo_ocr,FB_IMG_1778509462625.jpg,« atlasobscura.com - hidden wondrous mysterious places worldwide.,Atlasobscura,https://atlasobscura.com,atlasobscura.com,Maps & Geospatial,,hidden wondrous mysterious places worldwide,OSINT Desk,Cipher Wolfe,"Cipher Wolfe uses atlasobscura.com for geographic context: parcel data, terrain, satellite imagery, or population overlays. Drop coordinates into the OSINT desk's map layer when investigating a property or event.",,free,free,low,,"1. Open https://atlasobscura.com.
2. Most map tools require GET-based URLs; capture the share-link for the location of interest.
3. Save to `Wholesale/Maps_Cache/` if recurring.",,places worldwide,3,auto,2026-05-12,photo_topic=Sites to dive Into the world's hidden Mysteries...
EIC-0360,photo_ocr,FB_IMG_1778509392320.jpg,- factinate.com - surprising facts about places worldwide,Factinate,https://factinate.com,factinate.com,Maps & Geospatial,,surprising facts about places worldwide,OSINT Desk,Cipher Wolfe,"Cipher Wolfe uses factinate.com for geographic context: parcel data, terrain, satellite imagery, or population overlays. Drop coordinates into the OSINT desk's map layer when investigating a property or event.",,free,free,low,,"1. Open https://factinate.com.
2. Most map tools require GET-based URLs; capture the share-link for the location of interest.
3. Save to `Wholesale/Maps_Cache/` if recurring.",,places worldwide,3,auto,2026-05-12,photo_topic=Explore Hidden and Famous Wonders Worldwide
EIC-0361,photo_ocr,FB_IMG_1778509333478.jpg,* geojson.io - Draw edit and export any map shape,Geojson,https://geojson.io,geojson.io,Maps & Geospatial,,Draw edit and export any map shape,OSINT Desk,Cipher Wolfe,"Cipher Wolfe uses geojson.io for geographic context: parcel data, terrain, satellite imagery, or population overlays. Drop coordinates into the OSINT desk's map layer when investigating a property or event.",,free,free,low,,"1. Open https://geojson.io.
2. Most map tools require GET-based URLs; capture the share-link for the location of interest.
3. Save to `Wholesale/Maps_Cache/` if recurring.",,advanced mapping,3,auto,2026-05-12,photo_topic=Must know GIS & advanced mapping sites
EIC-0362,photo_ocr,FB_IMG_1778509333478.jpg,* gmcmap.com - real-time radiation level map worldwide,Gmcmap,https://gmcmap.com,gmcmap.com,Maps & Geospatial,,real-time radiation level map worldwide,OSINT Desk,Cipher Wolfe,"Cipher Wolfe uses gmcmap.com for geographic context: parcel data, terrain, satellite imagery, or population overlays. Drop coordinates into the OSINT desk's map layer when investigating a property or event.",,free,free,low,,"1. Open https://gmcmap.com.
2. Most map tools require GET-based URLs; capture the share-link for the location of interest.
3. Save to `Wholesale/Maps_Cache/` if recurring.",,advanced mapping,3,auto,2026-05-12,photo_topic=Must know GIS & advanced mapping sites
EIC-0363,photo_ocr,FB_IMG_1778509333478.jpg,° gpsjam.org - map of every GPS jamming zone on earth,Gpsjam,https://gpsjam.org,gpsjam.org,Maps & Geospatial,,map of every GPS jamming zone on earth,OSINT Desk,Cipher Wolfe,"Cipher Wolfe uses gpsjam.org for geographic context: parcel data, terrain, satellite imagery, or population overlays. Drop coordinates into the OSINT desk's map layer when investigating a property or event.",,free,free,low,,"1. Open https://gpsjam.org.
2. Most map tools require GET-based URLs; capture the share-link for the location of interest.
3. Save to `Wholesale/Maps_Cache/` if recurring.",,advanced mapping,3,auto,2026-05-12,photo_topic=Must know GIS & advanced mapping sites
EIC-0364,photo_ocr,FB_IMG_1778509333478.jpg,¢ lightningmaps.org - Watch every lightning strike hit earth in real time,Lightningmaps,https://lightningmaps.org,lightningmaps.org,Maps & Geospatial,,Watch every lightning strike hit earth in real time,OSINT Desk,Cipher Wolfe,"Cipher Wolfe uses lightningmaps.org for geographic context: parcel data, terrain, satellite imagery, or population overlays. Drop coordinates into the OSINT desk's map layer when investigating a property or event.",,free,free,low,,"1. Open https://lightningmaps.org.
2. Most map tools require GET-based URLs; capture the share-link for the location of interest.
3. Save to `Wholesale/Maps_Cache/` if recurring.",,advanced mapping,3,auto,2026-05-12,photo_topic=Must know GIS & advanced mapping sites
EIC-0365,photo_ocr,FB_IMG_1778509392320.jpg,- listverse.com - strange and fascinating places worldwide,Listverse,https://listverse.com,listverse.com,Maps & Geospatial,,strange and fascinating places worldwide,OSINT Desk,Cipher Wolfe,"Cipher Wolfe uses listverse.com for geographic context: parcel data, terrain, satellite imagery, or population overlays. Drop coordinates into the OSINT desk's map layer when investigating a property or event.",,free,free,low,,"1. Open https://listverse.com.
2. Most map tools require GET-based URLs; capture the share-link for the location of interest.
3. Save to `Wholesale/Maps_Cache/` if recurring.",,places worldwide,3,auto,2026-05-12,photo_topic=Explore Hidden and Famous Wonders Worldwide
EIC-0366,photo_ocr,FB_IMG_1778509333478.jpg,« luminocity3d.org - 3D global population density visualization,Luminocity3D,https://luminocity3d.org,luminocity3d.org,Maps & Geospatial,,3D global population density visualization,OSINT Desk,Cipher Wolfe,"Cipher Wolfe uses luminocity3d.org for geographic context: parcel data, terrain, satellite imagery, or population overlays. Drop coordinates into the OSINT desk's map layer when investigating a property or event.",,free,free,low,,"1. Open https://luminocity3d.org.
2. Most map tools require GET-based URLs; capture the share-link for the location of interest.
3. Save to `Wholesale/Maps_Cache/` if recurring.",,advanced mapping,3,auto,2026-05-12,photo_topic=Must know GIS & advanced mapping sites
EIC-0367,photo_ocr,FB_IMG_1778509392320.jpg,* opentopography.org - Explore high resolution terrain data worldwide,Opentopography,https://opentopography.org,opentopography.org,Maps & Geospatial,,Explore high resolution terrain data worldwide,OSINT Desk,Cipher Wolfe,"Cipher Wolfe uses opentopography.org for geographic context: parcel data, terrain, satellite imagery, or population overlays. Drop coordinates into the OSINT desk's map layer when investigating a property or event.",,free,free,low,,"1. Open https://opentopography.org.
2. Most map tools require GET-based URLs; capture the share-link for the location of interest.
3. Save to `Wholesale/Maps_Cache/` if recurring.",,terrain,3,auto,2026-05-12,photo_topic=Explore Hidden and Famous Wonders Worldwide
EIC-0368,photo_ocr,FB_IMG_1778509333478.jpg,° overturemaps.org - Open community-built alternative to Google Maps data,Overturemaps,https://overturemaps.org,overturemaps.org,Maps & Geospatial,,Open community-built alternative to Google Maps data,OSINT Desk,Cipher Wolfe,"Cipher Wolfe uses overturemaps.org for geographic context: parcel data, terrain, satellite imagery, or population overlays. Drop coordinates into the OSINT desk's map layer when investigating a property or event.",,free,free,low,,"1. Open https://overturemaps.org.
2. Most map tools require GET-based URLs; capture the share-link for the location of interest.
3. Save to `Wholesale/Maps_Cache/` if recurring.",,advanced mapping,3,auto,2026-05-12,photo_topic=Must know GIS & advanced mapping sites
EIC-0369,photo_ocr,FB_IMG_1778509238072.jpg,¢ acleddata.com - political conflict and protest event data,Acleddata,https://acleddata.com,acleddata.com,News & Journalism,,Every armed conflict event globally mapped,Everlight Newsroom,Wire Santos,"Wire Santos pulls headlines from acleddata.com as a primary newsroom feed. Scan for breaking flags, geopolitical shifts, and stories that change the operating picture for Everlight Ventures.",,free,free,low,,"1. Open https://acleddata.com to inspect the feed format.
2. Pull live: `intel pull acleddata.com` (auto-detects RSS).
3. For ongoing watch: add to `pull-all news` cron.",,live global data,3,auto,2026-05-12,photo_topic=sites that let you interact with live global data | photo_topic=Platforms that unlock rare knowledge.. | ¢ passc.net/EarthlmpactDatabase   Every confirmed meteor crater mapped
EIC-0370,photo_ocr,FB_IMG_1778509315472.jpg,¢ airwars.org - Track and verify every reported civilian airstrike,Airwars,https://airwars.org,airwars.org,News & Journalism,,Track and verify every reported civilian airstrike,Everlight Newsroom,Wire Santos,"Wire Santos pulls headlines from airwars.org as a primary newsroom feed. Scan for breaking flags, geopolitical shifts, and stories that change the operating picture for Everlight Ventures.",,free,free,low,,"1. Open https://airwars.org to inspect the feed format.
2. Pull live: `intel pull airwars.org` (auto-detects RSS).
3. For ongoing watch: add to `pull-all news` cron.",,civilian airstrike,3,auto,2026-05-12,photo_topic=Rare research Tools most people miss
EIC-0371,photo_ocr,FB_IMG_1778509282893.jpg,¢ brain-map.org — human brain atlas and data..,Brain Map,https://brain-map.org,brain-map.org,News & Journalism,domain-override,human brain atlas and data,Everlight Newsroom,Wire Santos,"Wire Santos pulls headlines from brain-map.org as a primary newsroom feed. Scan for breaking flags, geopolitical shifts, and stories that change the operating picture for Everlight Ventures.",,free,free,low,,"1. Open https://brain-map.org to inspect the feed format.
2. Pull live: `intel pull brain-map.org` (auto-detects RSS).
3. For ongoing watch: add to `pull-all news` cron.",,,3,auto-domain,2026-05-12,photo_topic=Must know healthcare information systems
EIC-0372,photo_ocr,FB_IMG_1778509238072.jpg,¢ co2.earth - atmospheric carbon dioxide concentration readings,Co2,https://co2.earth,co2.earth,News & Journalism,,atmospheric carbon dioxide concentration readings,Everlight Newsroom,Wire Santos,"Wire Santos pulls headlines from co2.earth as a primary newsroom feed. Scan for breaking flags, geopolitical shifts, and stories that change the operating picture for Everlight Ventures.",,free,free,low,,"1. Open https://co2.earth to inspect the feed format.
2. Pull live: `intel pull co2.earth` (auto-detects RSS).
3. For ongoing watch: add to `pull-all news` cron.",,live global data,3,auto,2026-05-12,photo_topic=sites that let you interact with live global data
EIC-0373,photo_ocr,FB_IMG_1778509238072.jpg,¢ cybermap.kaspersky.com - global cyberattack flows on 3D globe,Cybermap,https://cybermap.kaspersky.com,cybermap.kaspersky.com,News & Journalism,,global cyberattack flows on 3D globe,Everlight Newsroom,Wire Santos,"Wire Santos pulls headlines from cybermap.kaspersky.com as a primary newsroom feed. Scan for breaking flags, geopolitical shifts, and stories that change the operating picture for Everlight Ventures.",,free,free,low,,"1. Open https://cybermap.kaspersky.com to inspect the feed format.
2. Pull live: `intel pull cybermap.kaspersky.com` (auto-detects RSS).
3. For ongoing watch: add to `pull-all news` cron.",,live global data,3,auto,2026-05-12,photo_topic=sites that let you interact with live global data
EIC-0374,photo_ocr,FB_IMG_1778509238072.jpg,¢ deaddrops.com - map of hidden USB data drop spots,Deaddrops,https://deaddrops.com,deaddrops.com,News & Journalism,,map of hidden USB data drop spots,Everlight Newsroom,Wire Santos,"Wire Santos pulls headlines from deaddrops.com as a primary newsroom feed. Scan for breaking flags, geopolitical shifts, and stories that change the operating picture for Everlight Ventures.",,free,free,low,,"1. Open https://deaddrops.com to inspect the feed format.
2. Pull live: `intel pull deaddrops.com` (auto-detects RSS).
3. For ongoing watch: add to `pull-all news` cron.",,live global data,3,auto,2026-05-12,photo_topic=sites that let you interact with live global data
EIC-0375,photo_ocr,FB_IMG_1778509238072.jpg,¢ earth.nullschool.net - Animated global wind and ocean currents,Earth,https://earth.nullschool.net,earth.nullschool.net,News & Journalism,,Animated global wind and ocean currents,Everlight Newsroom,Wire Santos,"Wire Santos pulls headlines from earth.nullschool.net as a primary newsroom feed. Scan for breaking flags, geopolitical shifts, and stories that change the operating picture for Everlight Ventures.",,free,free,low,,"1. Open https://earth.nullschool.net to inspect the feed format.
2. Pull live: `intel pull earth.nullschool.net` (auto-detects RSS).
3. For ongoing watch: add to `pull-all news` cron.",,live global data,3,auto,2026-05-12,photo_topic=sites that let you interact with live global data
EIC-0376,photo_ocr,FB_IMG_1778509238072.jpg,¢ earthquaketrack.com - Every earthquake on Earth as it happens,Earthquaketrack,https://earthquaketrack.com,earthquaketrack.com,News & Journalism,,Every earthquake on Earth as it happens,Everlight Newsroom,Wire Santos,"Wire Santos pulls headlines from earthquaketrack.com as a primary newsroom feed. Scan for breaking flags, geopolitical shifts, and stories that change the operating picture for Everlight Ventures.",,free,free,low,,"1. Open https://earthquaketrack.com to inspect the feed format.
2. Pull live: `intel pull earthquaketrack.com` (auto-detects RSS).
3. For ongoing watch: add to `pull-all news` cron.",,live global data,3,auto,2026-05-12,photo_topic=sites that let you interact with live global data
EIC-0377,photo_ocr,FB_IMG_1778509238072.jpg,* geomag.bgs.ac.uk - Live readings from Earth's magnetic field,Geomag,https://geomag.bgs.ac.uk,geomag.bgs.ac.uk,News & Journalism,,Live readings from Earth's magnetic field,Everlight Newsroom,Wire Santos,"Wire Santos pulls headlines from geomag.bgs.ac.uk as a primary newsroom feed. Scan for breaking flags, geopolitical shifts, and stories that change the operating picture for Everlight Ventures.",,free,free,low,,"1. Open https://geomag.bgs.ac.uk to inspect the feed format.
2. Pull live: `intel pull geomag.bgs.ac.uk` (auto-detects RSS).
3. For ongoing watch: add to `pull-all news` cron.",,live global data,3,auto,2026-05-12,photo_topic=sites that let you interact with live global data
EIC-0378,photo_ocr,FB_IMG_1778509238072.jpg,¢ globalfishingwatch.org - Track commercial fishing vessel s,Globalfishingwatch,https://globalfishingwatch.org,globalfishingwatch.org,News & Journalism,,Track commercial fishing vessel s,Everlight Newsroom,Wire Santos,"Wire Santos pulls headlines from globalfishingwatch.org as a primary newsroom feed. Scan for breaking flags, geopolitical shifts, and stories that change the operating picture for Everlight Ventures.",,free,free,low,,"1. Open https://globalfishingwatch.org to inspect the feed format.
2. Pull live: `intel pull globalfishingwatch.org` (auto-detects RSS).
3. For ongoing watch: add to `pull-all news` cron.",,live global data,3,auto,2026-05-12,photo_topic=sites that let you interact with live global data
EIC-0379,photo_ocr,FB_IMG_1778509238072.jpg,¢ globalquake.net - seismic detection from stations worldwide,Globalquake,https://globalquake.net,globalquake.net,News & Journalism,,seismic detection from stations worldwide,Everlight Newsroom,Wire Santos,"Wire Santos pulls headlines from globalquake.net as a primary newsroom feed. Scan for breaking flags, geopolitical shifts, and stories that change the operating picture for Everlight Ventures.",,free,free,low,,"1. Open https://globalquake.net to inspect the feed format.
2. Pull live: `intel pull globalquake.net` (auto-detects RSS).
3. For ongoing watch: add to `pull-all news` cron.",,live global data,3,auto,2026-05-12,photo_topic=sites that let you interact with live global data
EIC-0380,photo_ocr,FB_IMG_1778509238072.jpg,¢ internetlivestats.com - Watch internet traffic and data grow live,Internetlivestats,https://internetlivestats.com,internetlivestats.com,News & Journalism,,Watch internet traffic and data grow live,Everlight Newsroom,Wire Santos,"Wire Santos pulls headlines from internetlivestats.com as a primary newsroom feed. Scan for breaking flags, geopolitical shifts, and stories that change the operating picture for Everlight Ventures.",,free,free,low,,"1. Open https://internetlivestats.com to inspect the feed format.
2. Pull live: `intel pull internetlivestats.com` (auto-detects RSS).
3. For ongoing watch: add to `pull-all news` cron.",,live global data,3,auto,2026-05-12,photo_topic=sites that let you interact with live global data
EIC-0381,photo_ocr,FB_IMG_1778509238072.jpg,¢ mempool.space - Every pending Bitcoin transaction,Mempool,https://mempool.space,mempool.space,News & Journalism,,Every pending Bitcoin transaction,Everlight Newsroom,Wire Santos,"Wire Santos pulls headlines from mempool.space as a primary newsroom feed. Scan for breaking flags, geopolitical shifts, and stories that change the operating picture for Everlight Ventures.",,free,free,low,,"1. Open https://mempool.space to inspect the feed format.
2. Pull live: `intel pull mempool.space` (auto-detects RSS).
3. For ongoing watch: add to `pull-all news` cron.",,live global data,3,auto,2026-05-12,photo_topic=sites that let you interact with live global data
EIC-0382,photo_ocr,FB_IMG_1778509238072.jpg,¢ netc.com - Live nuclear radiation readings,Netc,https://netc.com,netc.com,News & Journalism,,Live nuclear radiation readings,Everlight Newsroom,Wire Santos,"Wire Santos pulls headlines from netc.com as a primary newsroom feed. Scan for breaking flags, geopolitical shifts, and stories that change the operating picture for Everlight Ventures.",,free,free,low,,"1. Open https://netc.com to inspect the feed format.
2. Pull live: `intel pull netc.com` (auto-detects RSS).
3. For ongoing watch: add to `pull-all news` cron.",,live global data,3,auto,2026-05-12,photo_topic=sites that let you interact with live global data
EIC-0383,spreadsheet,API_Mega_List_Repository_Index.xlsx,news-apis-590 | News | News feeds and journalism APIs | 590,news-apis-590,,news-apis-590,News & Journalism,,News feeds and journalism APIs,Everlight Newsroom,Wire Santos,"Wire Santos pulls headlines from news-apis-590 as a primary newsroom feed. Scan for breaking flags, geopolitical shifts, and stories that change the operating picture for Everlight Ventures.",,free,free,low,,"1. Open https://news-apis-590 to inspect the feed format.
2. Pull live: `intel pull news-apis-590` (auto-detects RSS).
3. For ongoing watch: add to `pull-all news` cron.",,journalism,4,checked,2026-05-12,sheet_category=News; api_count=590
EIC-0384,photo_ocr,FB_IMG_1778509238072.jpg,"¢ observe.earth - Live conflicts, disease outbreaks and fuel prices",Observe,https://observe.earth,observe.earth,News & Journalism,,"Live conflicts, disease outbreaks and fuel prices",Everlight Newsroom,Wire Santos,"Wire Santos pulls headlines from observe.earth as a primary newsroom feed. Scan for breaking flags, geopolitical shifts, and stories that change the operating picture for Everlight Ventures.",,free,free,low,,"1. Open https://observe.earth to inspect the feed format.
2. Pull live: `intel pull observe.earth` (auto-detects RSS).
3. For ongoing watch: add to `pull-all news` cron.",,live global data,3,auto,2026-05-12,photo_topic=sites that let you interact with live global data
EIC-0385,photo_ocr,FB_IMG_1778509192985.jpg,¢ openhistoricalmap.org - map of all history,Openhistoricalmap,https://openhistoricalmap.org,openhistoricalmap.org,News & Journalism,domain-override,map of all history,Everlight Newsroom,Wire Santos,"Wire Santos pulls headlines from openhistoricalmap.org as a primary newsroom feed. Scan for breaking flags, geopolitical shifts, and stories that change the operating picture for Everlight Ventures.",,free,free,low,,"1. Open https://openhistoricalmap.org to inspect the feed format.
2. Pull live: `intel pull openhistoricalmap.org` (auto-detects RSS).
3. For ongoing watch: add to `pull-all news` cron.",,,3,auto-domain,2026-05-12,photo_topic=Archaeology and History databases uncovering hidden Facts
EIC-0386,photo_ocr,FB_IMG_1778509238072.jpg,« outbreaks.globalincidentmap.com - disease outbreak incidents mapped,Outbreaks,https://outbreaks.globalincidentmap.com,outbreaks.globalincidentmap.com,News & Journalism,,disease outbreak incidents mapped,Everlight Newsroom,Wire Santos,"Wire Santos pulls headlines from outbreaks.globalincidentmap.com as a primary newsroom feed. Scan for breaking flags, geopolitical shifts, and stories that change the operating picture for Everlight Ventures.",,free,free,low,,"1. Open https://outbreaks.globalincidentmap.com to inspect the feed format.
2. Pull live: `intel pull outbreaks.globalincidentmap.com` (auto-detects RSS).
3. For ongoing watch: add to `pull-all news` cron.",,live global data,3,auto,2026-05-12,photo_topic=sites that let you interact with live global data
EIC-0387,photo_ocr,FB_IMG_1778509238072.jpg,¢ the-world-now.com - globe showing conflicts and disasters,The World Now,https://the-world-now.com,the-world-now.com,News & Journalism,,globe showing conflicts and disasters,Everlight Newsroom,Wire Santos,"Wire Santos pulls headlines from the-world-now.com as a primary newsroom feed. Scan for breaking flags, geopolitical shifts, and stories that change the operating picture for Everlight Ventures.",,free,free,low,,"1. Open https://the-world-now.com to inspect the feed format.
2. Pull live: `intel pull the-world-now.com` (auto-detects RSS).
3. For ongoing watch: add to `pull-all news` cron.",,live global data,3,auto,2026-05-12,photo_topic=sites that let you interact with live global data
EIC-0388,photo_ocr,FB_IMG_1778509238072.jpg,¢ tide-forecast.com - Real-time tidal data for every global coastline,Tide Forecast,https://tide-forecast.com,tide-forecast.com,News & Journalism,,Exact tide predictions for any coastal point worldwide,Everlight Newsroom,Wire Santos,"Wire Santos pulls headlines from tide-forecast.com as a primary newsroom feed. Scan for breaking flags, geopolitical shifts, and stories that change the operating picture for Everlight Ventures.",,free,free,low,,"1. Open https://tide-forecast.com to inspect the feed format.
2. Pull live: `intel pull tide-forecast.com` (auto-detects RSS).
3. For ongoing watch: add to `pull-all news` cron.",,live global data,3,auto,2026-05-12,photo_topic=sites that let you interact with live global data | photo_topic=Hidden scientific platforms worth discovering
EIC-0389,photo_ocr,FB_IMG_1778509400749.jpg,¢ trademap.org - Global trade flow and import/export data,Trademap,https://trademap.org,trademap.org,News & Journalism,domain-override,Global trade flow and import/export data,Everlight Newsroom,Wire Santos,"Wire Santos pulls headlines from trademap.org as a primary newsroom feed. Scan for breaking flags, geopolitical shifts, and stories that change the operating picture for Everlight Ventures.",,free,free,low,,"1. Open https://trademap.org to inspect the feed format.
2. Pull live: `intel pull trademap.org` (auto-detects RSS).
3. For ongoing watch: add to `pull-all news` cron.",,,3,auto-domain,2026-05-12,photo_topic=investigative platforms to uncover truth on any subject
EIC-0390,spreadsheet,API_Mega_List_Repository_Index.xlsx,"ai-apis-1208 | Artificial Intelligence | LLMs, image AI, automation AI APIs | 1208",ai-apis-1208,,ai-apis-1208,OSINT & Investigation,,"LLMs, image AI, automation AI APIs",OSINT Desk,Cipher Wolfe,"Cipher Wolfe runs lookups on ai-apis-1208 for public records, leaked data, archives, or investigative leads. Use only with a documented business purpose; log every query in the compliance audit.",,free,free,low,,"1. Open https://ai-apis-1208 and verify access (some sources gate behind free signup).
2. Pull: `intel pull ai-apis-1208`.
3. Log the investigation reason in `Wholesale/compliance/osint_log.jsonl`.",,intelligence,4,checked,2026-05-12,sheet_category=Artificial Intelligence; api_count=1208
EIC-0391,photo_ocr,FB_IMG_1778509462625.jpg,¢ allthatsinteresting.com - ddeep history true crime dark mysteries.,Allthatsinteresting,https://allthatsinteresting.com,allthatsinteresting.com,OSINT & Investigation,,ddeep history true crime dark mysteries,OSINT Desk,Cipher Wolfe,"Cipher Wolfe runs lookups on allthatsinteresting.com for public records, leaked data, archives, or investigative leads. Use only with a documented business purpose; log every query in the compliance audit.",,free,free,low,,"1. Open https://allthatsinteresting.com and verify access (some sources gate behind free signup).
2. Pull: `intel pull allthatsinteresting.com`.
3. Log the investigation reason in `Wholesale/compliance/osint_log.jsonl`.",,hidden mysteries,3,auto,2026-05-12,photo_topic=Sites to dive Into the world's hidden Mysteries...
EIC-0392,photo_ocr,FB_IMG_1778509462625.jpg,¢ americanhauntingsink.com - Haunted American places ghost mysteries.,Americanhauntingsink,https://americanhauntingsink.com,americanhauntingsink.com,OSINT & Investigation,,Haunted American places ghost mysteries,OSINT Desk,Cipher Wolfe,"Cipher Wolfe runs lookups on americanhauntingsink.com for public records, leaked data, archives, or investigative leads. Use only with a documented business purpose; log every query in the compliance audit.",,free,free,low,,"1. Open https://americanhauntingsink.com and verify access (some sources gate behind free signup).
2. Pull: `intel pull americanhauntingsink.com`.
3. Log the investigation reason in `Wholesale/compliance/osint_log.jsonl`.",,hidden mysteries,3,auto,2026-05-12,photo_topic=Sites to dive Into the world's hidden Mysteries...
EIC-0393,photo_ocr,FB_IMG_1778509462625.jpg,* ancient-code.com - ancient alien forbidden suppressed history,Ancient Code,https://ancient-code.com,ancient-code.com,OSINT & Investigation,,ancient alien forbidden suppressed history,OSINT Desk,Cipher Wolfe,"Cipher Wolfe runs lookups on ancient-code.com for public records, leaked data, archives, or investigative leads. Use only with a documented business purpose; log every query in the compliance audit.",,free,free,low,,"1. Open https://ancient-code.com and verify access (some sources gate behind free signup).
2. Pull: `intel pull ancient-code.com`.
3. Log the investigation reason in `Wholesale/compliance/osint_log.jsonl`.",,hidden mysteries,3,auto,2026-05-12,photo_topic=Sites to dive Into the world's hidden Mysteries...
EIC-0394,photo_ocr,FB_IMG_1778509462625.jpg,* ancient-origins.net - Suppressed ancient civilization discoveries,Ancient Origins,https://ancient-origins.net,ancient-origins.net,OSINT & Investigation,,Suppressed ancient civilization discoveries,OSINT Desk,Cipher Wolfe,"Cipher Wolfe runs lookups on ancient-origins.net for public records, leaked data, archives, or investigative leads. Use only with a documented business purpose; log every query in the compliance audit.",,free,free,low,,"1. Open https://ancient-origins.net and verify access (some sources gate behind free signup).
2. Pull: `intel pull ancient-origins.net`.
3. Log the investigation reason in `Wholesale/compliance/osint_log.jsonl`.",,hidden mysteries,3,auto,2026-05-12,photo_topic=Sites to dive Into the world's hidden Mysteries...
EIC-0395,photo_ocr,FB_IMG_1778509462625.jpg,* anomalist.com - Daily maverick unexplained science discoveries,Anomalist,https://anomalist.com,anomalist.com,OSINT & Investigation,,Daily maverick unexplained science discoveries,OSINT Desk,Cipher Wolfe,"Cipher Wolfe runs lookups on anomalist.com for public records, leaked data, archives, or investigative leads. Use only with a documented business purpose; log every query in the compliance audit.",,free,free,low,,"1. Open https://anomalist.com and verify access (some sources gate behind free signup).
2. Pull: `intel pull anomalist.com`.
3. Log the investigation reason in `Wholesale/compliance/osint_log.jsonl`.",,hidden mysteries,3,auto,2026-05-12,photo_topic=Sites to dive Into the world's hidden Mysteries...
EIC-0396,photo_ocr,FB_IMG_1778509174745.jpg,¢ apktool.org - decode android applications for analysis,Apktool,https://apktool.org,apktool.org,OSINT & Investigation,,decode android applications for analysis,OSINT Desk,Cipher Wolfe,"Cipher Wolfe runs lookups on apktool.org for public records, leaked data, archives, or investigative leads. Use only with a documented business purpose; log every query in the compliance audit.",,free,free,low,,"1. Open https://apktool.org and verify access (some sources gate behind free signup).
2. Pull: `intel pull apktool.org`.
3. Log the investigation reason in `Wholesale/compliance/osint_log.jsonl`.",,forensics tools,3,auto,2026-05-12,photo_topic=forensics tools experts rarely mention
EIC-0397,photo_ocr,FB_IMG_1778509254932.jpg,¢ aquamaps.org - Predicted habitat maps for every marine fish,Aquamaps,https://aquamaps.org,aquamaps.org,OSINT & Investigation,,Predicted habitat maps for every marine fish,OSINT Desk,Cipher Wolfe,"Cipher Wolfe runs lookups on aquamaps.org for public records, leaked data, archives, or investigative leads. Use only with a documented business purpose; log every query in the compliance audit.",,free,free,low,,"1. Open https://aquamaps.org and verify access (some sources gate behind free signup).
2. Pull: `intel pull aquamaps.org`.
3. Log the investigation reason in `Wholesale/compliance/osint_log.jsonl`.",,hidden global information,3,auto,2026-05-12,photo_topic=Tools to discover hidden global information | e thegreatestbooks.org   Top fiction books determined by critics
EIC-0398,photo_ocr,FB_IMG_1778509101649.jpg,¢ atsameip.com - deterrmine all websites sharing any IP address,Atsameip,https://atsameip.com,atsameip.com,OSINT & Investigation,,deterrmine all websites sharing any IP address,OSINT Desk,Cipher Wolfe,"Cipher Wolfe runs lookups on atsameip.com for public records, leaked data, archives, or investigative leads. Use only with a documented business purpose; log every query in the compliance audit.",,free,free,low,,"1. Open https://atsameip.com and verify access (some sources gate behind free signup).
2. Pull: `intel pull atsameip.com`.
3. Log the investigation reason in `Wholesale/compliance/osint_log.jsonl`.",,research toolkit,3,auto,2026-05-12,photo_topic=Ultimate OSINT and Research Toolkit
EIC-0399,photo_ocr,FB_IMG_1778509101649.jpg,« base-search.net - Massive academic documents,Base Search,https://base-search.net,base-search.net,OSINT & Investigation,,Massive academic documents,OSINT Desk,Cipher Wolfe,"Cipher Wolfe runs lookups on base-search.net for public records, leaked data, archives, or investigative leads. Use only with a documented business purpose; log every query in the compliance audit.",,free,free,low,,"1. Open https://base-search.net and verify access (some sources gate behind free signup).
2. Pull: `intel pull base-search.net`.
3. Log the investigation reason in `Wholesale/compliance/osint_log.jsonl`.",,research toolkit,3,auto,2026-05-12,photo_topic=Ultimate OSINT and Research Toolkit
EIC-0400,photo_ocr,FB_IMG_1778509174745.jpg,« base64decode.org - decode encoded forensic data quickly,Base64Decode,https://base64decode.org,base64decode.org,OSINT & Investigation,,decode encoded forensic data quickly,OSINT Desk,Cipher Wolfe,"Cipher Wolfe runs lookups on base64decode.org for public records, leaked data, archives, or investigative leads. Use only with a documented business purpose; log every query in the compliance audit.",,free,free,low,,"1. Open https://base64decode.org and verify access (some sources gate behind free signup).
2. Pull: `intel pull base64decode.org`.
3. Log the investigation reason in `Wholesale/compliance/osint_log.jsonl`.",,forensics tools,3,auto,2026-05-12,photo_topic=forensics tools experts rarely mention
EIC-0401,photo_ocr,FB_IMG_1778509174745.jpg,« belkasoft.com - digital evidence acquisition and analysis platform,Belkasoft,https://belkasoft.com,belkasoft.com,OSINT & Investigation,,digital evidence acquisition and analysis platform,OSINT Desk,Cipher Wolfe,"Cipher Wolfe runs lookups on belkasoft.com for public records, leaked data, archives, or investigative leads. Use only with a documented business purpose; log every query in the compliance audit.",,free,free,low,,"1. Open https://belkasoft.com and verify access (some sources gate behind free signup).
2. Pull: `intel pull belkasoft.com`.
3. Log the investigation reason in `Wholesale/compliance/osint_log.jsonl`.",,forensics tools,3,auto,2026-05-12,photo_topic=forensics tools experts rarely mention
EIC-0402,photo_ocr,FB_IMG_1778509216213.jpg,¢ bellingcat.com - Investigate events using open source evidence,Bellingcat,https://bellingcat.com,bellingcat.com,OSINT & Investigation,,Investigate events using open source evidence,OSINT Desk,Cipher Wolfe,"Cipher Wolfe runs lookups on bellingcat.com for public records, leaked data, archives, or investigative leads. Use only with a documented business purpose; log every query in the compliance audit.",,free,free,low,,"1. Open https://bellingcat.com and verify access (some sources gate behind free signup).
2. Pull: `intel pull bellingcat.com`.
3. Log the investigation reason in `Wholesale/compliance/osint_log.jsonl`.",,crime patterns,3,auto,2026-05-12,photo_topic=Databases exposing crime patterns and evidence data
EIC-0403,photo_ocr,FB_IMG_1778509101649.jpg,¢ bellingcat.gitbook.io - investigation toolkit for researchers,Bellingcat,https://bellingcat.gitbook.io,bellingcat.gitbook.io,OSINT & Investigation,,investigation toolkit for researchers,OSINT Desk,Cipher Wolfe,"Cipher Wolfe runs lookups on bellingcat.gitbook.io for public records, leaked data, archives, or investigative leads. Use only with a documented business purpose; log every query in the compliance audit.",,free,free,low,,"1. Open https://bellingcat.gitbook.io and verify access (some sources gate behind free signup).
2. Pull: `intel pull bellingcat.gitbook.io`.
3. Log the investigation reason in `Wholesale/compliance/osint_log.jsonl`.",,research toolkit,3,auto,2026-05-12,photo_topic=Ultimate OSINT and Research Toolkit
EIC-0404,photo_ocr,FB_IMG_1778509254932.jpg,¢ birdlist.org - Complete list of every bird species on Earth,Birdlist,https://birdlist.org,birdlist.org,OSINT & Investigation,,Complete list of every bird species on Earth,OSINT Desk,Cipher Wolfe,"Cipher Wolfe runs lookups on birdlist.org for public records, leaked data, archives, or investigative leads. Use only with a documented business purpose; log every query in the compliance audit.",,free,free,low,,"1. Open https://birdlist.org and verify access (some sources gate behind free signup).
2. Pull: `intel pull birdlist.org`.
3. Log the investigation reason in `Wholesale/compliance/osint_log.jsonl`.",,hidden global information,3,auto,2026-05-12,photo_topic=Tools to discover hidden global information | e thegreatestbooks.org   Top fiction books determined by critics
EIC-0405,photo_ocr,FB_IMG_1778509174745.jpg,« bleachbit.org - trace cleaned files and privacy artifacts,Bleachbit,https://bleachbit.org,bleachbit.org,OSINT & Investigation,,trace cleaned files and privacy artifacts,OSINT Desk,Cipher Wolfe,"Cipher Wolfe runs lookups on bleachbit.org for public records, leaked data, archives, or investigative leads. Use only with a documented business purpose; log every query in the compliance audit.",,free,free,low,,"1. Open https://bleachbit.org and verify access (some sources gate behind free signup).
2. Pull: `intel pull bleachbit.org`.
3. Log the investigation reason in `Wholesale/compliance/osint_log.jsonl`.",,forensics tools,3,auto,2026-05-12,photo_topic=forensics tools experts rarely mention
EIC-0406,photo_ocr,FB_IMG_1778509400749.jpg,¢ breachdirectory.org - Search leaked credentials across multiple databases,Breachdirectory,https://breachdirectory.org,breachdirectory.org,OSINT & Investigation,,Search leaked credentials across multiple databases,OSINT Desk,Cipher Wolfe,"Cipher Wolfe runs lookups on breachdirectory.org for public records, leaked data, archives, or investigative leads. Use only with a documented business purpose; log every query in the compliance audit.",,free,free,low,,"1. Open https://breachdirectory.org and verify access (some sources gate behind free signup).
2. Pull: `intel pull breachdirectory.org`.
3. Log the investigation reason in `Wholesale/compliance/osint_log.jsonl`.",,investigative platforms,3,auto,2026-05-12,photo_topic=investigative platforms to uncover truth on any subject
EIC-0407,photo_ocr,FB_IMG_1778509216213.jpg,¢ broadcastify.com - live police scanner audio feeds,Broadcastify,https://broadcastify.com,broadcastify.com,OSINT & Investigation,,live police scanner audio feeds,OSINT Desk,Cipher Wolfe,"Cipher Wolfe runs lookups on broadcastify.com for public records, leaked data, archives, or investigative leads. Use only with a documented business purpose; log every query in the compliance audit.",,free,free,low,,"1. Open https://broadcastify.com and verify access (some sources gate behind free signup).
2. Pull: `intel pull broadcastify.com`.
3. Log the investigation reason in `Wholesale/compliance/osint_log.jsonl`.",,crime patterns,3,auto,2026-05-12,photo_topic=Databases exposing crime patterns and evidence data
EIC-0408,photo_ocr,FB_IMG_1778509400749.jpg,¢ builtwith.com - Identify technologies used on any website instantly,Builtwith,https://builtwith.com,builtwith.com,OSINT & Investigation,,Identify technologies used on any website instantly,OSINT Desk,Cipher Wolfe,"Cipher Wolfe runs lookups on builtwith.com for public records, leaked data, archives, or investigative leads. Use only with a documented business purpose; log every query in the compliance audit.",,free,free,low,,"1. Open https://builtwith.com and verify access (some sources gate behind free signup).
2. Pull: `intel pull builtwith.com`.
3. Log the investigation reason in `Wholesale/compliance/osint_log.jsonl`.",,investigative platforms,3,auto,2026-05-12,photo_topic=investigative platforms to uncover truth on any subject
EIC-0409,photo_ocr,FB_IMG_1778509400749.jpg,¢ c99.nl - Perform multiple network and IP intelligence lookups,C99,https://c99.nl,c99.nl,OSINT & Investigation,,Perform multiple network and IP intelligence lookups,OSINT Desk,Cipher Wolfe,"Cipher Wolfe runs lookups on c99.nl for public records, leaked data, archives, or investigative leads. Use only with a documented business purpose; log every query in the compliance audit.",,free,free,low,,"1. Open https://c99.nl and verify access (some sources gate behind free signup).
2. Pull: `intel pull c99.nl`.
3. Log the investigation reason in `Wholesale/compliance/osint_log.jsonl`.",,investigative platforms,3,auto,2026-05-12,photo_topic=investigative platforms to uncover truth on any subject
EIC-0410,photo_ocr,FB_IMG_1778509174745.jpg,¢ caine-live.net - linux forensic distribution for digital investigations,Caine Live,https://caine-live.net,caine-live.net,OSINT & Investigation,,linux forensic distribution for digital investigations,OSINT Desk,Cipher Wolfe,"Cipher Wolfe runs lookups on caine-live.net for public records, leaked data, archives, or investigative leads. Use only with a documented business purpose; log every query in the compliance audit.",,free,free,low,,"1. Open https://caine-live.net and verify access (some sources gate behind free signup).
2. Pull: `intel pull caine-live.net`.
3. Log the investigation reason in `Wholesale/compliance/osint_log.jsonl`.",,forensics tools,3,auto,2026-05-12,photo_topic=forensics tools experts rarely mention
EIC-0411,photo_ocr,FB_IMG_1778509174745.jpg,« caploader.com - visualize and analyze packet capture files,Caploader,https://caploader.com,caploader.com,OSINT & Investigation,,visualize and analyze packet capture files,OSINT Desk,Cipher Wolfe,"Cipher Wolfe runs lookups on caploader.com for public records, leaked data, archives, or investigative leads. Use only with a documented business purpose; log every query in the compliance audit.",,free,free,low,,"1. Open https://caploader.com and verify access (some sources gate behind free signup).
2. Pull: `intel pull caploader.com`.
3. Log the investigation reason in `Wholesale/compliance/osint_log.jsonl`.",,forensics tools,3,auto,2026-05-12,photo_topic=forensics tools experts rarely mention
EIC-0412,photo_ocr,FB_IMG_1778509216213.jpg,¢ casefilepodcast.com - Documented crime cases with narratives,Casefilepodcast,https://casefilepodcast.com,casefilepodcast.com,OSINT & Investigation,,Documented crime cases with narratives,OSINT Desk,Cipher Wolfe,"Cipher Wolfe runs lookups on casefilepodcast.com for public records, leaked data, archives, or investigative leads. Use only with a documented business purpose; log every query in the compliance audit.",,free,free,low,,"1. Open https://casefilepodcast.com and verify access (some sources gate behind free signup).
2. Pull: `intel pull casefilepodcast.com`.
3. Log the investigation reason in `Wholesale/compliance/osint_log.jsonl`.",,crime patterns,3,auto,2026-05-12,photo_topic=Databases exposing crime patterns and evidence data
EIC-0413,photo_ocr,FB_IMG_1778509400749.jpg,« centralops.net - network diagnostic and domain tools suite,Centralops,https://centralops.net,centralops.net,OSINT & Investigation,,network diagnostic and domain tools suite,OSINT Desk,Cipher Wolfe,"Cipher Wolfe runs lookups on centralops.net for public records, leaked data, archives, or investigative leads. Use only with a documented business purpose; log every query in the compliance audit.",,free,free,low,,"1. Open https://centralops.net and verify access (some sources gate behind free signup).
2. Pull: `intel pull centralops.net`.
3. Log the investigation reason in `Wholesale/compliance/osint_log.jsonl`.",,investigative platforms,3,auto,2026-05-12,photo_topic=investigative platforms to uncover truth on any subject
EIC-0414,photo_ocr,FB_IMG_1778509400749.jpg,« chainabuse.com - Reported crypto scam address database,Chainabuse,https://chainabuse.com,chainabuse.com,OSINT & Investigation,,Reported crypto scam address database,OSINT Desk,Cipher Wolfe,"Cipher Wolfe runs lookups on chainabuse.com for public records, leaked data, archives, or investigative leads. Use only with a documented business purpose; log every query in the compliance audit.",,free,free,low,,"1. Open https://chainabuse.com and verify access (some sources gate behind free signup).
2. Pull: `intel pull chainabuse.com`.
3. Log the investigation reason in `Wholesale/compliance/osint_log.jsonl`.",,investigative platforms,3,auto,2026-05-12,photo_topic=investigative platforms to uncover truth on any subject
EIC-0415,photo_ocr,FB_IMG_1778509400749.jpg,¢ chartmetric.com - Track music trends and artist performance data,Chartmetric,https://chartmetric.com,chartmetric.com,OSINT & Investigation,,Track music trends and artist performance data,OSINT Desk,Cipher Wolfe,"Cipher Wolfe runs lookups on chartmetric.com for public records, leaked data, archives, or investigative leads. Use only with a documented business purpose; log every query in the compliance audit.",,free,free,low,,"1. Open https://chartmetric.com and verify access (some sources gate behind free signup).
2. Pull: `intel pull chartmetric.com`.
3. Log the investigation reason in `Wholesale/compliance/osint_log.jsonl`.",,investigative platforms,3,auto,2026-05-12,photo_topic=investigative platforms to uncover truth on any subject
EIC-0416,photo_ocr,FB_IMG_1778509400749.jpg,« checkphish.ai - phishing site detection and verification tool,Checkphish,https://checkphish.ai,checkphish.ai,OSINT & Investigation,,phishing site detection and verification tool,OSINT Desk,Cipher Wolfe,"Cipher Wolfe runs lookups on checkphish.ai for public records, leaked data, archives, or investigative leads. Use only with a documented business purpose; log every query in the compliance audit.",,free,free,low,,"1. Open https://checkphish.ai and verify access (some sources gate behind free signup).
2. Pull: `intel pull checkphish.ai`.
3. Log the investigation reason in `Wholesale/compliance/osint_log.jsonl`.",,investigative platforms,3,auto,2026-05-12,photo_topic=investigative platforms to uncover truth on any subject
EIC-0417,photo_ocr,FB_IMG_1778509400749.jpg,« checkshorturl.com - Expand shortened URL investigation tool,Checkshorturl,https://checkshorturl.com,checkshorturl.com,OSINT & Investigation,,Expand shortened URL investigation tool,OSINT Desk,Cipher Wolfe,"Cipher Wolfe runs lookups on checkshorturl.com for public records, leaked data, archives, or investigative leads. Use only with a documented business purpose; log every query in the compliance audit.",,free,free,low,,"1. Open https://checkshorturl.com and verify access (some sources gate behind free signup).
2. Pull: `intel pull checkshorturl.com`.
3. Log the investigation reason in `Wholesale/compliance/osint_log.jsonl`.",,investigative platforms,3,auto,2026-05-12,photo_topic=investigative platforms to uncover truth on any subject
EIC-0418,photo_ocr,FB_IMG_1778509462625.jpg,¢ chroniclingamerica.loc.gov - Historical buried newspaper mystery archive,Chroniclingamerica,https://chroniclingamerica.loc.gov,chroniclingamerica.loc.gov,OSINT & Investigation,,Historical buried newspaper mystery archive,OSINT Desk,Cipher Wolfe,"Cipher Wolfe runs lookups on chroniclingamerica.loc.gov for public records, leaked data, archives, or investigative leads. Use only with a documented business purpose; log every query in the compliance audit.",,free,free,low,,"1. Open https://chroniclingamerica.loc.gov and verify access (some sources gate behind free signup).
2. Pull: `intel pull chroniclingamerica.loc.gov`.
3. Log the investigation reason in `Wholesale/compliance/osint_log.jsonl`.",,hidden mysteries,3,auto,2026-05-12,photo_topic=Sites to dive Into the world's hidden Mysteries...
EIC-0419,photo_ocr,FB_IMG_1778509216213.jpg,¢ citizen.com - Get alerts on nearby reported incidents,Citizen,https://citizen.com,citizen.com,OSINT & Investigation,,Get alerts on nearby reported incidents,OSINT Desk,Cipher Wolfe,"Cipher Wolfe runs lookups on citizen.com for public records, leaked data, archives, or investigative leads. Use only with a documented business purpose; log every query in the compliance audit.",,free,free,low,,"1. Open https://citizen.com and verify access (some sources gate behind free signup).
2. Pull: `intel pull citizen.com`.
3. Log the investigation reason in `Wholesale/compliance/osint_log.jsonl`.",,crime patterns,3,auto,2026-05-12,photo_topic=Databases exposing crime patterns and evidence data
EIC-0420,photo_ocr,FB_IMG_1778509216213.jpg,¢ cityprotect.com - Map local crime using reliable data,Cityprotect,https://cityprotect.com,cityprotect.com,OSINT & Investigation,,Map local crime using reliable data,OSINT Desk,Cipher Wolfe,"Cipher Wolfe runs lookups on cityprotect.com for public records, leaked data, archives, or investigative leads. Use only with a documented business purpose; log every query in the compliance audit.",,free,free,low,,"1. Open https://cityprotect.com and verify access (some sources gate behind free signup).
2. Pull: `intel pull cityprotect.com`.
3. Log the investigation reason in `Wholesale/compliance/osint_log.jsonl`.",,crime patterns,3,auto,2026-05-12,photo_topic=Databases exposing crime patterns and evidence data
EIC-0421,photo_ocr,FB_IMG_1778509419261.jpg,¢ clinicaltrials.gov - global clinical research studies database.,Clinicaltrials,https://clinicaltrials.gov,clinicaltrials.gov,OSINT & Investigation,,global clinical research studies database,OSINT Desk,Cipher Wolfe,"Cipher Wolfe runs lookups on clinicaltrials.gov for public records, leaked data, archives, or investigative leads. Use only with a documented business purpose; log every query in the compliance audit.",,free,free,low,,"1. Open https://clinicaltrials.gov and verify access (some sources gate behind free signup).
2. Pull: `intel pull clinicaltrials.gov`.
3. Log the investigation reason in `Wholesale/compliance/osint_log.jsonl`.",,specialized search engines,3,auto,2026-05-12,photo_topic=:     tt sC«é@BBD@Claavew’ | Specialized search engines for different purposes.
EIC-0422,photo_ocr,FB_IMG_1778509216213.jpg,« copblock.org - Browse reports of police misconduct incidents,Copblock,https://copblock.org,copblock.org,OSINT & Investigation,,Browse reports of police misconduct incidents,OSINT Desk,Cipher Wolfe,"Cipher Wolfe runs lookups on copblock.org for public records, leaked data, archives, or investigative leads. Use only with a documented business purpose; log every query in the compliance audit.",,free,free,low,,"1. Open https://copblock.org and verify access (some sources gate behind free signup).
2. Pull: `intel pull copblock.org`.
3. Log the investigation reason in `Wholesale/compliance/osint_log.jsonl`.",,crime patterns,3,auto,2026-05-12,photo_topic=Databases exposing crime patterns and evidence data
EIC-0423,photo_ocr,FB_IMG_1778509216213.jpg,¢ crimeometer.com - Stream real time crime data updates,Crimeometer,https://crimeometer.com,crimeometer.com,OSINT & Investigation,,Stream real time crime data updates,OSINT Desk,Cipher Wolfe,"Cipher Wolfe runs lookups on crimeometer.com for public records, leaked data, archives, or investigative leads. Use only with a documented business purpose; log every query in the compliance audit.",,free,free,low,,"1. Open https://crimeometer.com and verify access (some sources gate behind free signup).
2. Pull: `intel pull crimeometer.com`.
3. Log the investigation reason in `Wholesale/compliance/osint_log.jsonl`.",,crime patterns,3,auto,2026-05-12,photo_topic=Databases exposing crime patterns and evidence data
EIC-0424,photo_ocr,FB_IMG_1778509216213.jpg,* crimesceneinvestigatoredu.org - Learn evidence collection and analysis,Crimesceneinvestigatoredu,https://crimesceneinvestigatoredu.org,crimesceneinvestigatoredu.org,OSINT & Investigation,,Learn evidence collection and analysis,OSINT Desk,Cipher Wolfe,"Cipher Wolfe runs lookups on crimesceneinvestigatoredu.org for public records, leaked data, archives, or investigative leads. Use only with a documented business purpose; log every query in the compliance audit.",,free,free,low,,"1. Open https://crimesceneinvestigatoredu.org and verify access (some sources gate behind free signup).
2. Pull: `intel pull crimesceneinvestigatoredu.org`.
3. Log the investigation reason in `Wholesale/compliance/osint_log.jsonl`.",,crime patterns,3,auto,2026-05-12,photo_topic=Databases exposing crime patterns and evidence data
EIC-0425,photo_ocr,FB_IMG_1778509462625.jpg,* cryptemundo.com - Bigfoot cryptid Loch Ness evidence database,Cryptemundo,https://cryptemundo.com,cryptemundo.com,OSINT & Investigation,,Bigfoot cryptid Loch Ness evidence database,OSINT Desk,Cipher Wolfe,"Cipher Wolfe runs lookups on cryptemundo.com for public records, leaked data, archives, or investigative leads. Use only with a documented business purpose; log every query in the compliance audit.",,free,free,low,,"1. Open https://cryptemundo.com and verify access (some sources gate behind free signup).
2. Pull: `intel pull cryptemundo.com`.
3. Log the investigation reason in `Wholesale/compliance/osint_log.jsonl`.",,hidden mysteries,3,auto,2026-05-12,photo_topic=Sites to dive Into the world's hidden Mysteries...
EIC-0426,photo_ocr,FB_IMG_1778509400749.jpg,« deviceinfo.me - Device and browser data exposure check,Deviceinfo,https://deviceinfo.me,deviceinfo.me,OSINT & Investigation,,Device and browser data exposure check,OSINT Desk,Cipher Wolfe,"Cipher Wolfe runs lookups on deviceinfo.me for public records, leaked data, archives, or investigative leads. Use only with a documented business purpose; log every query in the compliance audit.",,free,free,low,,"1. Open https://deviceinfo.me and verify access (some sources gate behind free signup).
2. Pull: `intel pull deviceinfo.me`.
3. Log the investigation reason in `Wholesale/compliance/osint_log.jsonl`.",,investigative platforms,3,auto,2026-05-12,photo_topic=investigative platforms to uncover truth on any subject
EIC-0427,photo_ocr,FB_IMG_1778509174745.jpg,- diffchecker.com - compare text differences for forensic review,Diffchecker,https://diffchecker.com,diffchecker.com,OSINT & Investigation,,compare text differences for forensic review,OSINT Desk,Cipher Wolfe,"Cipher Wolfe runs lookups on diffchecker.com for public records, leaked data, archives, or investigative leads. Use only with a documented business purpose; log every query in the compliance audit.",,free,free,low,,"1. Open https://diffchecker.com and verify access (some sources gate behind free signup).
2. Pull: `intel pull diffchecker.com`.
3. Log the investigation reason in `Wholesale/compliance/osint_log.jsonl`.",,forensics tools,3,auto,2026-05-12,photo_topic=forensics tools experts rarely mention
EIC-0428,photo_ocr,FB_IMG_1778509101649.jpg,« dl.acm.org - Computing and tech research library,Dl,https://dl.acm.org,dl.acm.org,OSINT & Investigation,,Computing and tech research library,OSINT Desk,Cipher Wolfe,"Cipher Wolfe runs lookups on dl.acm.org for public records, leaked data, archives, or investigative leads. Use only with a documented business purpose; log every query in the compliance audit.",,free,free,low,,"1. Open https://dl.acm.org and verify access (some sources gate behind free signup).
2. Pull: `intel pull dl.acm.org`.
3. Log the investigation reason in `Wholesale/compliance/osint_log.jsonl`.",,research toolkit,3,auto,2026-05-12,photo_topic=Ultimate OSINT and Research Toolkit
EIC-0429,photo_ocr,FB_IMG_1778509174745.jpg,¢ dnstwist.it - detect domain impersonation for investigations,Dnstwist,https://dnstwist.it,dnstwist.it,OSINT & Investigation,,detect domain impersonation for investigations,OSINT Desk,Cipher Wolfe,"Cipher Wolfe runs lookups on dnstwist.it for public records, leaked data, archives, or investigative leads. Use only with a documented business purpose; log every query in the compliance audit.",,free,free,low,,"1. Open https://dnstwist.it and verify access (some sources gate behind free signup).
2. Pull: `intel pull dnstwist.it`.
3. Log the investigation reason in `Wholesale/compliance/osint_log.jsonl`.",,forensics tools,3,auto,2026-05-12,photo_topic=forensics tools experts rarely mention
EIC-0430,photo_ocr,FB_IMG_1778509507011.jpg,¢ documentcloud.org - analyze leaked and investigative documents.,Documentcloud,https://documentcloud.org,documentcloud.org,OSINT & Investigation,,analyze leaked and investigative documents,OSINT Desk,Cipher Wolfe,"Cipher Wolfe runs lookups on documentcloud.org for public records, leaked data, archives, or investigative leads. Use only with a documented business purpose; log every query in the compliance audit.",,free,free,low,,"1. Open https://documentcloud.org and verify access (some sources gate behind free signup).
2. Pull: `intel pull documentcloud.org`.
3. Log the investigation reason in `Wholesale/compliance/osint_log.jsonl`.",,leaked,3,auto,2026-05-12,photo_topic=platforms for finding hard to  access information..
EIC-0431,photo_ocr,FB_IMG_1778509216213.jpg,¢ doenetwork.org - Identify unknown persons through case records,Doenetwork,https://doenetwork.org,doenetwork.org,OSINT & Investigation,,Identify unknown persons through case records,OSINT Desk,Cipher Wolfe,"Cipher Wolfe runs lookups on doenetwork.org for public records, leaked data, archives, or investigative leads. Use only with a documented business purpose; log every query in the compliance audit.",,free,free,low,,"1. Open https://doenetwork.org and verify access (some sources gate behind free signup).
2. Pull: `intel pull doenetwork.org`.
3. Log the investigation reason in `Wholesale/compliance/osint_log.jsonl`.",,crime patterns,3,auto,2026-05-12,photo_topic=Databases exposing crime patterns and evidence data
EIC-0432,photo_ocr,FB_IMG_1778509462625.jpg,¢ earthfiles.com - ET animal mutilation mystery investigations,Earthfiles,https://earthfiles.com,earthfiles.com,OSINT & Investigation,,ET animal mutilation mystery investigations,OSINT Desk,Cipher Wolfe,"Cipher Wolfe runs lookups on earthfiles.com for public records, leaked data, archives, or investigative leads. Use only with a documented business purpose; log every query in the compliance audit.",,free,free,low,,"1. Open https://earthfiles.com and verify access (some sources gate behind free signup).
2. Pull: `intel pull earthfiles.com`.
3. Log the investigation reason in `Wholesale/compliance/osint_log.jsonl`.",,hidden mysteries,3,auto,2026-05-12,photo_topic=Sites to dive Into the world's hidden Mysteries...
EIC-0433,photo_ocr,FB_IMG_1778509400749.jpg,« emailrep.io - Assess email reputation and risk scoring,Emailrep,https://emailrep.io,emailrep.io,OSINT & Investigation,,Assess email reputation and risk scoring,OSINT Desk,Cipher Wolfe,"Cipher Wolfe runs lookups on emailrep.io for public records, leaked data, archives, or investigative leads. Use only with a documented business purpose; log every query in the compliance audit.",,free,free,low,,"1. Open https://emailrep.io and verify access (some sources gate behind free signup).
2. Pull: `intel pull emailrep.io`.
3. Log the investigation reason in `Wholesale/compliance/osint_log.jsonl`.",,investigative platforms,3,auto,2026-05-12,photo_topic=investigative platforms to uncover truth on any subject
EIC-0434,photo_ocr,FB_IMG_1778509101649.jpg,¢ eric.ed.gov - Education research papers,Eric,https://eric.ed.gov,eric.ed.gov,OSINT & Investigation,,Education research papers,OSINT Desk,Cipher Wolfe,"Cipher Wolfe runs lookups on eric.ed.gov for public records, leaked data, archives, or investigative leads. Use only with a documented business purpose; log every query in the compliance audit.",,free,free,low,,"1. Open https://eric.ed.gov and verify access (some sources gate behind free signup).
2. Pull: `intel pull eric.ed.gov`.
3. Log the investigation reason in `Wholesale/compliance/osint_log.jsonl`.",,research toolkit,3,auto,2026-05-12,photo_topic=Ultimate OSINT and Research Toolkit
EIC-0435,photo_ocr,FB_IMG_1778509174745.jpg,¢ ericzimmerman.github.io -Windows forensics tools collection,Ericzimmerman,https://ericzimmerman.github.io,ericzimmerman.github.io,OSINT & Investigation,,Windows forensics tools collection,OSINT Desk,Cipher Wolfe,"Cipher Wolfe runs lookups on ericzimmerman.github.io for public records, leaked data, archives, or investigative leads. Use only with a documented business purpose; log every query in the compliance audit.",,free,free,low,,"1. Open https://ericzimmerman.github.io and verify access (some sources gate behind free signup).
2. Pull: `intel pull ericzimmerman.github.io`.
3. Log the investigation reason in `Wholesale/compliance/osint_log.jsonl`.",,forensics tools,3,auto,2026-05-12,photo_topic=forensics tools experts rarely mention
EIC-0436,photo_ocr,FB_IMG_1778509101649.jpg,* europepmc.org - biomedical literature database,Europepmc,https://europepmc.org,europepmc.org,OSINT & Investigation,,biomedical literature database,OSINT Desk,Cipher Wolfe,"Cipher Wolfe runs lookups on europepmc.org for public records, leaked data, archives, or investigative leads. Use only with a documented business purpose; log every query in the compliance audit.",,free,free,low,,"1. Open https://europepmc.org and verify access (some sources gate behind free signup).
2. Pull: `intel pull europepmc.org`.
3. Log the investigation reason in `Wholesale/compliance/osint_log.jsonl`.",,research toolkit,3,auto,2026-05-12,photo_topic=Ultimate OSINT and Research Toolkit
EIC-0437,photo_ocr,FB_IMG_1778509174745.jpg,¢ exiftool.org - extract metadata from files and media,Exiftool,https://exiftool.org,exiftool.org,OSINT & Investigation,,extract metadata from files and media,OSINT Desk,Cipher Wolfe,"Cipher Wolfe runs lookups on exiftool.org for public records, leaked data, archives, or investigative leads. Use only with a documented business purpose; log every query in the compliance audit.",,free,free,low,,"1. Open https://exiftool.org and verify access (some sources gate behind free signup).
2. Pull: `intel pull exiftool.org`.
3. Log the investigation reason in `Wholesale/compliance/osint_log.jsonl`.",,forensics tools,3,auto,2026-05-12,photo_topic=forensics tools experts rarely mention
EIC-0438,photo_ocr,FB_IMG_1778509400749.jpg,« explodingtopics.com - emerging trends before they become mainstream,Explodingtopics,https://explodingtopics.com,explodingtopics.com,OSINT & Investigation,,emerging trends before they become mainstream,OSINT Desk,Cipher Wolfe,"Cipher Wolfe runs lookups on explodingtopics.com for public records, leaked data, archives, or investigative leads. Use only with a documented business purpose; log every query in the compliance audit.",,free,free,low,,"1. Open https://explodingtopics.com and verify access (some sources gate behind free signup).
2. Pull: `intel pull explodingtopics.com`.
3. Log the investigation reason in `Wholesale/compliance/osint_log.jsonl`.",,investigative platforms,3,auto,2026-05-12,photo_topic=investigative platforms to uncover truth on any subject
EIC-0439,photo_ocr,FB_IMG_1778509254932.jpg,¢ fallingfruit.org - Free food trees mapped in cities worldwide,Fallingfruit,https://fallingfruit.org,fallingfruit.org,OSINT & Investigation,,Free food trees mapped in cities worldwide,OSINT Desk,Cipher Wolfe,"Cipher Wolfe runs lookups on fallingfruit.org for public records, leaked data, archives, or investigative leads. Use only with a documented business purpose; log every query in the compliance audit.",,free,free,low,,"1. Open https://fallingfruit.org and verify access (some sources gate behind free signup).
2. Pull: `intel pull fallingfruit.org`.
3. Log the investigation reason in `Wholesale/compliance/osint_log.jsonl`.",,hidden global information,3,auto,2026-05-12,photo_topic=Tools to discover hidden global information | e thegreatestbooks.org   Top fiction books determined by critics
EIC-0440,photo_ocr,FB_IMG_1778509216213.jpg,¢ fatalencounters.org - police related deaths from reports,Fatalencounters,https://fatalencounters.org,fatalencounters.org,OSINT & Investigation,,police related deaths from reports,OSINT Desk,Cipher Wolfe,"Cipher Wolfe runs lookups on fatalencounters.org for public records, leaked data, archives, or investigative leads. Use only with a documented business purpose; log every query in the compliance audit.",,free,free,low,,"1. Open https://fatalencounters.org and verify access (some sources gate behind free signup).
2. Pull: `intel pull fatalencounters.org`.
3. Log the investigation reason in `Wholesale/compliance/osint_log.jsonl`.",,crime patterns,3,auto,2026-05-12,photo_topic=Databases exposing crime patterns and evidence data
EIC-0441,photo_ocr,FB_IMG_1778509254932.jpg,"- figshare.com - Research datasets, figures,, and unpublished findings",Figshare,https://figshare.com,figshare.com,OSINT & Investigation,,"Research datasets, figures,, and unpublished findings",OSINT Desk,Cipher Wolfe,"Cipher Wolfe runs lookups on figshare.com for public records, leaked data, archives, or investigative leads. Use only with a documented business purpose; log every query in the compliance audit.",,free,free,low,,"1. Open https://figshare.com and verify access (some sources gate behind free signup).
2. Pull: `intel pull figshare.com`.
3. Log the investigation reason in `Wholesale/compliance/osint_log.jsonl`.",,hidden global information,3,auto,2026-05-12,photo_topic=Tools to discover hidden global information | e thegreatestbooks.org   Top fiction books determined by critics
EIC-0442,photo_ocr,FB_IMG_1778509101649.jpg,¢ filmot.com - Find anything spoken across millions of videos,Filmot,https://filmot.com,filmot.com,OSINT & Investigation,,Find anything spoken across millions of videos,OSINT Desk,Cipher Wolfe,"Cipher Wolfe runs lookups on filmot.com for public records, leaked data, archives, or investigative leads. Use only with a documented business purpose; log every query in the compliance audit.",,free,free,low,,"1. Open https://filmot.com and verify access (some sources gate behind free signup).
2. Pull: `intel pull filmot.com`.
3. Log the investigation reason in `Wholesale/compliance/osint_log.jsonl`.",,research toolkit,3,auto,2026-05-12,photo_topic=Ultimate OSINT and Research Toolkit
EIC-0443,photo_ocr,FB_IMG_1778509174745.jpg,« foremost.sourceforge.net - recover files through header and footer carving,Foremost,https://foremost.sourceforge.net,foremost.sourceforge.net,OSINT & Investigation,,recover files through header and footer carving,OSINT Desk,Cipher Wolfe,"Cipher Wolfe runs lookups on foremost.sourceforge.net for public records, leaked data, archives, or investigative leads. Use only with a documented business purpose; log every query in the compliance audit.",,free,free,low,,"1. Open https://foremost.sourceforge.net and verify access (some sources gate behind free signup).
2. Pull: `intel pull foremost.sourceforge.net`.
3. Log the investigation reason in `Wholesale/compliance/osint_log.jsonl`.",,forensics tools,3,auto,2026-05-12,photo_topic=forensics tools experts rarely mention
EIC-0444,photo_ocr,FB_IMG_1778509216213.jpg,¢ forensicfilesnow.com - forensic breakdowns of real cases,Forensicfilesnow,https://forensicfilesnow.com,forensicfilesnow.com,OSINT & Investigation,,forensic breakdowns of real cases,OSINT Desk,Cipher Wolfe,"Cipher Wolfe runs lookups on forensicfilesnow.com for public records, leaked data, archives, or investigative leads. Use only with a documented business purpose; log every query in the compliance audit.",,free,free,low,,"1. Open https://forensicfilesnow.com and verify access (some sources gate behind free signup).
2. Pull: `intel pull forensicfilesnow.com`.
3. Log the investigation reason in `Wholesale/compliance/osint_log.jsonl`.",,crime patterns,3,auto,2026-05-12,photo_topic=Databases exposing crime patterns and evidence data
EIC-0445,photo_ocr,FB_IMG_1778509216213.jpg,¢ forensicmag.com - Articles explaining forensic science techniques,Forensicmag,https://forensicmag.com,forensicmag.com,OSINT & Investigation,,Articles explaining forensic science techniques,OSINT Desk,Cipher Wolfe,"Cipher Wolfe runs lookups on forensicmag.com for public records, leaked data, archives, or investigative leads. Use only with a documented business purpose; log every query in the compliance audit.",,free,free,low,,"1. Open https://forensicmag.com and verify access (some sources gate behind free signup).
2. Pull: `intel pull forensicmag.com`.
3. Log the investigation reason in `Wholesale/compliance/osint_log.jsonl`.",,crime patterns,3,auto,2026-05-12,photo_topic=Databases exposing crime patterns and evidence data
EIC-0446,photo_ocr,FB_IMG_1778509462625.jpg,¢ forteantimes.com - Strange unexplained phenomena curiosities magazine,Forteantimes,https://forteantimes.com,forteantimes.com,OSINT & Investigation,,Strange unexplained phenomena curiosities magazine,OSINT Desk,Cipher Wolfe,"Cipher Wolfe runs lookups on forteantimes.com for public records, leaked data, archives, or investigative leads. Use only with a documented business purpose; log every query in the compliance audit.",,free,free,low,,"1. Open https://forteantimes.com and verify access (some sources gate behind free signup).
2. Pull: `intel pull forteantimes.com`.
3. Log the investigation reason in `Wholesale/compliance/osint_log.jsonl`.",,hidden mysteries,3,auto,2026-05-12,photo_topic=Sites to dive Into the world's hidden Mysteries...
EIC-0447,photo_ocr,FB_IMG_1778509400749.jpg,« fotoforensics.com - image manipulation detection tool,Fotoforensics,https://fotoforensics.com,fotoforensics.com,OSINT & Investigation,,image manipulation detection tool,OSINT Desk,Cipher Wolfe,"Cipher Wolfe runs lookups on fotoforensics.com for public records, leaked data, archives, or investigative leads. Use only with a documented business purpose; log every query in the compliance audit.",,free,free,low,,"1. Open https://fotoforensics.com and verify access (some sources gate behind free signup).
2. Pull: `intel pull fotoforensics.com`.
3. Log the investigation reason in `Wholesale/compliance/osint_log.jsonl`.",,investigative platforms,3,auto,2026-05-12,photo_topic=investigative platforms to uncover truth on any subject
EIC-0448,photo_ocr,FB_IMG_1778509174745.jpg,« freehexeditorneo.com - low level binary data forensic inspection,Freehexeditorneo,https://freehexeditorneo.com,freehexeditorneo.com,OSINT & Investigation,,low level binary data forensic inspection,OSINT Desk,Cipher Wolfe,"Cipher Wolfe runs lookups on freehexeditorneo.com for public records, leaked data, archives, or investigative leads. Use only with a documented business purpose; log every query in the compliance audit.",,free,free,low,,"1. Open https://freehexeditorneo.com and verify access (some sources gate behind free signup).
2. Pull: `intel pull freehexeditorneo.com`.
3. Log the investigation reason in `Wholesale/compliance/osint_log.jsonl`.",,forensics tools,3,auto,2026-05-12,photo_topic=forensics tools experts rarely mention
EIC-0449,photo_ocr,FB_IMG_1778509090589.jpg,¢ freemusicarchive.org - Royalty free music for your video projects,Freemusicarchive,https://freemusicarchive.org,freemusicarchive.org,OSINT & Investigation,,copyrightt-free music database curated by radio stations,OSINT Desk,Cipher Wolfe,"Cipher Wolfe runs lookups on freemusicarchive.org for public records, leaked data, archives, or investigative leads. Use only with a documented business purpose; log every query in the compliance audit.",,free,free,low,,"1. Open https://freemusicarchive.org and verify access (some sources gate behind free signup).
2. Pull: `intel pull freemusicarchive.org`.
3. Log the investigation reason in `Wholesale/compliance/osint_log.jsonl`.",,archive.org,3,auto,2026-05-12,photo_topic=Free Tools that handle tasks you've been avoiding | photo_topic=platforms for finding hard to  access information..
EIC-0450,photo_ocr,FB_IMG_1778509462625.jpg,¢ gdeltproject.org - Global event hidden pattern trend analysis,Gdeltproject,https://gdeltproject.org,gdeltproject.org,OSINT & Investigation,,Global event hidden pattern trend analysis,OSINT Desk,Cipher Wolfe,"Cipher Wolfe runs lookups on gdeltproject.org for public records, leaked data, archives, or investigative leads. Use only with a documented business purpose; log every query in the compliance audit.",,free,free,low,,"1. Open https://gdeltproject.org and verify access (some sources gate behind free signup).
2. Pull: `intel pull gdeltproject.org`.
3. Log the investigation reason in `Wholesale/compliance/osint_log.jsonl`.",,hidden mysteries,3,auto,2026-05-12,photo_topic=Sites to dive Into the world's hidden Mysteries...
EIC-0451,photo_ocr,FB_IMG_1778509174745.jpg,¢ ghidra-sre.org - reverse engineer compiled software binaries,Ghidra Sre,https://ghidra-sre.org,ghidra-sre.org,OSINT & Investigation,,reverse engineer compiled software binaries,OSINT Desk,Cipher Wolfe,"Cipher Wolfe runs lookups on ghidra-sre.org for public records, leaked data, archives, or investigative leads. Use only with a documented business purpose; log every query in the compliance audit.",,free,free,low,,"1. Open https://ghidra-sre.org and verify access (some sources gate behind free signup).
2. Pull: `intel pull ghidra-sre.org`.
3. Log the investigation reason in `Wholesale/compliance/osint_log.jsonl`.",,forensics tools,3,auto,2026-05-12,photo_topic=forensics tools experts rarely mention
EIC-0452,spreadsheet,Everlight_Free_Resources_List.xlsx,ghostfol.io | Stock tracking | Private open-source stock/ETF tracker.,Ghostfol,https://ghostfol.io,ghostfol.io,OSINT & Investigation,,"Track your stocks and ETFs(private,open source)",OSINT Desk,Cipher Wolfe,"Cipher Wolfe runs lookups on ghostfol.io for public records, leaked data, archives, or investigative leads. Use only with a documented business purpose; log every query in the compliance audit.",,free,free,low,,"1. Open https://ghostfol.io and verify access (some sources gate behind free signup).
2. Pull: `intel pull ghostfol.io`.
3. Log the investigation reason in `Wholesale/compliance/osint_log.jsonl`.",,tracking,4,checked,2026-05-12,sheet_category=Stock tracking | photo_topic=Essential Tools you'll wish you found earlier
EIC-0453,photo_ocr,FB_IMG_1778509400749.jpg,¢ ghostproject.fr - Access large database of leaked personal records.,Ghostproject,https://ghostproject.fr,ghostproject.fr,OSINT & Investigation,,Access large database of leaked personal records,OSINT Desk,Cipher Wolfe,"Cipher Wolfe runs lookups on ghostproject.fr for public records, leaked data, archives, or investigative leads. Use only with a documented business purpose; log every query in the compliance audit.",,free,free,low,,"1. Open https://ghostproject.fr and verify access (some sources gate behind free signup).
2. Pull: `intel pull ghostproject.fr`.
3. Log the investigation reason in `Wholesale/compliance/osint_log.jsonl`.",,investigative platforms,3,auto,2026-05-12,photo_topic=investigative platforms to uncover truth on any subject
EIC-0454,photo_ocr,FB_IMG_1778509101649.jpg,¢ gijn.org - World's biggest investigative journalism guide,Gijn,https://gijn.org,gijn.org,OSINT & Investigation,,World's biggest investigative journalism guide,OSINT Desk,Cipher Wolfe,"Cipher Wolfe runs lookups on gijn.org for public records, leaked data, archives, or investigative leads. Use only with a documented business purpose; log every query in the compliance audit.",,free,free,low,,"1. Open https://gijn.org and verify access (some sources gate behind free signup).
2. Pull: `intel pull gijn.org`.
3. Log the investigation reason in `Wholesale/compliance/osint_log.jsonl`.",,research toolkit,3,auto,2026-05-12,photo_topic=Ultimate OSINT and Research Toolkit
EIC-0455,photo_ocr,FB_IMG_1778509216213.jpg,¢ gunviolencearchive.org - Track gun incidents with reliable data,Gunviolencearchive,https://gunviolencearchive.org,gunviolencearchive.org,OSINT & Investigation,,Track gun incidents with reliable data,OSINT Desk,Cipher Wolfe,"Cipher Wolfe runs lookups on gunviolencearchive.org for public records, leaked data, archives, or investigative leads. Use only with a documented business purpose; log every query in the compliance audit.",,free,free,low,,"1. Open https://gunviolencearchive.org and verify access (some sources gate behind free signup).
2. Pull: `intel pull gunviolencearchive.org`.
3. Log the investigation reason in `Wholesale/compliance/osint_log.jsonl`.",,crime patterns,3,auto,2026-05-12,photo_topic=Databases exposing crime patterns and evidence data
EIC-0456,photo_ocr,FB_IMG_1778509174745.jpg,¢ guymager.sourceforge.io - forensic disk imaging acquisition utility,Guymager,https://guymager.sourceforge.io,guymager.sourceforge.io,OSINT & Investigation,,forensic disk imaging acquisition utility,OSINT Desk,Cipher Wolfe,"Cipher Wolfe runs lookups on guymager.sourceforge.io for public records, leaked data, archives, or investigative leads. Use only with a documented business purpose; log every query in the compliance audit.",,free,free,low,,"1. Open https://guymager.sourceforge.io and verify access (some sources gate behind free signup).
2. Pull: `intel pull guymager.sourceforge.io`.
3. Log the investigation reason in `Wholesale/compliance/osint_log.jsonl`.",,forensics tools,3,auto,2026-05-12,photo_topic=forensics tools experts rarely mention
EIC-0457,photo_ocr,FB_IMG_1778509174745.jpg,« hashcat.net - password recovery through advanced hash cracking,Hashcat,https://hashcat.net,hashcat.net,OSINT & Investigation,,password recovery through advanced hash cracking,OSINT Desk,Cipher Wolfe,"Cipher Wolfe runs lookups on hashcat.net for public records, leaked data, archives, or investigative leads. Use only with a documented business purpose; log every query in the compliance audit.",,free,free,low,,"1. Open https://hashcat.net and verify access (some sources gate behind free signup).
2. Pull: `intel pull hashcat.net`.
3. Log the investigation reason in `Wholesale/compliance/osint_log.jsonl`.",,forensics tools,3,auto,2026-05-12,photo_topic=forensics tools experts rarely mention
EIC-0458,photo_ocr,FB_IMG_1778509174745.jpg,« hashdeep.sourceforge.net - Computes and audits hash sets,Hashdeep,https://hashdeep.sourceforge.net,hashdeep.sourceforge.net,OSINT & Investigation,,Computes and audits hash sets,OSINT Desk,Cipher Wolfe,"Cipher Wolfe runs lookups on hashdeep.sourceforge.net for public records, leaked data, archives, or investigative leads. Use only with a documented business purpose; log every query in the compliance audit.",,free,free,low,,"1. Open https://hashdeep.sourceforge.net and verify access (some sources gate behind free signup).
2. Pull: `intel pull hashdeep.sourceforge.net`.
3. Log the investigation reason in `Wholesale/compliance/osint_log.jsonl`.",,forensics tools,3,auto,2026-05-12,photo_topic=forensics tools experts rarely mention
EIC-0459,photo_ocr,FB_IMG_1778509462625.jpg,« hauntedhistorytours.com - Maps famous haunting hot spots,Hauntedhistorytours,https://hauntedhistorytours.com,hauntedhistorytours.com,OSINT & Investigation,,Maps famous haunting hot spots,OSINT Desk,Cipher Wolfe,"Cipher Wolfe runs lookups on hauntedhistorytours.com for public records, leaked data, archives, or investigative leads. Use only with a documented business purpose; log every query in the compliance audit.",,free,free,low,,"1. Open https://hauntedhistorytours.com and verify access (some sources gate behind free signup).
2. Pull: `intel pull hauntedhistorytours.com`.
3. Log the investigation reason in `Wholesale/compliance/osint_log.jsonl`.",,hidden mysteries,3,auto,2026-05-12,photo_topic=Sites to dive Into the world's hidden Mysteries...
EIC-0460,photo_ocr,FB_IMG_1778509462625.jpg,« haunts.com - Lists haunted sites across states..,Haunts,https://haunts.com,haunts.com,OSINT & Investigation,,Lists haunted sites across states,OSINT Desk,Cipher Wolfe,"Cipher Wolfe runs lookups on haunts.com for public records, leaked data, archives, or investigative leads. Use only with a documented business purpose; log every query in the compliance audit.",,free,free,low,,"1. Open https://haunts.com and verify access (some sources gate behind free signup).
2. Pull: `intel pull haunts.com`.
3. Log the investigation reason in `Wholesale/compliance/osint_log.jsonl`.",,hidden mysteries,3,auto,2026-05-12,photo_topic=Sites to dive Into the world's hidden Mysteries...
EIC-0461,photo_ocr,FB_IMG_1778509462625.jpg,¢ higgypop.com - Uncovers weird news occult secrets,Higgypop,https://higgypop.com,higgypop.com,OSINT & Investigation,,Uncovers weird news occult secrets,OSINT Desk,Cipher Wolfe,"Cipher Wolfe runs lookups on higgypop.com for public records, leaked data, archives, or investigative leads. Use only with a documented business purpose; log every query in the compliance audit.",,free,free,low,,"1. Open https://higgypop.com and verify access (some sources gate behind free signup).
2. Pull: `intel pull higgypop.com`.
3. Log the investigation reason in `Wholesale/compliance/osint_log.jsonl`.",,hidden mysteries,3,auto,2026-05-12,photo_topic=Sites to dive Into the world's hidden Mysteries...
EIC-0462,photo_ocr,FB_IMG_1778509400749.jpg,¢ hybrid-analysis.com - Analyze suspicious files using sandbox technology,Hybrid Analysis,https://hybrid-analysis.com,hybrid-analysis.com,OSINT & Investigation,,Analyze suspicious files using sandbox technology,OSINT Desk,Cipher Wolfe,"Cipher Wolfe runs lookups on hybrid-analysis.com for public records, leaked data, archives, or investigative leads. Use only with a documented business purpose; log every query in the compliance audit.",,free,free,low,,"1. Open https://hybrid-analysis.com and verify access (some sources gate behind free signup).
2. Pull: `intel pull hybrid-analysis.com`.
3. Log the investigation reason in `Wholesale/compliance/osint_log.jsonl`.",,investigative platforms,3,auto,2026-05-12,photo_topic=investigative platforms to uncover truth on any subject
EIC-0463,photo_ocr,FB_IMG_1778509101649.jpg,"« ieeexplore.ieee.org - Engineering ,electronics research database",Ieeexplore,https://ieeexplore.ieee.org,ieeexplore.ieee.org,OSINT & Investigation,,"Engineering ,electronics research database",OSINT Desk,Cipher Wolfe,"Cipher Wolfe runs lookups on ieeexplore.ieee.org for public records, leaked data, archives, or investigative leads. Use only with a documented business purpose; log every query in the compliance audit.",,free,free,low,,"1. Open https://ieeexplore.ieee.org and verify access (some sources gate behind free signup).
2. Pull: `intel pull ieeexplore.ieee.org`.
3. Log the investigation reason in `Wholesale/compliance/osint_log.jsonl`.",,research toolkit,3,auto,2026-05-12,photo_topic=Ultimate OSINT and Research Toolkit
EIC-0464,photo_ocr,FB_IMG_1778509254932.jpg,¢ investopedia.com - finance concepts with simple explanations,Investopedia,https://investopedia.com,investopedia.com,OSINT & Investigation,,finance concepts with simple explanations,OSINT Desk,Cipher Wolfe,"Cipher Wolfe runs lookups on investopedia.com for public records, leaked data, archives, or investigative leads. Use only with a documented business purpose; log every query in the compliance audit.",,free,free,low,,"1. Open https://investopedia.com and verify access (some sources gate behind free signup).
2. Pull: `intel pull investopedia.com`.
3. Log the investigation reason in `Wholesale/compliance/osint_log.jsonl`.",,hidden global information,3,auto,2026-05-12,photo_topic=Tools to discover hidden global information | e thegreatestbooks.org   Top fiction books determined by critics
EIC-0465,photo_ocr,FB_IMG_1778509400749.jpg,¢ iplocation.net - Analyze IP addresses and track geographic location data,Iplocation,https://iplocation.net,iplocation.net,OSINT & Investigation,,Analyze IP addresses and track geographic location data,OSINT Desk,Cipher Wolfe,"Cipher Wolfe runs lookups on iplocation.net for public records, leaked data, archives, or investigative leads. Use only with a documented business purpose; log every query in the compliance audit.",,free,free,low,,"1. Open https://iplocation.net and verify access (some sources gate behind free signup).
2. Pull: `intel pull iplocation.net`.
3. Log the investigation reason in `Wholesale/compliance/osint_log.jsonl`.",,investigative platforms,3,auto,2026-05-12,photo_topic=investigative platforms to uncover truth on any subject
EIC-0466,photo_ocr,FB_IMG_1778509400749.jpg,¢ ipvoid.com - IP address blacklist and reputation checker,Ipvoid,https://ipvoid.com,ipvoid.com,OSINT & Investigation,,IP address blacklist and reputation checker,OSINT Desk,Cipher Wolfe,"Cipher Wolfe runs lookups on ipvoid.com for public records, leaked data, archives, or investigative leads. Use only with a documented business purpose; log every query in the compliance audit.",,free,free,low,,"1. Open https://ipvoid.com and verify access (some sources gate behind free signup).
2. Pull: `intel pull ipvoid.com`.
3. Log the investigation reason in `Wholesale/compliance/osint_log.jsonl`.",,investigative platforms,3,auto,2026-05-12,photo_topic=investigative platforms to uncover truth on any subject
EIC-0467,photo_ocr,FB_IMG_1778509174745.jpg,¢ jimpl.com - simple online EXIF metadata viewer,Jimpl,https://jimpl.com,jimpl.com,OSINT & Investigation,,simple online EXIF metadata viewer,OSINT Desk,Cipher Wolfe,"Cipher Wolfe runs lookups on jimpl.com for public records, leaked data, archives, or investigative leads. Use only with a documented business purpose; log every query in the compliance audit.",,free,free,low,,"1. Open https://jimpl.com and verify access (some sources gate behind free signup).
2. Pull: `intel pull jimpl.com`.
3. Log the investigation reason in `Wholesale/compliance/osint_log.jsonl`.",,metadata viewer,3,auto,2026-05-12,photo_topic=forensics tools experts rarely mention
EIC-0468,photo_ocr,FB_IMG_1778509400749.jpg,« keywordseverywhere.com - Reveal keyword data directly within search results,Keywordseverywhere,https://keywordseverywhere.com,keywordseverywhere.com,OSINT & Investigation,,Reveal keyword data directly within search results,OSINT Desk,Cipher Wolfe,"Cipher Wolfe runs lookups on keywordseverywhere.com for public records, leaked data, archives, or investigative leads. Use only with a documented business purpose; log every query in the compliance audit.",,free,free,low,,"1. Open https://keywordseverywhere.com and verify access (some sources gate behind free signup).
2. Pull: `intel pull keywordseverywhere.com`.
3. Log the investigation reason in `Wholesale/compliance/osint_log.jsonl`.",,investigative platforms,3,auto,2026-05-12,photo_topic=investigative platforms to uncover truth on any subject
EIC-0469,photo_ocr,FB_IMG_1778509216213.jpg,¢ killer.cloud - database of different homicide cases,Killer,https://killer.cloud,killer.cloud,OSINT & Investigation,,database of different homicide cases,OSINT Desk,Cipher Wolfe,"Cipher Wolfe runs lookups on killer.cloud for public records, leaked data, archives, or investigative leads. Use only with a documented business purpose; log every query in the compliance audit.",,free,free,low,,"1. Open https://killer.cloud and verify access (some sources gate behind free signup).
2. Pull: `intel pull killer.cloud`.
3. Log the investigation reason in `Wholesale/compliance/osint_log.jsonl`.",,crime patterns,3,auto,2026-05-12,photo_topic=Databases exposing crime patterns and evidence data
EIC-0470,photo_ocr,FB_IMG_1778509400749.jpg,« lenso.ai - Reverse image search with advanced recognition capabilities,Lenso,https://lenso.ai,lenso.ai,OSINT & Investigation,,Reverse image search with advanced recognition capabilities,OSINT Desk,Cipher Wolfe,"Cipher Wolfe runs lookups on lenso.ai for public records, leaked data, archives, or investigative leads. Use only with a documented business purpose; log every query in the compliance audit.",,free,free,low,,"1. Open https://lenso.ai and verify access (some sources gate behind free signup).
2. Pull: `intel pull lenso.ai`.
3. Log the investigation reason in `Wholesale/compliance/osint_log.jsonl`.",,investigative platforms,3,auto,2026-05-12,photo_topic=investigative platforms to uncover truth on any subject
EIC-0471,photo_ocr,FB_IMG_1778509174745.jpg,¢ libimobiledevice.org - access data from ios devices,Libimobiledevice,https://libimobiledevice.org,libimobiledevice.org,OSINT & Investigation,,access data from ios devices,OSINT Desk,Cipher Wolfe,"Cipher Wolfe runs lookups on libimobiledevice.org for public records, leaked data, archives, or investigative leads. Use only with a documented business purpose; log every query in the compliance audit.",,free,free,low,,"1. Open https://libimobiledevice.org and verify access (some sources gate behind free signup).
2. Pull: `intel pull libimobiledevice.org`.
3. Log the investigation reason in `Wholesale/compliance/osint_log.jsonl`.",,forensics tools,3,auto,2026-05-12,photo_topic=forensics tools experts rarely mention
EIC-0472,photo_ocr,FB_IMG_1778509462625.jpg,¢ lootedart.com - Global database tracking looted art restitution cases,Lootedart,https://lootedart.com,lootedart.com,OSINT & Investigation,,Global database tracking looted art restitution cases,OSINT Desk,Cipher Wolfe,"Cipher Wolfe runs lookups on lootedart.com for public records, leaked data, archives, or investigative leads. Use only with a documented business purpose; log every query in the compliance audit.",,free,free,low,,"1. Open https://lootedart.com and verify access (some sources gate behind free signup).
2. Pull: `intel pull lootedart.com`.
3. Log the investigation reason in `Wholesale/compliance/osint_log.jsonl`.",,hidden mysteries,3,auto,2026-05-12,photo_topic=Sites to dive Into the world's hidden Mysteries...
EIC-0473,photo_ocr,FB_IMG_1778509400749.jpg,¢ macvendors.com - Identify device manufacturers using MAC address,Macvendors,https://macvendors.com,macvendors.com,OSINT & Investigation,,Identify device manufacturers using MAC address,OSINT Desk,Cipher Wolfe,"Cipher Wolfe runs lookups on macvendors.com for public records, leaked data, archives, or investigative leads. Use only with a documented business purpose; log every query in the compliance audit.",,free,free,low,,"1. Open https://macvendors.com and verify access (some sources gate behind free signup).
2. Pull: `intel pull macvendors.com`.
3. Log the investigation reason in `Wholesale/compliance/osint_log.jsonl`.",,investigative platforms,3,auto,2026-05-12,photo_topic=investigative platforms to uncover truth on any subject
EIC-0474,photo_ocr,FB_IMG_1778509174745.jpg,¢ maigret.dev - advanced username footprint investigation tool,Maigret,https://maigret.dev,maigret.dev,OSINT & Investigation,,advanced username footprint investigation tool,OSINT Desk,Cipher Wolfe,"Cipher Wolfe runs lookups on maigret.dev for public records, leaked data, archives, or investigative leads. Use only with a documented business purpose; log every query in the compliance audit.",,free,free,low,,"1. Open https://maigret.dev and verify access (some sources gate behind free signup).
2. Pull: `intel pull maigret.dev`.
3. Log the investigation reason in `Wholesale/compliance/osint_log.jsonl`.",,forensics tools,3,auto,2026-05-12,photo_topic=forensics tools experts rarely mention
EIC-0475,photo_ocr,FB_IMG_1778509400749.jpg,« mailtester.com - Verify email address validity without sending messages,Mailtester,https://mailtester.com,mailtester.com,OSINT & Investigation,,Verify email address validity without sending messages,OSINT Desk,Cipher Wolfe,"Cipher Wolfe runs lookups on mailtester.com for public records, leaked data, archives, or investigative leads. Use only with a documented business purpose; log every query in the compliance audit.",,free,free,low,,"1. Open https://mailtester.com and verify access (some sources gate behind free signup).
2. Pull: `intel pull mailtester.com`.
3. Log the investigation reason in `Wholesale/compliance/osint_log.jsonl`.",,investigative platforms,3,auto,2026-05-12,photo_topic=investigative platforms to uncover truth on any subject
EIC-0476,photo_ocr,FB_IMG_1778509462625.jpg,* majesticdocuments.com - Leaked Majestic-12 UFO secret government files.,Majesticdocuments,https://majesticdocuments.com,majesticdocuments.com,OSINT & Investigation,,Leaked Majestic-12 UFO secret government files,OSINT Desk,Cipher Wolfe,"Cipher Wolfe runs lookups on majesticdocuments.com for public records, leaked data, archives, or investigative leads. Use only with a documented business purpose; log every query in the compliance audit.",,free,free,low,,"1. Open https://majesticdocuments.com and verify access (some sources gate behind free signup).
2. Pull: `intel pull majesticdocuments.com`.
3. Log the investigation reason in `Wholesale/compliance/osint_log.jsonl`.",,hidden mysteries,3,auto,2026-05-12,photo_topic=Sites to dive Into the world's hidden Mysteries...
EIC-0477,photo_ocr,FB_IMG_1778509216213.jpg,¢ mappingpoliceviolence.org - patterns in police violence data,Mappingpoliceviolence,https://mappingpoliceviolence.org,mappingpoliceviolence.org,OSINT & Investigation,,patterns in police violence data,OSINT Desk,Cipher Wolfe,"Cipher Wolfe runs lookups on mappingpoliceviolence.org for public records, leaked data, archives, or investigative leads. Use only with a documented business purpose; log every query in the compliance audit.",,free,free,low,,"1. Open https://mappingpoliceviolence.org and verify access (some sources gate behind free signup).
2. Pull: `intel pull mappingpoliceviolence.org`.
3. Log the investigation reason in `Wholesale/compliance/osint_log.jsonl`.",,crime patterns,3,auto,2026-05-12,photo_topic=Databases exposing crime patterns and evidence data
EIC-0478,photo_ocr,FB_IMG_1778509462625.jpg,¢ mufon.com - World's largest UFO investigation network,Mufon,https://mufon.com,mufon.com,OSINT & Investigation,,World's largest UFO investigation network,OSINT Desk,Cipher Wolfe,"Cipher Wolfe runs lookups on mufon.com for public records, leaked data, archives, or investigative leads. Use only with a documented business purpose; log every query in the compliance audit.",,free,free,low,,"1. Open https://mufon.com and verify access (some sources gate behind free signup).
2. Pull: `intel pull mufon.com`.
3. Log the investigation reason in `Wholesale/compliance/osint_log.jsonl`.",,hidden mysteries,3,auto,2026-05-12,photo_topic=Sites to dive Into the world's hidden Mysteries...
EIC-0479,photo_ocr,FB_IMG_1778509254932.jpg,¢ musicmap.info - Genealogy of all popular music genres visualized,Musicmap,https://musicmap.info,musicmap.info,OSINT & Investigation,,Genealogy of all popular music genres visualized,OSINT Desk,Cipher Wolfe,"Cipher Wolfe runs lookups on musicmap.info for public records, leaked data, archives, or investigative leads. Use only with a documented business purpose; log every query in the compliance audit.",,free,free,low,,"1. Open https://musicmap.info and verify access (some sources gate behind free signup).
2. Pull: `intel pull musicmap.info`.
3. Log the investigation reason in `Wholesale/compliance/osint_log.jsonl`.",,hidden global information,3,auto,2026-05-12,photo_topic=Tools to discover hidden global information | e thegreatestbooks.org   Top fiction books determined by critics
EIC-0480,photo_ocr,FB_IMG_1778509254932.jpg,¢ mynoise.net - Best ambient soundscapes for every mood,Mynoise,https://mynoise.net,mynoise.net,OSINT & Investigation,,Best ambient soundscapes for every mood,OSINT Desk,Cipher Wolfe,"Cipher Wolfe runs lookups on mynoise.net for public records, leaked data, archives, or investigative leads. Use only with a documented business purpose; log every query in the compliance audit.",,free,free,low,,"1. Open https://mynoise.net and verify access (some sources gate behind free signup).
2. Pull: `intel pull mynoise.net`.
3. Log the investigation reason in `Wholesale/compliance/osint_log.jsonl`.",,hidden global information,3,auto,2026-05-12,photo_topic=Tools to discover hidden global information | e thegreatestbooks.org   Top fiction books determined by critics
EIC-0481,photo_ocr,FB_IMG_1778509462625.jpg,¢ mysteriousuniverse.org - Weird unexplained phenomena podcast news,Mysteriousuniverse,https://mysteriousuniverse.org,mysteriousuniverse.org,OSINT & Investigation,,Weird unexplained phenomena podcast news,OSINT Desk,Cipher Wolfe,"Cipher Wolfe runs lookups on mysteriousuniverse.org for public records, leaked data, archives, or investigative leads. Use only with a documented business purpose; log every query in the compliance audit.",,free,free,low,,"1. Open https://mysteriousuniverse.org and verify access (some sources gate behind free signup).
2. Pull: `intel pull mysteriousuniverse.org`.
3. Log the investigation reason in `Wholesale/compliance/osint_log.jsonl`.",,hidden mysteries,3,auto,2026-05-12,photo_topic=Sites to dive Into the world's hidden Mysteries...
EIC-0482,photo_ocr,FB_IMG_1778509174745.jpg,¢ niksun.com - deep network packet forensics investigation system,Niksun,https://niksun.com,niksun.com,OSINT & Investigation,,deep network packet forensics investigation system,OSINT Desk,Cipher Wolfe,"Cipher Wolfe runs lookups on niksun.com for public records, leaked data, archives, or investigative leads. Use only with a documented business purpose; log every query in the compliance audit.",,free,free,low,,"1. Open https://niksun.com and verify access (some sources gate behind free signup).
2. Pull: `intel pull niksun.com`.
3. Log the investigation reason in `Wholesale/compliance/osint_log.jsonl`.",,forensics tools,3,auto,2026-05-12,photo_topic=forensics tools experts rarely mention
EIC-0483,photo_ocr,FB_IMG_1778509419261.jpg,¢ npmjs.com - look for JavaScript packages and developer modules.,Npmjs,https://npmjs.com,npmjs.com,OSINT & Investigation,,look for JavaScript packages and developer modules,OSINT Desk,Cipher Wolfe,"Cipher Wolfe runs lookups on npmjs.com for public records, leaked data, archives, or investigative leads. Use only with a documented business purpose; log every query in the compliance audit.",,free,free,low,,"1. Open https://npmjs.com and verify access (some sources gate behind free signup).
2. Pull: `intel pull npmjs.com`.
3. Log the investigation reason in `Wholesale/compliance/osint_log.jsonl`.",,specialized search engines,3,auto,2026-05-12,photo_topic=:     tt sC«é@BBD@Claavew’ | Specialized search engines for different purposes.
EIC-0484,photo_ocr,FB_IMG_1778509462625.jpg,"¢ nuforc.org - 170,000+ worldwide UFO sightings database.",Nuforc,https://nuforc.org,nuforc.org,OSINT & Investigation,,"170,000+ worldwide UFO sightings database",OSINT Desk,Cipher Wolfe,"Cipher Wolfe runs lookups on nuforc.org for public records, leaked data, archives, or investigative leads. Use only with a documented business purpose; log every query in the compliance audit.",,free,free,low,,"1. Open https://nuforc.org and verify access (some sources gate behind free signup).
2. Pull: `intel pull nuforc.org`.
3. Log the investigation reason in `Wholesale/compliance/osint_log.jsonl`.",,hidden mysteries,3,auto,2026-05-12,photo_topic=Sites to dive Into the world's hidden Mysteries...
EIC-0485,photo_ocr,FB_IMG_1778509400749.jpg,« numverify.com - Validate phone numbers and detect carrier details,Numverify,https://numverify.com,numverify.com,OSINT & Investigation,,Validate phone numbers and detect carrier details,OSINT Desk,Cipher Wolfe,"Cipher Wolfe runs lookups on numverify.com for public records, leaked data, archives, or investigative leads. Use only with a documented business purpose; log every query in the compliance audit.",,free,free,low,,"1. Open https://numverify.com and verify access (some sources gate behind free signup).
2. Pull: `intel pull numverify.com`.
3. Log the investigation reason in `Wholesale/compliance/osint_log.jsonl`.",,investigative platforms,3,auto,2026-05-12,photo_topic=investigative platforms to uncover truth on any subject
EIC-0486,photo_ocr,FB_IMG_1778509216213.jpg,¢ offshoreleaks.icij.org - Search hidden offshore financial records,Offshoreleaks,https://offshoreleaks.icij.org,offshoreleaks.icij.org,OSINT & Investigation,,offshore companies and hidden financial networks data,OSINT Desk,Cipher Wolfe,"Cipher Wolfe runs lookups on offshoreleaks.icij.org for public records, leaked data, archives, or investigative leads. Use only with a documented business purpose; log every query in the compliance audit.",,free,free,low,,"1. Open https://offshoreleaks.icij.org and verify access (some sources gate behind free signup).
2. Pull: `intel pull offshoreleaks.icij.org`.
3. Log the investigation reason in `Wholesale/compliance/osint_log.jsonl`.",,crime patterns,3,auto,2026-05-12,photo_topic=Databases exposing crime patterns and evidence data | photo_topic=platforms for finding hard to  access information..
EIC-0487,photo_ocr,FB_IMG_1778509507011.jpg,* opencorporates.com - Data on 225 milliont+ global companies.,Opencorporates,https://opencorporates.com,opencorporates.com,OSINT & Investigation,,Data on 225 milliont+ global companies,OSINT Desk,Cipher Wolfe,"Cipher Wolfe runs lookups on opencorporates.com for public records, leaked data, archives, or investigative leads. Use only with a documented business purpose; log every query in the compliance audit.",,free,free,low,,"1. Open https://opencorporates.com and verify access (some sources gate behind free signup).
2. Pull: `intel pull opencorporates.com`.
3. Log the investigation reason in `Wholesale/compliance/osint_log.jsonl`.",,opencorporates,3,auto,2026-05-12,photo_topic=platforms for finding hard to  access information..
EIC-0488,photo_ocr,FB_IMG_1778509101649.jpg,« openknowledgemaps.org - Visual maps of research topics,Openknowledgemaps,https://openknowledgemaps.org,openknowledgemaps.org,OSINT & Investigation,,Visual maps of research topics,OSINT Desk,Cipher Wolfe,"Cipher Wolfe runs lookups on openknowledgemaps.org for public records, leaked data, archives, or investigative leads. Use only with a documented business purpose; log every query in the compliance audit.",,free,free,low,,"1. Open https://openknowledgemaps.org and verify access (some sources gate behind free signup).
2. Pull: `intel pull openknowledgemaps.org`.
3. Log the investigation reason in `Wholesale/compliance/osint_log.jsonl`.",,research toolkit,3,auto,2026-05-12,photo_topic=Ultimate OSINT and Research Toolkit
EIC-0489,photo_ocr,FB_IMG_1778509216213.jpg,¢ openmhz.com - Listen to archived police radio traffic,Openmhz,https://openmhz.com,openmhz.com,OSINT & Investigation,,Listen to archived police radio traffic,OSINT Desk,Cipher Wolfe,"Cipher Wolfe runs lookups on openmhz.com for public records, leaked data, archives, or investigative leads. Use only with a documented business purpose; log every query in the compliance audit.",,free,free,low,,"1. Open https://openmhz.com and verify access (some sources gate behind free signup).
2. Pull: `intel pull openmhz.com`.
3. Log the investigation reason in `Wholesale/compliance/osint_log.jsonl`.",,crime patterns,3,auto,2026-05-12,photo_topic=Databases exposing crime patterns and evidence data
EIC-0490,photo_ocr,FB_IMG_1778509462625.jpg,* opensanctions.org - Hidden global criminal financial sanctions,Opensanctions,https://opensanctions.org,opensanctions.org,OSINT & Investigation,,Hidden global criminal financial sanctions,OSINT Desk,Cipher Wolfe,"Cipher Wolfe runs lookups on opensanctions.org for public records, leaked data, archives, or investigative leads. Use only with a documented business purpose; log every query in the compliance audit.",,free,free,low,,"1. Open https://opensanctions.org and verify access (some sources gate behind free signup).
2. Pull: `intel pull opensanctions.org`.
3. Log the investigation reason in `Wholesale/compliance/osint_log.jsonl`.",,hidden mysteries,3,auto,2026-05-12,photo_topic=Sites to dive Into the world's hidden Mysteries...
EIC-0491,photo_ocr,FB_IMG_1778509254932.jpg,¢ opensourcealternative.to - 500+ open source alternatives directory,Opensourcealternative,https://opensourcealternative.to,opensourcealternative.to,OSINT & Investigation,,500+ open source alternatives directory,OSINT Desk,Cipher Wolfe,"Cipher Wolfe runs lookups on opensourcealternative.to for public records, leaked data, archives, or investigative leads. Use only with a documented business purpose; log every query in the compliance audit.",,free,free,low,,"1. Open https://opensourcealternative.to and verify access (some sources gate behind free signup).
2. Pull: `intel pull opensourcealternative.to`.
3. Log the investigation reason in `Wholesale/compliance/osint_log.jsonl`.",,hidden global information,3,auto,2026-05-12,photo_topic=Tools to discover hidden global information | e thegreatestbooks.org   Top fiction books determined by critics
EIC-0492,photo_ocr,FB_IMG_1778509400749.jpg,¢ osint.sh - Curated investigative tools for deep online intelligence work.,Osint,https://osint.sh,osint.sh,OSINT & Investigation,,Curated investigative tools for deep online intelligence work,OSINT Desk,Cipher Wolfe,"Cipher Wolfe runs lookups on osint.sh for public records, leaked data, archives, or investigative leads. Use only with a documented business purpose; log every query in the compliance audit.",,free,free,low,,"1. Open https://osint.sh and verify access (some sources gate behind free signup).
2. Pull: `intel pull osint.sh`.
3. Log the investigation reason in `Wholesale/compliance/osint_log.jsonl`.",,investigative platforms,3,auto,2026-05-12,photo_topic=investigative platforms to uncover truth on any subject
EIC-0493,photo_ocr,FB_IMG_1778509101649.jpg,¢ osintframework.com - large directory of every free OSINT tool,Osintframework,https://osintframework.com,osintframework.com,OSINT & Investigation,,large directory of every free OSINT tool,OSINT Desk,Cipher Wolfe,"Cipher Wolfe runs lookups on osintframework.com for public records, leaked data, archives, or investigative leads. Use only with a documented business purpose; log every query in the compliance audit.",,free,free,low,,"1. Open https://osintframework.com and verify access (some sources gate behind free signup).
2. Pull: `intel pull osintframework.com`.
3. Log the investigation reason in `Wholesale/compliance/osint_log.jsonl`.",,research toolkit,3,auto,2026-05-12,photo_topic=Ultimate OSINT and Research Toolkit
EIC-0494,photo_ocr,FB_IMG_1778509101649.jpg,¢ osintupdates.com - OSINT learning resources,Osintupdates,https://osintupdates.com,osintupdates.com,OSINT & Investigation,,OSINT learning resources,OSINT Desk,Cipher Wolfe,"Cipher Wolfe runs lookups on osintupdates.com for public records, leaked data, archives, or investigative leads. Use only with a documented business purpose; log every query in the compliance audit.",,free,free,low,,"1. Open https://osintupdates.com and verify access (some sources gate behind free signup).
2. Pull: `intel pull osintupdates.com`.
3. Log the investigation reason in `Wholesale/compliance/osint_log.jsonl`.",,research toolkit,3,auto,2026-05-12,photo_topic=Ultimate OSINT and Research Toolkit
EIC-0495,photo_ocr,FB_IMG_1778509174745.jpg,¢ osquery.io - query system state for forensic evidence,Osquery,https://osquery.io,osquery.io,OSINT & Investigation,,query system state for forensic evidence,OSINT Desk,Cipher Wolfe,"Cipher Wolfe runs lookups on osquery.io for public records, leaked data, archives, or investigative leads. Use only with a documented business purpose; log every query in the compliance audit.",,free,free,low,,"1. Open https://osquery.io and verify access (some sources gate behind free signup).
2. Pull: `intel pull osquery.io`.
3. Log the investigation reason in `Wholesale/compliance/osint_log.jsonl`.",,forensics tools,3,auto,2026-05-12,photo_topic=forensics tools experts rarely mention
EIC-0496,photo_ocr,FB_IMG_1778509254932.jpg,¢ paletton.com - Best color palette combinations for designers,Paletton,https://paletton.com,paletton.com,OSINT & Investigation,,Best color palette combinations for designers,OSINT Desk,Cipher Wolfe,"Cipher Wolfe runs lookups on paletton.com for public records, leaked data, archives, or investigative leads. Use only with a documented business purpose; log every query in the compliance audit.",,free,free,low,,"1. Open https://paletton.com and verify access (some sources gate behind free signup).
2. Pull: `intel pull paletton.com`.
3. Log the investigation reason in `Wholesale/compliance/osint_log.jsonl`.",,hidden global information,3,auto,2026-05-12,photo_topic=Tools to discover hidden global information | e thegreatestbooks.org   Top fiction books determined by critics
EIC-0497,photo_ocr,FB_IMG_1778509216213.jpg,* panamapapers.icij.org - offshore entities linked to scandals,Panamapapers,https://panamapapers.icij.org,panamapapers.icij.org,OSINT & Investigation,,offshore entities linked to scandals,OSINT Desk,Cipher Wolfe,"Cipher Wolfe runs lookups on panamapapers.icij.org for public records, leaked data, archives, or investigative leads. Use only with a documented business purpose; log every query in the compliance audit.",,free,free,low,,"1. Open https://panamapapers.icij.org and verify access (some sources gate behind free signup).
2. Pull: `intel pull panamapapers.icij.org`.
3. Log the investigation reason in `Wholesale/compliance/osint_log.jsonl`.",,crime patterns,3,auto,2026-05-12,photo_topic=Databases exposing crime patterns and evidence data
EIC-0498,photo_ocr,FB_IMG_1778509462625.jpg,¢ paranormaldailynews.com - supernatural paranormal news coverage,Paranormaldailynews,https://paranormaldailynews.com,paranormaldailynews.com,OSINT & Investigation,,supernatural paranormal news coverage,OSINT Desk,Cipher Wolfe,"Cipher Wolfe runs lookups on paranormaldailynews.com for public records, leaked data, archives, or investigative leads. Use only with a documented business purpose; log every query in the compliance audit.",,free,free,low,,"1. Open https://paranormaldailynews.com and verify access (some sources gate behind free signup).
2. Pull: `intel pull paranormaldailynews.com`.
3. Log the investigation reason in `Wholesale/compliance/osint_log.jsonl`.",,hidden mysteries,3,auto,2026-05-12,photo_topic=Sites to dive Into the world's hidden Mysteries...
EIC-0499,photo_ocr,FB_IMG_1778509174745.jpg,¢ passware.com - encrypted disk and password forensic recovery tool,Passware,https://passware.com,passware.com,OSINT & Investigation,,encrypted disk and password forensic recovery tool,OSINT Desk,Cipher Wolfe,"Cipher Wolfe runs lookups on passware.com for public records, leaked data, archives, or investigative leads. Use only with a documented business purpose; log every query in the compliance audit.",,free,free,low,,"1. Open https://passware.com and verify access (some sources gate behind free signup).
2. Pull: `intel pull passware.com`.
3. Log the investigation reason in `Wholesale/compliance/osint_log.jsonl`.",,forensics tools,3,auto,2026-05-12,photo_topic=forensics tools experts rarely mention
EIC-0500,photo_ocr,FB_IMG_1778509462625.jpg,¢ phantomsandmonsters.com - Cryptid humanoid encounter reports,Phantomsandmonsters,https://phantomsandmonsters.com,phantomsandmonsters.com,OSINT & Investigation,,Cryptid humanoid encounter reports,OSINT Desk,Cipher Wolfe,"Cipher Wolfe runs lookups on phantomsandmonsters.com for public records, leaked data, archives, or investigative leads. Use only with a documented business purpose; log every query in the compliance audit.",,free,free,low,,"1. Open https://phantomsandmonsters.com and verify access (some sources gate behind free signup).
2. Pull: `intel pull phantomsandmonsters.com`.
3. Log the investigation reason in `Wholesale/compliance/osint_log.jsonl`.",,hidden mysteries,3,auto,2026-05-12,photo_topic=Sites to dive Into the world's hidden Mysteries...
EIC-0501,photo_ocr,FB_IMG_1778509254932.jpg,¢ philosophybasics.com - Every philosopher and idea ever listed..,Philosophybasics,https://philosophybasics.com,philosophybasics.com,OSINT & Investigation,,Every philosopher and idea ever listed,OSINT Desk,Cipher Wolfe,"Cipher Wolfe runs lookups on philosophybasics.com for public records, leaked data, archives, or investigative leads. Use only with a documented business purpose; log every query in the compliance audit.",,free,free,low,,"1. Open https://philosophybasics.com and verify access (some sources gate behind free signup).
2. Pull: `intel pull philosophybasics.com`.
3. Log the investigation reason in `Wholesale/compliance/osint_log.jsonl`.",,hidden global information,3,auto,2026-05-12,photo_topic=Tools to discover hidden global information | e thegreatestbooks.org   Top fiction books determined by critics
EIC-0502,photo_ocr,FB_IMG_1778509174745.jpg,« plaso.readthedocs.io - extract logs and generate forensic timelines,Plaso,https://plaso.readthedocs.io,plaso.readthedocs.io,OSINT & Investigation,,extract logs and generate forensic timelines,OSINT Desk,Cipher Wolfe,"Cipher Wolfe runs lookups on plaso.readthedocs.io for public records, leaked data, archives, or investigative leads. Use only with a documented business purpose; log every query in the compliance audit.",,free,free,low,,"1. Open https://plaso.readthedocs.io and verify access (some sources gate behind free signup).
2. Pull: `intel pull plaso.readthedocs.io`.
3. Log the investigation reason in `Wholesale/compliance/osint_log.jsonl`.",,forensics tools,3,auto,2026-05-12,photo_topic=forensics tools experts rarely mention
EIC-0503,photo_ocr,FB_IMG_1778509216213.jpg,¢ policescorecard.org - Compare policing data across departments,Policescorecard,https://policescorecard.org,policescorecard.org,OSINT & Investigation,,Compare policing data across departments,OSINT Desk,Cipher Wolfe,"Cipher Wolfe runs lookups on policescorecard.org for public records, leaked data, archives, or investigative leads. Use only with a documented business purpose; log every query in the compliance audit.",,free,free,low,,"1. Open https://policescorecard.org and verify access (some sources gate behind free signup).
2. Pull: `intel pull policescorecard.org`.
3. Log the investigation reason in `Wholesale/compliance/osint_log.jsonl`.",,crime patterns,3,auto,2026-05-12,photo_topic=Databases exposing crime patterns and evidence data
EIC-0504,photo_ocr,FB_IMG_1778509254932.jpg,¢ popsci.com - Latest science breakthroughs curated by topic,Popsci,https://popsci.com,popsci.com,OSINT & Investigation,,Latest science breakthroughs curated by topic,OSINT Desk,Cipher Wolfe,"Cipher Wolfe runs lookups on popsci.com for public records, leaked data, archives, or investigative leads. Use only with a documented business purpose; log every query in the compliance audit.",,free,free,low,,"1. Open https://popsci.com and verify access (some sources gate behind free signup).
2. Pull: `intel pull popsci.com`.
3. Log the investigation reason in `Wholesale/compliance/osint_log.jsonl`.",,hidden global information,3,auto,2026-05-12,photo_topic=Tools to discover hidden global information | e thegreatestbooks.org   Top fiction books determined by critics
EIC-0505,photo_ocr,FB_IMG_1778509419261.jpg,¢ projecteuclid.org - Search mathematics and statistics research papers.,Projecteuclid,https://projecteuclid.org,projecteuclid.org,OSINT & Investigation,,Search mathematics and statistics research papers,OSINT Desk,Cipher Wolfe,"Cipher Wolfe runs lookups on projecteuclid.org for public records, leaked data, archives, or investigative leads. Use only with a documented business purpose; log every query in the compliance audit.",,free,free,low,,"1. Open https://projecteuclid.org and verify access (some sources gate behind free signup).
2. Pull: `intel pull projecteuclid.org`.
3. Log the investigation reason in `Wholesale/compliance/osint_log.jsonl`.",,specialized search engines,3,auto,2026-05-12,photo_topic=:     tt sC«é@BBD@Claavew’ | Specialized search engines for different purposes.
EIC-0506,photo_ocr,FB_IMG_1778509400749.jpg,¢ pushshift.io - Access archived Reddit data for deep investigations,Pushshift,https://pushshift.io,pushshift.io,OSINT & Investigation,,Access archived Reddit data for deep investigations,OSINT Desk,Cipher Wolfe,"Cipher Wolfe runs lookups on pushshift.io for public records, leaked data, archives, or investigative leads. Use only with a documented business purpose; log every query in the compliance audit.",,free,free,low,,"1. Open https://pushshift.io and verify access (some sources gate behind free signup).
2. Pull: `intel pull pushshift.io`.
3. Log the investigation reason in `Wholesale/compliance/osint_log.jsonl`.",,investigative platforms,3,auto,2026-05-12,photo_topic=investigative platforms to uncover truth on any subject
EIC-0507,photo_ocr,FB_IMG_1778509101649.jpg,¢ quirks.com - market research methods explained,Quirks,https://quirks.com,quirks.com,OSINT & Investigation,,market research methods explained,OSINT Desk,Cipher Wolfe,"Cipher Wolfe runs lookups on quirks.com for public records, leaked data, archives, or investigative leads. Use only with a documented business purpose; log every query in the compliance audit.",,free,free,low,,"1. Open https://quirks.com and verify access (some sources gate behind free signup).
2. Pull: `intel pull quirks.com`.
3. Log the investigation reason in `Wholesale/compliance/osint_log.jsonl`.",,research toolkit,3,auto,2026-05-12,photo_topic=Ultimate OSINT and Research Toolkit
EIC-0508,photo_ocr,FB_IMG_1778509216213.jpg,¢ radioreference.com - Find different radio systems and frequencies,Radioreference,https://radioreference.com,radioreference.com,OSINT & Investigation,,Find different radio systems and frequencies,OSINT Desk,Cipher Wolfe,"Cipher Wolfe runs lookups on radioreference.com for public records, leaked data, archives, or investigative leads. Use only with a documented business purpose; log every query in the compliance audit.",,free,free,low,,"1. Open https://radioreference.com and verify access (some sources gate behind free signup).
2. Pull: `intel pull radioreference.com`.
3. Log the investigation reason in `Wholesale/compliance/osint_log.jsonl`.",,crime patterns,3,auto,2026-05-12,photo_topic=Databases exposing crime patterns and evidence data
EIC-0509,photo_ocr,FB_IMG_1778509254932.jpg,« rationalwiki.org - Curated debunking of myths and pseudoscience claims,Rationalwiki,https://rationalwiki.org,rationalwiki.org,OSINT & Investigation,,Curated debunking of myths and pseudoscience claims,OSINT Desk,Cipher Wolfe,"Cipher Wolfe runs lookups on rationalwiki.org for public records, leaked data, archives, or investigative leads. Use only with a documented business purpose; log every query in the compliance audit.",,free,free,low,,"1. Open https://rationalwiki.org and verify access (some sources gate behind free signup).
2. Pull: `intel pull rationalwiki.org`.
3. Log the investigation reason in `Wholesale/compliance/osint_log.jsonl`.",,hidden global information,3,auto,2026-05-12,photo_topic=Tools to discover hidden global information | e thegreatestbooks.org   Top fiction books determined by critics
EIC-0510,photo_ocr,FB_IMG_1778509101649.jpg,- refseek.com - search across billions of documents,Refseek,https://refseek.com,refseek.com,OSINT & Investigation,,search across billions of documents,OSINT Desk,Cipher Wolfe,"Cipher Wolfe runs lookups on refseek.com for public records, leaked data, archives, or investigative leads. Use only with a documented business purpose; log every query in the compliance audit.",,free,free,low,,"1. Open https://refseek.com and verify access (some sources gate behind free signup).
2. Pull: `intel pull refseek.com`.
3. Log the investigation reason in `Wholesale/compliance/osint_log.jsonl`.",,research toolkit,3,auto,2026-05-12,photo_topic=Ultimate OSINT and Research Toolkit
EIC-0511,photo_ocr,FB_IMG_1778509101649.jpg,¢ researchgate.net - Researcher network /paper sharing,Researchgate,https://researchgate.net,researchgate.net,OSINT & Investigation,,Researcher network /paper sharing,OSINT Desk,Cipher Wolfe,"Cipher Wolfe runs lookups on researchgate.net for public records, leaked data, archives, or investigative leads. Use only with a documented business purpose; log every query in the compliance audit.",,free,free,low,,"1. Open https://researchgate.net and verify access (some sources gate behind free signup).
2. Pull: `intel pull researchgate.net`.
3. Log the investigation reason in `Wholesale/compliance/osint_log.jsonl`.",,research toolkit,3,auto,2026-05-12,photo_topic=Ultimate OSINT and Research Toolkit
EIC-0512,photo_ocr,FB_IMG_1778509101649.jpg,¢ researchmethodology.org - understand every research approach,Researchmethodology,https://researchmethodology.org,researchmethodology.org,OSINT & Investigation,,understand every research approach,OSINT Desk,Cipher Wolfe,"Cipher Wolfe runs lookups on researchmethodology.org for public records, leaked data, archives, or investigative leads. Use only with a documented business purpose; log every query in the compliance audit.",,free,free,low,,"1. Open https://researchmethodology.org and verify access (some sources gate behind free signup).
2. Pull: `intel pull researchmethodology.org`.
3. Log the investigation reason in `Wholesale/compliance/osint_log.jsonl`.",,research toolkit,3,auto,2026-05-12,photo_topic=Ultimate OSINT and Research Toolkit
EIC-0513,photo_ocr,FB_IMG_1778509400749.jpg,* reverseip.domaintools.com - Discover all domains hosted on same server,Reverseip,https://reverseip.domaintools.com,reverseip.domaintools.com,OSINT & Investigation,,Discover all domains hosted on same server,OSINT Desk,Cipher Wolfe,"Cipher Wolfe runs lookups on reverseip.domaintools.com for public records, leaked data, archives, or investigative leads. Use only with a documented business purpose; log every query in the compliance audit.",,free,free,low,,"1. Open https://reverseip.domaintools.com and verify access (some sources gate behind free signup).
2. Pull: `intel pull reverseip.domaintools.com`.
3. Log the investigation reason in `Wholesale/compliance/osint_log.jsonl`.",,investigative platforms,3,auto,2026-05-12,photo_topic=investigative platforms to uncover truth on any subject
EIC-0514,photo_ocr,FB_IMG_1778509101649.jpg,¢ scispace.com - Simple explanations of research papers,Scispace,https://scispace.com,scispace.com,OSINT & Investigation,,Simple explanations of research papers,OSINT Desk,Cipher Wolfe,"Cipher Wolfe runs lookups on scispace.com for public records, leaked data, archives, or investigative leads. Use only with a documented business purpose; log every query in the compliance audit.",,free,free,low,,"1. Open https://scispace.com and verify access (some sources gate behind free signup).
2. Pull: `intel pull scispace.com`.
3. Log the investigation reason in `Wholesale/compliance/osint_log.jsonl`.",,research toolkit,3,auto,2026-05-12,photo_topic=Ultimate OSINT and Research Toolkit
EIC-0515,photo_ocr,FB_IMG_1778509216213.jpg,¢ serialkillersinfo.com - Study serial killers and crime patterns,Serialkillersinfo,https://serialkillersinfo.com,serialkillersinfo.com,OSINT & Investigation,,Study serial killers and crime patterns,OSINT Desk,Cipher Wolfe,"Cipher Wolfe runs lookups on serialkillersinfo.com for public records, leaked data, archives, or investigative leads. Use only with a documented business purpose; log every query in the compliance audit.",,free,free,low,,"1. Open https://serialkillersinfo.com and verify access (some sources gate behind free signup).
2. Pull: `intel pull serialkillersinfo.com`.
3. Log the investigation reason in `Wholesale/compliance/osint_log.jsonl`.",,crime patterns,3,auto,2026-05-12,photo_topic=Databases exposing crime patterns and evidence data
EIC-0516,photo_ocr,FB_IMG_1778509400749.jpg,¢ serpstat.com - Analyze search visibility and keyword intelligence,Serpstat,https://serpstat.com,serpstat.com,OSINT & Investigation,,Analyze search visibility and keyword intelligence,OSINT Desk,Cipher Wolfe,"Cipher Wolfe runs lookups on serpstat.com for public records, leaked data, archives, or investigative leads. Use only with a documented business purpose; log every query in the compliance audit.",,free,free,low,,"1. Open https://serpstat.com and verify access (some sources gate behind free signup).
2. Pull: `intel pull serpstat.com`.
3. Log the investigation reason in `Wholesale/compliance/osint_log.jsonl`.",,investigative platforms,3,auto,2026-05-12,photo_topic=investigative platforms to uncover truth on any subject
EIC-0517,photo_ocr,FB_IMG_1778509400749.jpg,¢ sitecheck.sucuri.net - Scan websites for malware and security issues..,Sitecheck,https://sitecheck.sucuri.net,sitecheck.sucuri.net,OSINT & Investigation,,Scan websites for malware and security issues,OSINT Desk,Cipher Wolfe,"Cipher Wolfe runs lookups on sitecheck.sucuri.net for public records, leaked data, archives, or investigative leads. Use only with a documented business purpose; log every query in the compliance audit.",,free,free,low,,"1. Open https://sitecheck.sucuri.net and verify access (some sources gate behind free signup).
2. Pull: `intel pull sitecheck.sucuri.net`.
3. Log the investigation reason in `Wholesale/compliance/osint_log.jsonl`.",,investigative platforms,3,auto,2026-05-12,photo_topic=investigative platforms to uncover truth on any subject
EIC-0518,photo_ocr,FB_IMG_1778509462625.jpg,« skepticalinquirer.org - Scientific investigation of paranormal claims,Skepticalinquirer,https://skepticalinquirer.org,skepticalinquirer.org,OSINT & Investigation,,Scientific investigation of paranormal claims,OSINT Desk,Cipher Wolfe,"Cipher Wolfe runs lookups on skepticalinquirer.org for public records, leaked data, archives, or investigative leads. Use only with a documented business purpose; log every query in the compliance audit.",,free,free,low,,"1. Open https://skepticalinquirer.org and verify access (some sources gate behind free signup).
2. Pull: `intel pull skepticalinquirer.org`.
3. Log the investigation reason in `Wholesale/compliance/osint_log.jsonl`.",,hidden mysteries,3,auto,2026-05-12,photo_topic=Sites to dive Into the world's hidden Mysteries...
EIC-0519,photo_ocr,FB_IMG_1778509216213.jpg,¢ skopenow.com - Investigate people using open source intelligence,Skopenow,https://skopenow.com,skopenow.com,OSINT & Investigation,,Investigate people using open source intelligence,OSINT Desk,Cipher Wolfe,"Cipher Wolfe runs lookups on skopenow.com for public records, leaked data, archives, or investigative leads. Use only with a documented business purpose; log every query in the compliance audit.",,free,free,low,,"1. Open https://skopenow.com and verify access (some sources gate behind free signup).
2. Pull: `intel pull skopenow.com`.
3. Log the investigation reason in `Wholesale/compliance/osint_log.jsonl`.",,crime patterns,3,auto,2026-05-12,photo_topic=Databases exposing crime patterns and evidence data
EIC-0520,photo_ocr,FB_IMG_1778509254932.jpg,¢ spitfireaudio.com - Best vocal chop and sample libraries ranked,Spitfireaudio,https://spitfireaudio.com,spitfireaudio.com,OSINT & Investigation,,Best vocal chop and sample libraries ranked,OSINT Desk,Cipher Wolfe,"Cipher Wolfe runs lookups on spitfireaudio.com for public records, leaked data, archives, or investigative leads. Use only with a documented business purpose; log every query in the compliance audit.",,free,free,low,,"1. Open https://spitfireaudio.com and verify access (some sources gate behind free signup).
2. Pull: `intel pull spitfireaudio.com`.
3. Log the investigation reason in `Wholesale/compliance/osint_log.jsonl`.",,hidden global information,3,auto,2026-05-12,photo_topic=Tools to discover hidden global information | e thegreatestbooks.org   Top fiction books determined by critics
EIC-0521,photo_ocr,FB_IMG_1778509174745.jpg,« sqlitebrowser.org - analyze sqlite databases from applications,Sqlitebrowser,https://sqlitebrowser.org,sqlitebrowser.org,OSINT & Investigation,,analyze sqlite databases from applications,OSINT Desk,Cipher Wolfe,"Cipher Wolfe runs lookups on sqlitebrowser.org for public records, leaked data, archives, or investigative leads. Use only with a documented business purpose; log every query in the compliance audit.",,free,free,low,,"1. Open https://sqlitebrowser.org and verify access (some sources gate behind free signup).
2. Pull: `intel pull sqlitebrowser.org`.
3. Log the investigation reason in `Wholesale/compliance/osint_log.jsonl`.",,forensics tools,3,auto,2026-05-12,photo_topic=forensics tools experts rarely mention | photo_topic=Must know essential free PC tools
EIC-0522,photo_ocr,FB_IMG_1778509400749.jpg,« startupbuffer.com - Discover new startups before public exposure,Startupbuffer,https://startupbuffer.com,startupbuffer.com,OSINT & Investigation,,Discover new startups before public exposure,OSINT Desk,Cipher Wolfe,"Cipher Wolfe runs lookups on startupbuffer.com for public records, leaked data, archives, or investigative leads. Use only with a documented business purpose; log every query in the compliance audit.",,free,free,low,,"1. Open https://startupbuffer.com and verify access (some sources gate behind free signup).
2. Pull: `intel pull startupbuffer.com`.
3. Log the investigation reason in `Wholesale/compliance/osint_log.jsonl`.",,investigative platforms,3,auto,2026-05-12,photo_topic=investigative platforms to uncover truth on any subject
EIC-0523,photo_ocr,FB_IMG_1778509101649.jpg,¢ statisticshowto.com - every statistical concept explained,Statisticshowto,https://statisticshowto.com,statisticshowto.com,OSINT & Investigation,,every statistical concept explained,OSINT Desk,Cipher Wolfe,"Cipher Wolfe runs lookups on statisticshowto.com for public records, leaked data, archives, or investigative leads. Use only with a documented business purpose; log every query in the compliance audit.",,free,free,low,,"1. Open https://statisticshowto.com and verify access (some sources gate behind free signup).
2. Pull: `intel pull statisticshowto.com`.
3. Log the investigation reason in `Wholesale/compliance/osint_log.jsonl`.",,research toolkit,3,auto,2026-05-12,photo_topic=Ultimate OSINT and Research Toolkit
EIC-0524,photo_ocr,FB_IMG_1778509462625.jpg,¢ strangerdimensions.com - Weird science anomalies unexplained blog,Strangerdimensions,https://strangerdimensions.com,strangerdimensions.com,OSINT & Investigation,,Weird science anomalies unexplained blog,OSINT Desk,Cipher Wolfe,"Cipher Wolfe runs lookups on strangerdimensions.com for public records, leaked data, archives, or investigative leads. Use only with a documented business purpose; log every query in the compliance audit.",,free,free,low,,"1. Open https://strangerdimensions.com and verify access (some sources gate behind free signup).
2. Pull: `intel pull strangerdimensions.com`.
3. Log the investigation reason in `Wholesale/compliance/osint_log.jsonl`.",,hidden mysteries,3,auto,2026-05-12,photo_topic=Sites to dive Into the world's hidden Mysteries...
EIC-0525,photo_ocr,FB_IMG_1778509174745.jpg,¢ suricata.io - network threat detection and logging,Suricata,https://suricata.io,suricata.io,OSINT & Investigation,,network threat detection and logging,OSINT Desk,Cipher Wolfe,"Cipher Wolfe runs lookups on suricata.io for public records, leaked data, archives, or investigative leads. Use only with a documented business purpose; log every query in the compliance audit.",,free,free,low,,"1. Open https://suricata.io and verify access (some sources gate behind free signup).
2. Pull: `intel pull suricata.io`.
3. Log the investigation reason in `Wholesale/compliance/osint_log.jsonl`.",,forensics tools,3,auto,2026-05-12,photo_topic=forensics tools experts rarely mention
EIC-0526,photo_ocr,FB_IMG_1778509254932.jpg,¢ tastedive.com - Recommendations across music films and books,Tastedive,https://tastedive.com,tastedive.com,OSINT & Investigation,,Recommendations across music films and books,OSINT Desk,Cipher Wolfe,"Cipher Wolfe runs lookups on tastedive.com for public records, leaked data, archives, or investigative leads. Use only with a documented business purpose; log every query in the compliance audit.",,free,free,low,,"1. Open https://tastedive.com and verify access (some sources gate behind free signup).
2. Pull: `intel pull tastedive.com`.
3. Log the investigation reason in `Wholesale/compliance/osint_log.jsonl`.",,hidden global information,3,auto,2026-05-12,photo_topic=Tools to discover hidden global information | e thegreatestbooks.org   Top fiction books determined by critics
EIC-0527,photo_ocr,FB_IMG_1778509462625.jpg,¢ theblackvault.com - Government UFO documents via FOIA.,Theblackvault,https://theblackvault.com,theblackvault.com,OSINT & Investigation,,Government UFO documents via FOIA,OSINT Desk,Cipher Wolfe,"Cipher Wolfe runs lookups on theblackvault.com for public records, leaked data, archives, or investigative leads. Use only with a documented business purpose; log every query in the compliance audit.",,free,free,low,,"1. Open https://theblackvault.com and verify access (some sources gate behind free signup).
2. Pull: `intel pull theblackvault.com`.
3. Log the investigation reason in `Wholesale/compliance/osint_log.jsonl`.",,hidden mysteries,3,auto,2026-05-12,photo_topic=Sites to dive Into the world's hidden Mysteries...
EIC-0528,photo_ocr,FB_IMG_1778509462625.jpg,¢ themysteriousworld.com - Universe nature human existence mysteries,Themysteriousworld,https://themysteriousworld.com,themysteriousworld.com,OSINT & Investigation,,Universe nature human existence mysteries,OSINT Desk,Cipher Wolfe,"Cipher Wolfe runs lookups on themysteriousworld.com for public records, leaked data, archives, or investigative leads. Use only with a documented business purpose; log every query in the compliance audit.",,free,free,low,,"1. Open https://themysteriousworld.com and verify access (some sources gate behind free signup).
2. Pull: `intel pull themysteriousworld.com`.
3. Log the investigation reason in `Wholesale/compliance/osint_log.jsonl`.",,hidden mysteries,3,auto,2026-05-12,photo_topic=Sites to dive Into the world's hidden Mysteries...
EIC-0529,photo_ocr,FB_IMG_1778509101649.jpg,« theosintvault.io - Full client-side OSINT investigation vault,Theosintvault,https://theosintvault.io,theosintvault.io,OSINT & Investigation,,Full client-side OSINT investigation vault,OSINT Desk,Cipher Wolfe,"Cipher Wolfe runs lookups on theosintvault.io for public records, leaked data, archives, or investigative leads. Use only with a documented business purpose; log every query in the compliance audit.",,free,free,low,,"1. Open https://theosintvault.io and verify access (some sources gate behind free signup).
2. Pull: `intel pull theosintvault.io`.
3. Log the investigation reason in `Wholesale/compliance/osint_log.jsonl`.",,research toolkit,3,auto,2026-05-12,photo_topic=Ultimate OSINT and Research Toolkit
EIC-0530,photo_ocr,FB_IMG_1778509216213.jpg,¢ thetrace.org - Examine gun violence trends and data,Thetrace,https://thetrace.org,thetrace.org,OSINT & Investigation,,Examine gun violence trends and data,OSINT Desk,Cipher Wolfe,"Cipher Wolfe runs lookups on thetrace.org for public records, leaked data, archives, or investigative leads. Use only with a documented business purpose; log every query in the compliance audit.",,free,free,low,,"1. Open https://thetrace.org and verify access (some sources gate behind free signup).
2. Pull: `intel pull thetrace.org`.
3. Log the investigation reason in `Wholesale/compliance/osint_log.jsonl`.",,crime patterns,3,auto,2026-05-12,photo_topic=Databases exposing crime patterns and evidence data
EIC-0531,photo_ocr,FB_IMG_1778509254932.jpg,¢ thetruesize.com - Drag countries to compare their actual sizes,Thetruesize,https://thetruesize.com,thetruesize.com,OSINT & Investigation,,Drag countries to compare their actual sizes,OSINT Desk,Cipher Wolfe,"Cipher Wolfe runs lookups on thetruesize.com for public records, leaked data, archives, or investigative leads. Use only with a documented business purpose; log every query in the compliance audit.",,free,free,low,,"1. Open https://thetruesize.com and verify access (some sources gate behind free signup).
2. Pull: `intel pull thetruesize.com`.
3. Log the investigation reason in `Wholesale/compliance/osint_log.jsonl`.",,hidden global information,3,auto,2026-05-12,photo_topic=Tools to discover hidden global information | e thegreatestbooks.org   Top fiction books determined by critics
EIC-0532,photo_ocr,FB_IMG_1778509216213.jpg,« theunredacted.com - Declassified intelligence and documents archive,Theunredacted,https://theunredacted.com,theunredacted.com,OSINT & Investigation,,Declassified intelligence and documents archive,OSINT Desk,Cipher Wolfe,"Cipher Wolfe runs lookups on theunredacted.com for public records, leaked data, archives, or investigative leads. Use only with a documented business purpose; log every query in the compliance audit.",,free,free,low,,"1. Open https://theunredacted.com and verify access (some sources gate behind free signup).
2. Pull: `intel pull theunredacted.com`.
3. Log the investigation reason in `Wholesale/compliance/osint_log.jsonl`.",,crime patterns,3,auto,2026-05-12,photo_topic=Databases exposing crime patterns and evidence data
EIC-0533,photo_ocr,FB_IMG_1778509174745.jpg,¢ timesketch.org - collaborative timeline analysis for digital investigations,Timesketch,https://timesketch.org,timesketch.org,OSINT & Investigation,,collaborative timeline analysis for digital investigations,OSINT Desk,Cipher Wolfe,"Cipher Wolfe runs lookups on timesketch.org for public records, leaked data, archives, or investigative leads. Use only with a documented business purpose; log every query in the compliance audit.",,free,free,low,,"1. Open https://timesketch.org and verify access (some sources gate behind free signup).
2. Pull: `intel pull timesketch.org`.
3. Log the investigation reason in `Wholesale/compliance/osint_log.jsonl`.",,forensics tools,3,auto,2026-05-12,photo_topic=forensics tools experts rarely mention
EIC-0534,photo_ocr,FB_IMG_1778509400749.jpg,¢ tubularlabs.com - Analyze video trends and audience engagement insights,Tubularlabs,https://tubularlabs.com,tubularlabs.com,OSINT & Investigation,,Analyze video trends and audience engagement insights,OSINT Desk,Cipher Wolfe,"Cipher Wolfe runs lookups on tubularlabs.com for public records, leaked data, archives, or investigative leads. Use only with a documented business purpose; log every query in the compliance audit.",,free,free,low,,"1. Open https://tubularlabs.com and verify access (some sources gate behind free signup).
2. Pull: `intel pull tubularlabs.com`.
3. Log the investigation reason in `Wholesale/compliance/osint_log.jsonl`.",,investigative platforms,3,auto,2026-05-12,photo_topic=investigative platforms to uncover truth on any subject
EIC-0535,photo_ocr,FB_IMG_1778509462625.jpg,¢ unexplained-mysteries.com - paranormal ancient mystery coverage,Unexplained Mysteries,https://unexplained-mysteries.com,unexplained-mysteries.com,OSINT & Investigation,,paranormal ancient mystery coverage,OSINT Desk,Cipher Wolfe,"Cipher Wolfe runs lookups on unexplained-mysteries.com for public records, leaked data, archives, or investigative leads. Use only with a documented business purpose; log every query in the compliance audit.",,free,free,low,,"1. Open https://unexplained-mysteries.com and verify access (some sources gate behind free signup).
2. Pull: `intel pull unexplained-mysteries.com`.
3. Log the investigation reason in `Wholesale/compliance/osint_log.jsonl`.",,hidden mysteries,3,auto,2026-05-12,photo_topic=Sites to dive Into the world's hidden Mysteries...
EIC-0536,photo_ocr,FB_IMG_1778509174745.jpg,¢ upx.github.io - unpack compressed executables for analysis,Upx,https://upx.github.io,upx.github.io,OSINT & Investigation,,unpack compressed executables for analysis,OSINT Desk,Cipher Wolfe,"Cipher Wolfe runs lookups on upx.github.io for public records, leaked data, archives, or investigative leads. Use only with a documented business purpose; log every query in the compliance audit.",,free,free,low,,"1. Open https://upx.github.io and verify access (some sources gate behind free signup).
2. Pull: `intel pull upx.github.io`.
3. Log the investigation reason in `Wholesale/compliance/osint_log.jsonl`.",,forensics tools,3,auto,2026-05-12,photo_topic=forensics tools experts rarely mention
EIC-0537,photo_ocr,FB_IMG_1778509400749.jpg,¢ urlhaus.abuse.ch - Track malicious URLs and cyber threat intelligence,Urlhaus,https://urlhaus.abuse.ch,urlhaus.abuse.ch,OSINT & Investigation,,Track malicious URLs and cyber threat intelligence,OSINT Desk,Cipher Wolfe,"Cipher Wolfe runs lookups on urlhaus.abuse.ch for public records, leaked data, archives, or investigative leads. Use only with a documented business purpose; log every query in the compliance audit.",,free,free,low,,"1. Open https://urlhaus.abuse.ch and verify access (some sources gate behind free signup).
2. Pull: `intel pull urlhaus.abuse.ch`.
3. Log the investigation reason in `Wholesale/compliance/osint_log.jsonl`.",,investigative platforms,3,auto,2026-05-12,photo_topic=investigative platforms to uncover truth on any subject
EIC-0538,photo_ocr,FB_IMG_1778509174745.jpg,« usbdeview.net - analyze USB device connection history,Usbdeview,https://usbdeview.net,usbdeview.net,OSINT & Investigation,,analyze USB device connection history,OSINT Desk,Cipher Wolfe,"Cipher Wolfe runs lookups on usbdeview.net for public records, leaked data, archives, or investigative leads. Use only with a documented business purpose; log every query in the compliance audit.",,free,free,low,,"1. Open https://usbdeview.net and verify access (some sources gate behind free signup).
2. Pull: `intel pull usbdeview.net`.
3. Log the investigation reason in `Wholesale/compliance/osint_log.jsonl`.",,forensics tools,3,auto,2026-05-12,photo_topic=forensics tools experts rarely mention
EIC-0539,photo_ocr,FB_IMG_1778509400749.jpg,¢ usersearch.org - Find usernames across hundreds of social platforms.,Usersearch,https://usersearch.org,usersearch.org,OSINT & Investigation,,Find usernames across hundreds of social platforms,OSINT Desk,Cipher Wolfe,"Cipher Wolfe runs lookups on usersearch.org for public records, leaked data, archives, or investigative leads. Use only with a documented business purpose; log every query in the compliance audit.",,free,free,low,,"1. Open https://usersearch.org and verify access (some sources gate behind free signup).
2. Pull: `intel pull usersearch.org`.
3. Log the investigation reason in `Wholesale/compliance/osint_log.jsonl`.",,investigative platforms,3,auto,2026-05-12,photo_topic=investigative platforms to uncover truth on any subject
EIC-0540,photo_ocr,FB_IMG_1778509174745.jpg,¢ virustotal.com — File and URL malware analysis,Virustotal,https://virustotal.com,virustotal.com,OSINT & Investigation,,File and URL malware analysis,OSINT Desk,Cipher Wolfe,"Cipher Wolfe runs lookups on virustotal.com for public records, leaked data, archives, or investigative leads. Use only with a documented business purpose; log every query in the compliance audit.",,free,free,low,,"1. Open https://virustotal.com and verify access (some sources gate behind free signup).
2. Pull: `intel pull virustotal.com`.
3. Log the investigation reason in `Wholesale/compliance/osint_log.jsonl`.",,forensics tools,3,auto,2026-05-12,photo_topic=forensics tools experts rarely mention
EIC-0541,photo_ocr,FB_IMG_1778509174745.jpg,¢ volatilityfoundation.org - analyze RAM dumps for hidden processes,Volatilityfoundation,https://volatilityfoundation.org,volatilityfoundation.org,OSINT & Investigation,,analyze RAM dumps for hidden processes,OSINT Desk,Cipher Wolfe,"Cipher Wolfe runs lookups on volatilityfoundation.org for public records, leaked data, archives, or investigative leads. Use only with a documented business purpose; log every query in the compliance audit.",,free,free,low,,"1. Open https://volatilityfoundation.org and verify access (some sources gate behind free signup).
2. Pull: `intel pull volatilityfoundation.org`.
3. Log the investigation reason in `Wholesale/compliance/osint_log.jsonl`.",,forensics tools,3,auto,2026-05-12,photo_topic=forensics tools experts rarely mention
EIC-0542,photo_ocr,FB_IMG_1778509101649.jpg,¢ warheatmap.app - global conflict data visualization(live),Warheatmap,https://warheatmap.app,warheatmap.app,OSINT & Investigation,,global conflict data visualization(live),OSINT Desk,Cipher Wolfe,"Cipher Wolfe runs lookups on warheatmap.app for public records, leaked data, archives, or investigative leads. Use only with a documented business purpose; log every query in the compliance audit.",,free,free,low,,"1. Open https://warheatmap.app and verify access (some sources gate behind free signup).
2. Pull: `intel pull warheatmap.app`.
3. Log the investigation reason in `Wholesale/compliance/osint_log.jsonl`.",,research toolkit,3,auto,2026-05-12,photo_topic=Ultimate OSINT and Research Toolkit
EIC-0543,photo_ocr,FB_IMG_1778509101649.jpg,¢ web-check.xyz - Deep analysis of any website,Web Check,https://web-check.xyz,web-check.xyz,OSINT & Investigation,,Deep analysis of any website,OSINT Desk,Cipher Wolfe,"Cipher Wolfe runs lookups on web-check.xyz for public records, leaked data, archives, or investigative leads. Use only with a documented business purpose; log every query in the compliance audit.",,free,free,low,,"1. Open https://web-check.xyz and verify access (some sources gate behind free signup).
2. Pull: `intel pull web-check.xyz`.
3. Log the investigation reason in `Wholesale/compliance/osint_log.jsonl`.",,research toolkit,3,auto,2026-05-12,photo_topic=Ultimate OSINT and Research Toolkit
EIC-0544,photo_ocr,FB_IMG_1778509101649.jpg,¢ whatsmyname.app - Username presence checker(all platforms),Whatsmyname,https://whatsmyname.app,whatsmyname.app,OSINT & Investigation,,Username presence checker(all platforms),OSINT Desk,Cipher Wolfe,"Cipher Wolfe runs lookups on whatsmyname.app for public records, leaked data, archives, or investigative leads. Use only with a documented business purpose; log every query in the compliance audit.",,free,free,low,,"1. Open https://whatsmyname.app and verify access (some sources gate behind free signup).
2. Pull: `intel pull whatsmyname.app`.
3. Log the investigation reason in `Wholesale/compliance/osint_log.jsonl`.",,research toolkit,3,auto,2026-05-12,photo_topic=Ultimate OSINT and Research Toolkit
EIC-0545,photo_ocr,FB_IMG_1778509254932.jpg,« whichfaceisreal.com - Real vs Al face quizzes to sharpen your detection,Whichfaceisreal,https://whichfaceisreal.com,whichfaceisreal.com,OSINT & Investigation,,Real vs Al face quizzes to sharpen your detection,OSINT Desk,Cipher Wolfe,"Cipher Wolfe runs lookups on whichfaceisreal.com for public records, leaked data, archives, or investigative leads. Use only with a documented business purpose; log every query in the compliance audit.",,free,free,low,,"1. Open https://whichfaceisreal.com and verify access (some sources gate behind free signup).
2. Pull: `intel pull whichfaceisreal.com`.
3. Log the investigation reason in `Wholesale/compliance/osint_log.jsonl`.",,hidden global information,3,auto,2026-05-12,photo_topic=Tools to discover hidden global information | e thegreatestbooks.org   Top fiction books determined by critics
EIC-0546,photo_ocr,FB_IMG_1778509216213.jpg,¢ wikileaks.org - leaked documents exposing hidden activities,Wikileaks,https://wikileaks.org,wikileaks.org,OSINT & Investigation,,leaked documents exposing hidden activities,OSINT Desk,Cipher Wolfe,"Cipher Wolfe runs lookups on wikileaks.org for public records, leaked data, archives, or investigative leads. Use only with a documented business purpose; log every query in the compliance audit.",,free,free,low,,"1. Open https://wikileaks.org and verify access (some sources gate behind free signup).
2. Pull: `intel pull wikileaks.org`.
3. Log the investigation reason in `Wholesale/compliance/osint_log.jsonl`.",,hidden activities,3,auto,2026-05-12,photo_topic=Databases exposing crime patterns and evidence data
EIC-0547,photo_ocr,FB_IMG_1778509203937.jpg,¢ wildbook.org - open source animal photo re-identification app,Wildbook,https://wildbook.org,wildbook.org,OSINT & Investigation,,open source animal photo re-identification app,OSINT Desk,Cipher Wolfe,"Cipher Wolfe runs lookups on wildbook.org for public records, leaked data, archives, or investigative leads. Use only with a documented business purpose; log every query in the compliance audit.",,free,free,low,,"1. Open https://wildbook.org and verify access (some sources gate behind free signup).
2. Pull: `intel pull wildbook.org`.
3. Log the investigation reason in `Wholesale/compliance/osint_log.jsonl`.",,identification,3,auto,2026-05-12,"photo_topic=Platforms for Exploring Nature, Wildlife, and Ecosystem | e obis.org   Global ocean species occurrence database"
EIC-0548,photo_ocr,FB_IMG_1778509462625.jpg,¢ world-mysteries.com - Lost civilizations sacred ancient ruins,World Mysteries,https://world-mysteries.com,world-mysteries.com,OSINT & Investigation,,Lost civilizations sacred ancient ruins,OSINT Desk,Cipher Wolfe,"Cipher Wolfe runs lookups on world-mysteries.com for public records, leaked data, archives, or investigative leads. Use only with a documented business purpose; log every query in the compliance audit.",,free,free,low,,"1. Open https://world-mysteries.com and verify access (some sources gate behind free signup).
2. Pull: `intel pull world-mysteries.com`.
3. Log the investigation reason in `Wholesale/compliance/osint_log.jsonl`.",,hidden mysteries,3,auto,2026-05-12,photo_topic=Sites to dive Into the world's hidden Mysteries...
EIC-0549,photo_ocr,FB_IMG_1778509101649.jpg,¢ worldcat.org - Books available in libraries worldwide,Worldcat,https://worldcat.org,worldcat.org,OSINT & Investigation,,Books available in libraries worldwide,OSINT Desk,Cipher Wolfe,"Cipher Wolfe runs lookups on worldcat.org for public records, leaked data, archives, or investigative leads. Use only with a documented business purpose; log every query in the compliance audit.",,free,free,low,,"1. Open https://worldcat.org and verify access (some sources gate behind free signup).
2. Pull: `intel pull worldcat.org`.
3. Log the investigation reason in `Wholesale/compliance/osint_log.jsonl`.",,research toolkit,3,auto,2026-05-12,photo_topic=Ultimate OSINT and Research Toolkit
EIC-0550,photo_ocr,FB_IMG_1778509400749.jpg,¢ zabasearch.com - Search public records for addresses and phone numbers,Zabasearch,https://zabasearch.com,zabasearch.com,OSINT & Investigation,,Search public records for addresses and phone numbers,OSINT Desk,Cipher Wolfe,"Cipher Wolfe runs lookups on zabasearch.com for public records, leaked data, archives, or investigative leads. Use only with a documented business purpose; log every query in the compliance audit.",,free,free,low,,"1. Open https://zabasearch.com and verify access (some sources gate behind free signup).
2. Pull: `intel pull zabasearch.com`.
3. Log the investigation reason in `Wholesale/compliance/osint_log.jsonl`.",,investigative platforms,3,auto,2026-05-12,photo_topic=investigative platforms to uncover truth on any subject
EIC-0551,spreadsheet,API_Mega_List_Repository_Index.xlsx,"real-estate-apis-851 | Real Estate | Property, MLS, rental APIs | 851",real-estate-apis-851,,real-estate-apis-851,Real Estate & Property,,"Property, MLS, rental APIs",Wholesale Desk,Rex Blackwell,"Rex Blackwell mines real-estate-apis-851 for parcel data, comps, foreclosures, or rental signals. Feeds the Wholesale pipeline -- Rex Blackwell's deal hunt.",,free,free,low,,"1. Open https://real-estate-apis-851.
2. For automated pulls: see if county records have direct CSV (free).
3. Push leads into `Wholesale/leads_db.sqlite`.",,real estate,4,checked,2026-05-12,sheet_category=Real Estate; api_count=851
EIC-0552,photo_ocr,FB_IMG_1778509304971.jpg,"« apachefriends.org - Runs Apache,, MySQL and PHP locally",Apachefriends,https://apachefriends.org,apachefriends.org,Self-Hosting & Privacy,,"Runs Apache,, MySQL and PHP locally",DevOps Desk,Engineering Foreman,Engineering Foreman self-hosts or evaluates apachefriends.org as part of the Hive infrastructure. Replaces SaaS where free + open-source is sufficient (Operator Truth: avoid paid SaaS pre-revenue).,,free,free,low,,"1. Read docs at https://apachefriends.org.
2. Deploy via `coolify.io` or directly to Oracle E5/Micro.
3. Add the service file to `03_AUTOMATION_CORE/01_Scripts/oracle_services/`.",,must know essential,3,auto,2026-05-12,photo_topic=Must know essential free PC tools
EIC-0553,spreadsheet,Everlight_Free_Resources_List.xlsx,appflowy.io | Productivity | Offline open-source Notion alternative.,Appflowy,https://appflowy.io,appflowy.io,Self-Hosting & Privacy,,Offline Notion alternative (Open source),DevOps Desk,Engineering Foreman,Engineering Foreman self-hosts or evaluates appflowy.io as part of the Hive infrastructure. Replaces SaaS where free + open-source is sufficient (Operator Truth: avoid paid SaaS pre-revenue).,,free,free,low,,"1. Read docs at https://appflowy.io.
2. Deploy via `coolify.io` or directly to Oracle E5/Micro.
3. Add the service file to `03_AUTOMATION_CORE/01_Scripts/oracle_services/`.",,productivity,4,checked,2026-05-12,sheet_category=Productivity | photo_topic=Essential Tools you'll wish you found earlier
EIC-0554,photo_ocr,FB_IMG_1778507621971.jpg,¢ archivebox.io - Saves websites/ RSS feeds/ posts for offline access,Archivebox,https://archivebox.io,archivebox.io,Self-Hosting & Privacy,,Saves websites/ RSS feeds/ posts for offline access,DevOps Desk,Engineering Foreman,Engineering Foreman self-hosts or evaluates archivebox.io as part of the Hive infrastructure. Replaces SaaS where free + open-source is sufficient (Operator Truth: avoid paid SaaS pre-revenue).,,free,free,low,,"1. Read docs at https://archivebox.io.
2. Deploy via `coolify.io` or directly to Oracle E5/Micro.
3. Add the service file to `03_AUTOMATION_CORE/01_Scripts/oracle_services/`.",,automation tools,3,auto,2026-05-12,photo_topic=safe automation tools worth using.. | e listmonk.app   newsletter/ mailing list automation | photo_topic=safe automation tools worth using.. | e listmonk.app   newsletter/ mailing list automation
EIC-0555,photo_ocr,FB_IMG_1778509304971.jpg,¢ audacityteam.org - Multi-track audio recording and noise removal,Audacityteam,https://audacityteam.org,audacityteam.org,Self-Hosting & Privacy,,Multi-track audio recording and noise removal,DevOps Desk,Engineering Foreman,Engineering Foreman self-hosts or evaluates audacityteam.org as part of the Hive infrastructure. Replaces SaaS where free + open-source is sufficient (Operator Truth: avoid paid SaaS pre-revenue).,,free,free,low,,"1. Read docs at https://audacityteam.org.
2. Deploy via `coolify.io` or directly to Oracle E5/Micro.
3. Add the service file to `03_AUTOMATION_CORE/01_Scripts/oracle_services/`.",,must know essential,3,auto,2026-05-12,photo_topic=Must know essential free PC tools
EIC-0556,photo_ocr,FB_IMG_1778507621971.jpg,¢ autobrr.com - automated Torrent grabbing from IRC feeds,Autobrr,https://autobrr.com,autobrr.com,Self-Hosting & Privacy,,automated Torrent grabbing from IRC feeds,DevOps Desk,Engineering Foreman,Engineering Foreman self-hosts or evaluates autobrr.com as part of the Hive infrastructure. Replaces SaaS where free + open-source is sufficient (Operator Truth: avoid paid SaaS pre-revenue).,,free,free,low,,"1. Read docs at https://autobrr.com.
2. Deploy via `coolify.io` or directly to Oracle E5/Micro.
3. Add the service file to `03_AUTOMATION_CORE/01_Scripts/oracle_services/`.",,automation tools,3,auto,2026-05-12,photo_topic=safe automation tools worth using.. | e listmonk.app   newsletter/ mailing list automation | photo_topic=safe automation tools worth using.. | e listmonk.app   newsletter/ mailing list automation
EIC-0557,photo_ocr,FB_IMG_1778507621971.jpg,¢ bazarr.media - fetch subtitles for your media Automatically,Bazarr,https://bazarr.media,bazarr.media,Self-Hosting & Privacy,,fetch subtitles for your media Automatically,DevOps Desk,Engineering Foreman,Engineering Foreman self-hosts or evaluates bazarr.media as part of the Hive infrastructure. Replaces SaaS where free + open-source is sufficient (Operator Truth: avoid paid SaaS pre-revenue).,,free,free,low,,"1. Read docs at https://bazarr.media.
2. Deploy via `coolify.io` or directly to Oracle E5/Micro.
3. Add the service file to `03_AUTOMATION_CORE/01_Scripts/oracle_services/`.",,automation tools,3,auto,2026-05-12,photo_topic=safe automation tools worth using.. | e listmonk.app   newsletter/ mailing list automation | photo_topic=safe automation tools worth using.. | e listmonk.app   newsletter/ mailing list automation
EIC-0558,photo_ocr,FB_IMG_1778507621971.jpg,¢ beets.io - automated music library organizer,Beets,https://beets.io,beets.io,Self-Hosting & Privacy,,automated music library organizer,DevOps Desk,Engineering Foreman,Engineering Foreman self-hosts or evaluates beets.io as part of the Hive infrastructure. Replaces SaaS where free + open-source is sufficient (Operator Truth: avoid paid SaaS pre-revenue).,,free,free,low,,"1. Read docs at https://beets.io.
2. Deploy via `coolify.io` or directly to Oracle E5/Micro.
3. Add the service file to `03_AUTOMATION_CORE/01_Scripts/oracle_services/`.",,automation tools,3,auto,2026-05-12,photo_topic=safe automation tools worth using.. | e listmonk.app   newsletter/ mailing list automation | photo_topic=safe automation tools worth using.. | e listmonk.app   newsletter/ mailing list automation
EIC-0559,photo_ocr,FB_IMG_1778507621971.jpg,¢ beszel.dev - automated server resource monitoring,Beszel,https://beszel.dev,beszel.dev,Self-Hosting & Privacy,,automated server resource monitoring,DevOps Desk,Engineering Foreman,Engineering Foreman self-hosts or evaluates beszel.dev as part of the Hive infrastructure. Replaces SaaS where free + open-source is sufficient (Operator Truth: avoid paid SaaS pre-revenue).,,free,free,low,,"1. Read docs at https://beszel.dev.
2. Deploy via `coolify.io` or directly to Oracle E5/Micro.
3. Add the service file to `03_AUTOMATION_CORE/01_Scripts/oracle_services/`.",,automation tools,3,auto,2026-05-12,photo_topic=safe automation tools worth using.. | e listmonk.app   newsletter/ mailing list automation | photo_topic=safe automation tools worth using.. | e listmonk.app   newsletter/ mailing list automation
EIC-0560,photo_ocr,FB_IMG_1778509304971.jpg,« bitwarden.com - Encrypted password manager,Bitwarden,https://bitwarden.com,bitwarden.com,Self-Hosting & Privacy,,Encrypted password manager,DevOps Desk,Engineering Foreman,Engineering Foreman self-hosts or evaluates bitwarden.com as part of the Hive infrastructure. Replaces SaaS where free + open-source is sufficient (Operator Truth: avoid paid SaaS pre-revenue).,,free,free,low,,"1. Read docs at https://bitwarden.com.
2. Deploy via `coolify.io` or directly to Oracle E5/Micro.
3. Add the service file to `03_AUTOMATION_CORE/01_Scripts/oracle_services/`.",,must know essential,3,auto,2026-05-12,photo_topic=Must know essential free PC tools
EIC-0561,photo_ocr,FB_IMG_1778509304971.jpg,« blackmagicdesign.com - Hollywood- grade video editor,Blackmagicdesign,https://blackmagicdesign.com,blackmagicdesign.com,Self-Hosting & Privacy,,Hollywood- grade video editor,DevOps Desk,Engineering Foreman,Engineering Foreman self-hosts or evaluates blackmagicdesign.com as part of the Hive infrastructure. Replaces SaaS where free + open-source is sufficient (Operator Truth: avoid paid SaaS pre-revenue).,,free,free,low,,"1. Read docs at https://blackmagicdesign.com.
2. Deploy via `coolify.io` or directly to Oracle E5/Micro.
3. Add the service file to `03_AUTOMATION_CORE/01_Scripts/oracle_services/`.",,must know essential,3,auto,2026-05-12,photo_topic=Must know essential free PC tools
EIC-0562,photo_ocr,FB_IMG_1778507621971.jpg,¢ budibase.com - Generates business apps,Budibase,https://budibase.com,budibase.com,Self-Hosting & Privacy,,Generates business apps,DevOps Desk,Engineering Foreman,Engineering Foreman self-hosts or evaluates budibase.com as part of the Hive infrastructure. Replaces SaaS where free + open-source is sufficient (Operator Truth: avoid paid SaaS pre-revenue).,,free,free,low,,"1. Read docs at https://budibase.com.
2. Deploy via `coolify.io` or directly to Oracle E5/Micro.
3. Add the service file to `03_AUTOMATION_CORE/01_Scripts/oracle_services/`.",,automation tools,3,auto,2026-05-12,photo_topic=safe automation tools worth using.. | e listmonk.app   newsletter/ mailing list automation | photo_topic=safe automation tools worth using.. | e listmonk.app   newsletter/ mailing list automation
EIC-0563,photo_ocr,FB_IMG_1778507621971.jpg,¢ canarytokens.org - Auto-alert on unauthorized file /link access,Canarytokens,https://canarytokens.org,canarytokens.org,Self-Hosting & Privacy,,Auto-alert on unauthorized file /link access,DevOps Desk,Engineering Foreman,Engineering Foreman self-hosts or evaluates canarytokens.org as part of the Hive infrastructure. Replaces SaaS where free + open-source is sufficient (Operator Truth: avoid paid SaaS pre-revenue).,,free,free,low,,"1. Read docs at https://canarytokens.org.
2. Deploy via `coolify.io` or directly to Oracle E5/Micro.
3. Add the service file to `03_AUTOMATION_CORE/01_Scripts/oracle_services/`.",,automation tools,3,auto,2026-05-12,photo_topic=safe automation tools worth using.. | e listmonk.app   newsletter/ mailing list automation | photo_topic=safe automation tools worth using.. | e listmonk.app   newsletter/ mailing list automation
EIC-0564,photo_ocr,FB_IMG_1778509304971.jpg,« cgsecurity.org - Recovers deleted data from any storage device,Cgsecurity,https://cgsecurity.org,cgsecurity.org,Self-Hosting & Privacy,,Recovers deleted data from any storage device,DevOps Desk,Engineering Foreman,Engineering Foreman self-hosts or evaluates cgsecurity.org as part of the Hive infrastructure. Replaces SaaS where free + open-source is sufficient (Operator Truth: avoid paid SaaS pre-revenue).,,free,free,low,,"1. Read docs at https://cgsecurity.org.
2. Deploy via `coolify.io` or directly to Oracle E5/Micro.
3. Add the service file to `03_AUTOMATION_CORE/01_Scripts/oracle_services/`.",,must know essential,3,auto,2026-05-12,photo_topic=Must know essential free PC tools
EIC-0565,spreadsheet,Everlight_Free_Resources_List.xlsx,coolify.io | Self-hosting/DevOps | Deploy apps on your own server.,Coolify,https://coolify.io,coolify.io,Self-Hosting & Privacy,,Deploy any app on your own server(open-source),DevOps Desk,Engineering Foreman,Engineering Foreman self-hosts or evaluates coolify.io as part of the Hive infrastructure. Replaces SaaS where free + open-source is sufficient (Operator Truth: avoid paid SaaS pre-revenue).,,free,free,low,,"1. Read docs at https://coolify.io.
2. Deploy via `coolify.io` or directly to Oracle E5/Micro.
3. Add the service file to `03_AUTOMATION_CORE/01_Scripts/oracle_services/`.",,coolify,4,checked,2026-05-12,sheet_category=Self-hosting/DevOps | photo_topic=Essential Tools you'll wish you found earlier
EIC-0566,photo_ocr,FB_IMG_1778509304971.jpg,« cpuid.com - Reads every hardware temperature and voltage live,Cpuid,https://cpuid.com,cpuid.com,Self-Hosting & Privacy,,Reads every hardware temperature and voltage live,DevOps Desk,Engineering Foreman,Engineering Foreman self-hosts or evaluates cpuid.com as part of the Hive infrastructure. Replaces SaaS where free + open-source is sufficient (Operator Truth: avoid paid SaaS pre-revenue).,,free,free,low,,"1. Read docs at https://cpuid.com.
2. Deploy via `coolify.io` or directly to Oracle E5/Micro.
3. Add the service file to `03_AUTOMATION_CORE/01_Scripts/oracle_services/`.",,must know essential,3,auto,2026-05-12,photo_topic=Must know essential free PC tools
EIC-0567,photo_ocr,FB_IMG_1778507621971.jpg,¢ docspell.org - automatic document organizer,Docspell,https://docspell.org,docspell.org,Self-Hosting & Privacy,,automatic document organizer,DevOps Desk,Engineering Foreman,Engineering Foreman self-hosts or evaluates docspell.org as part of the Hive infrastructure. Replaces SaaS where free + open-source is sufficient (Operator Truth: avoid paid SaaS pre-revenue).,,free,free,low,,"1. Read docs at https://docspell.org.
2. Deploy via `coolify.io` or directly to Oracle E5/Micro.
3. Add the service file to `03_AUTOMATION_CORE/01_Scripts/oracle_services/`.",,document organizer,3,auto,2026-05-12,photo_topic=safe automation tools worth using.. | e listmonk.app   newsletter/ mailing list automation | photo_topic=safe automation tools worth using.. | e listmonk.app   newsletter/ mailing list automation
EIC-0568,photo_ocr,FB_IMG_1778509304971.jpg,« duplicati.com - Encrypted cloud backup to any storage destination,Duplicati,https://duplicati.com,duplicati.com,Self-Hosting & Privacy,,Encrypted cloud backup to any storage destination,DevOps Desk,Engineering Foreman,Engineering Foreman self-hosts or evaluates duplicati.com as part of the Hive infrastructure. Replaces SaaS where free + open-source is sufficient (Operator Truth: avoid paid SaaS pre-revenue).,,free,free,low,,"1. Read docs at https://duplicati.com.
2. Deploy via `coolify.io` or directly to Oracle E5/Micro.
3. Add the service file to `03_AUTOMATION_CORE/01_Scripts/oracle_services/`.",,must know essential,3,auto,2026-05-12,photo_topic=Must know essential free PC tools
EIC-0569,spreadsheet,Everlight_Free_Resources_List.xlsx,ente.io | Encrypted storage | Encrypted cloud photo storage.,Ente,https://ente.io,ente.io,Self-Hosting & Privacy,,Encrypted cloud photo storage.,DevOps Desk,Engineering Foreman,Engineering Foreman self-hosts or evaluates ente.io as part of the Hive infrastructure. Replaces SaaS where free + open-source is sufficient (Operator Truth: avoid paid SaaS pre-revenue).,,free,free,low,,"1. Read docs at https://ente.io.
2. Deploy via `coolify.io` or directly to Oracle E5/Micro.
3. Add the service file to `03_AUTOMATION_CORE/01_Scripts/oracle_services/`.",,encrypted,4,checked,2026-05-12,sheet_category=Encrypted storage | photo_topic=Essential Tools you'll wish you found earlier
EIC-0570,photo_ocr,FB_IMG_1778507621971.jpg,¢ firefly-iii.org - free /open source finance manager,Firefly Iii,https://firefly-iii.org,firefly-iii.org,Self-Hosting & Privacy,,free /open source finance manager,DevOps Desk,Engineering Foreman,Engineering Foreman self-hosts or evaluates firefly-iii.org as part of the Hive infrastructure. Replaces SaaS where free + open-source is sufficient (Operator Truth: avoid paid SaaS pre-revenue).,,free,free,low,,"1. Read docs at https://firefly-iii.org.
2. Deploy via `coolify.io` or directly to Oracle E5/Micro.
3. Add the service file to `03_AUTOMATION_CORE/01_Scripts/oracle_services/`.",,automation tools,3,auto,2026-05-12,photo_topic=safe automation tools worth using.. | e listmonk.app   newsletter/ mailing list automation | photo_topic=safe automation tools worth using.. | e listmonk.app   newsletter/ mailing list automation
EIC-0571,photo_ocr,FB_IMG_1778509304971.jpg,¢ freefilesync.org - Backs up and synchronises folders automatically,Freefilesync,https://freefilesync.org,freefilesync.org,Self-Hosting & Privacy,,Backs up and synchronises folders automatically,DevOps Desk,Engineering Foreman,Engineering Foreman self-hosts or evaluates freefilesync.org as part of the Hive infrastructure. Replaces SaaS where free + open-source is sufficient (Operator Truth: avoid paid SaaS pre-revenue).,,free,free,low,,"1. Read docs at https://freefilesync.org.
2. Deploy via `coolify.io` or directly to Oracle E5/Micro.
3. Add the service file to `03_AUTOMATION_CORE/01_Scripts/oracle_services/`.",,must know essential,3,auto,2026-05-12,photo_topic=Must know essential free PC tools
EIC-0572,photo_ocr,FB_IMG_1778509304971.jpg,« freemind.sourceforge.net - Mind mapping tool for brainstorming ideas,Freemind,https://freemind.sourceforge.net,freemind.sourceforge.net,Self-Hosting & Privacy,,Mind mapping tool for brainstorming ideas,DevOps Desk,Engineering Foreman,Engineering Foreman self-hosts or evaluates freemind.sourceforge.net as part of the Hive infrastructure. Replaces SaaS where free + open-source is sufficient (Operator Truth: avoid paid SaaS pre-revenue).,,free,free,low,,"1. Read docs at https://freemind.sourceforge.net.
2. Deploy via `coolify.io` or directly to Oracle E5/Micro.
3. Add the service file to `03_AUTOMATION_CORE/01_Scripts/oracle_services/`.",,must know essential,3,auto,2026-05-12,photo_topic=Must know essential free PC tools
EIC-0573,photo_ocr,FB_IMG_1778507621971.jpg,¢ frigate.video - Local Al object detection for security cameras,Frigate,https://frigate.video,frigate.video,Self-Hosting & Privacy,,Local Al object detection for security cameras,DevOps Desk,Engineering Foreman,Engineering Foreman self-hosts or evaluates frigate.video as part of the Hive infrastructure. Replaces SaaS where free + open-source is sufficient (Operator Truth: avoid paid SaaS pre-revenue).,,free,free,low,,"1. Read docs at https://frigate.video.
2. Deploy via `coolify.io` or directly to Oracle E5/Micro.
3. Add the service file to `03_AUTOMATION_CORE/01_Scripts/oracle_services/`.",,security cameras,3,auto,2026-05-12,photo_topic=safe automation tools worth using.. | e listmonk.app   newsletter/ mailing list automation | photo_topic=safe automation tools worth using.. | e listmonk.app   newsletter/ mailing list automation
EIC-0574,photo_ocr,FB_IMG_1778509304971.jpg,« getsharex.com - Screen capture and recording with instant upload,Getsharex,https://getsharex.com,getsharex.com,Self-Hosting & Privacy,,Screen capture and recording with instant upload,DevOps Desk,Engineering Foreman,Engineering Foreman self-hosts or evaluates getsharex.com as part of the Hive infrastructure. Replaces SaaS where free + open-source is sufficient (Operator Truth: avoid paid SaaS pre-revenue).,,free,free,low,,"1. Read docs at https://getsharex.com.
2. Deploy via `coolify.io` or directly to Oracle E5/Micro.
3. Add the service file to `03_AUTOMATION_CORE/01_Scripts/oracle_services/`.",,must know essential,3,auto,2026-05-12,photo_topic=Must know essential free PC tools
EIC-0575,photo_ocr,FB_IMG_1778509304971.jpg,¢ gnucash.org - Double-entry bookkeeping and invoicing for businesses,Gnucash,https://gnucash.org,gnucash.org,Self-Hosting & Privacy,,Double-entry bookkeeping and invoicing for businesses,DevOps Desk,Engineering Foreman,Engineering Foreman self-hosts or evaluates gnucash.org as part of the Hive infrastructure. Replaces SaaS where free + open-source is sufficient (Operator Truth: avoid paid SaaS pre-revenue).,,free,free,low,,"1. Read docs at https://gnucash.org.
2. Deploy via `coolify.io` or directly to Oracle E5/Micro.
3. Add the service file to `03_AUTOMATION_CORE/01_Scripts/oracle_services/`.",,must know essential,3,auto,2026-05-12,photo_topic=Must know essential free PC tools
EIC-0576,photo_ocr,FB_IMG_1778507621971.jpg,¢ gotify.net - server for push notification delivery..(Self-hosted ),Gotify,https://gotify.net,gotify.net,Self-Hosting & Privacy,,server for push notification delivery..(Self-hosted ),DevOps Desk,Engineering Foreman,Engineering Foreman self-hosts or evaluates gotify.net as part of the Hive infrastructure. Replaces SaaS where free + open-source is sufficient (Operator Truth: avoid paid SaaS pre-revenue).,,free,free,low,,"1. Read docs at https://gotify.net.
2. Deploy via `coolify.io` or directly to Oracle E5/Micro.
3. Add the service file to `03_AUTOMATION_CORE/01_Scripts/oracle_services/`.",,push notification,3,auto,2026-05-12,photo_topic=safe automation tools worth using.. | e listmonk.app   newsletter/ mailing list automation | photo_topic=safe automation tools worth using.. | e listmonk.app   newsletter/ mailing list automation
EIC-0577,photo_ocr,FB_IMG_1778509304971.jpg,¢ handbrake.fr - Converts any video to any other format,Handbrake,https://handbrake.fr,handbrake.fr,Self-Hosting & Privacy,,Converts any video to any other format,DevOps Desk,Engineering Foreman,Engineering Foreman self-hosts or evaluates handbrake.fr as part of the Hive infrastructure. Replaces SaaS where free + open-source is sufficient (Operator Truth: avoid paid SaaS pre-revenue).,,free,free,low,,"1. Read docs at https://handbrake.fr.
2. Deploy via `coolify.io` or directly to Oracle E5/Micro.
3. Add the service file to `03_AUTOMATION_CORE/01_Scripts/oracle_services/`.",,must know essential,3,auto,2026-05-12,photo_topic=Must know essential free PC tools
EIC-0578,photo_ocr,FB_IMG_1778509304971.jpg,- it-scm.com - Version control tracking every project change,It Scm,https://it-scm.com,it-scm.com,Self-Hosting & Privacy,,Version control tracking every project change,DevOps Desk,Engineering Foreman,Engineering Foreman self-hosts or evaluates it-scm.com as part of the Hive infrastructure. Replaces SaaS where free + open-source is sufficient (Operator Truth: avoid paid SaaS pre-revenue).,,free,free,low,,"1. Read docs at https://it-scm.com.
2. Deploy via `coolify.io` or directly to Oracle E5/Micro.
3. Add the service file to `03_AUTOMATION_CORE/01_Scripts/oracle_services/`.",,must know essential,3,auto,2026-05-12,photo_topic=Must know essential free PC tools
EIC-0579,photo_ocr,FB_IMG_1778509304971.jpg,« joplinapp.org - Encrypted note-taking with Markdown and sync,Joplinapp,https://joplinapp.org,joplinapp.org,Self-Hosting & Privacy,,Encrypted note-taking with Markdown and sync,DevOps Desk,Engineering Foreman,Engineering Foreman self-hosts or evaluates joplinapp.org as part of the Hive infrastructure. Replaces SaaS where free + open-source is sufficient (Operator Truth: avoid paid SaaS pre-revenue).,,free,free,low,,"1. Read docs at https://joplinapp.org.
2. Deploy via `coolify.io` or directly to Oracle E5/Micro.
3. Add the service file to `03_AUTOMATION_CORE/01_Scripts/oracle_services/`.",,must know essential,3,auto,2026-05-12,photo_topic=Must know essential free PC tools
EIC-0580,photo_ocr,FB_IMG_1778507621971.jpg,¢ kibitzr.github.io - automated Web scraping (self-hosted),Kibitzr,https://kibitzr.github.io,kibitzr.github.io,Self-Hosting & Privacy,,automated Web scraping (self-hosted),DevOps Desk,Engineering Foreman,Engineering Foreman self-hosts or evaluates kibitzr.github.io as part of the Hive infrastructure. Replaces SaaS where free + open-source is sufficient (Operator Truth: avoid paid SaaS pre-revenue).,,free,free,low,,"1. Read docs at https://kibitzr.github.io.
2. Deploy via `coolify.io` or directly to Oracle E5/Micro.
3. Add the service file to `03_AUTOMATION_CORE/01_Scripts/oracle_services/`.",,automation tools,3,auto,2026-05-12,photo_topic=safe automation tools worth using.. | e listmonk.app   newsletter/ mailing list automation | photo_topic=safe automation tools worth using.. | e listmonk.app   newsletter/ mailing list automation
EIC-0581,photo_ocr,FB_IMG_1778509304971.jpg,« krita.org - Digital painting studio built for concept artists,Krita,https://krita.org,krita.org,Self-Hosting & Privacy,,Digital painting studio built for concept artists,DevOps Desk,Engineering Foreman,Engineering Foreman self-hosts or evaluates krita.org as part of the Hive infrastructure. Replaces SaaS where free + open-source is sufficient (Operator Truth: avoid paid SaaS pre-revenue).,,free,free,low,,"1. Read docs at https://krita.org.
2. Deploy via `coolify.io` or directly to Oracle E5/Micro.
3. Add the service file to `03_AUTOMATION_CORE/01_Scripts/oracle_services/`.",,must know essential,3,auto,2026-05-12,photo_topic=Must know essential free PC tools
EIC-0582,photo_ocr,FB_IMG_1778509304971.jpg,- libreoffice.org - Complete office suite replacing Word and Excel,Libreoffice,https://libreoffice.org,libreoffice.org,Self-Hosting & Privacy,,Complete office suite replacing Word and Excel,DevOps Desk,Engineering Foreman,Engineering Foreman self-hosts or evaluates libreoffice.org as part of the Hive infrastructure. Replaces SaaS where free + open-source is sufficient (Operator Truth: avoid paid SaaS pre-revenue).,,free,free,low,,"1. Read docs at https://libreoffice.org.
2. Deploy via `coolify.io` or directly to Oracle E5/Micro.
3. Add the service file to `03_AUTOMATION_CORE/01_Scripts/oracle_services/`.",,must know essential,3,auto,2026-05-12,photo_topic=Must know essential free PC tools
EIC-0583,photo_ocr,FB_IMG_1778507621971.jpg,¢ linkding.link - self-hosted bookmark manager,Linkding,https://linkding.link,linkding.link,Self-Hosting & Privacy,,self-hosted bookmark manager,DevOps Desk,Engineering Foreman,Engineering Foreman self-hosts or evaluates linkding.link as part of the Hive infrastructure. Replaces SaaS where free + open-source is sufficient (Operator Truth: avoid paid SaaS pre-revenue).,,free,free,low,,"1. Read docs at https://linkding.link.
2. Deploy via `coolify.io` or directly to Oracle E5/Micro.
3. Add the service file to `03_AUTOMATION_CORE/01_Scripts/oracle_services/`.",,bookmark manager,3,auto,2026-05-12,photo_topic=safe automation tools worth using.. | e listmonk.app   newsletter/ mailing list automation | photo_topic=safe automation tools worth using.. | e listmonk.app   newsletter/ mailing list automation
EIC-0584,photo_ocr,FB_IMG_1778507621971.jpg,¢ mautic.org - Largest Open source marketing Automation,Mautic,https://mautic.org,mautic.org,Self-Hosting & Privacy,,Largest Open source marketing Automation,DevOps Desk,Engineering Foreman,Engineering Foreman self-hosts or evaluates mautic.org as part of the Hive infrastructure. Replaces SaaS where free + open-source is sufficient (Operator Truth: avoid paid SaaS pre-revenue).,,free,free,low,,"1. Read docs at https://mautic.org.
2. Deploy via `coolify.io` or directly to Oracle E5/Micro.
3. Add the service file to `03_AUTOMATION_CORE/01_Scripts/oracle_services/`.",,marketing automation,3,auto,2026-05-12,photo_topic=safe automation tools worth using.. | e listmonk.app   newsletter/ mailing list automation | photo_topic=safe automation tools worth using.. | e listmonk.app   newsletter/ mailing list automation
EIC-0585,photo_ocr,FB_IMG_1778507621971.jpg,¢ mealie.io - Auto-import /organize recipes .,Mealie,https://mealie.io,mealie.io,Self-Hosting & Privacy,,Auto-import /organize recipes,DevOps Desk,Engineering Foreman,Engineering Foreman self-hosts or evaluates mealie.io as part of the Hive infrastructure. Replaces SaaS where free + open-source is sufficient (Operator Truth: avoid paid SaaS pre-revenue).,,free,free,low,,"1. Read docs at https://mealie.io.
2. Deploy via `coolify.io` or directly to Oracle E5/Micro.
3. Add the service file to `03_AUTOMATION_CORE/01_Scripts/oracle_services/`.",,automation tools,3,auto,2026-05-12,photo_topic=safe automation tools worth using.. | e listmonk.app   newsletter/ mailing list automation | photo_topic=safe automation tools worth using.. | e listmonk.app   newsletter/ mailing list automation
EIC-0586,photo_ocr,FB_IMG_1778507621971.jpg,¢ meilisearch.com - fast full-text search engine,Meilisearch,https://meilisearch.com,meilisearch.com,Self-Hosting & Privacy,,fast full-text search engine,DevOps Desk,Engineering Foreman,Engineering Foreman self-hosts or evaluates meilisearch.com as part of the Hive infrastructure. Replaces SaaS where free + open-source is sufficient (Operator Truth: avoid paid SaaS pre-revenue).,,free,free,low,,"1. Read docs at https://meilisearch.com.
2. Deploy via `coolify.io` or directly to Oracle E5/Micro.
3. Add the service file to `03_AUTOMATION_CORE/01_Scripts/oracle_services/`.",,full-text search,3,auto,2026-05-12,photo_topic=safe automation tools worth using.. | e listmonk.app   newsletter/ mailing list automation | photo_topic=safe automation tools worth using.. | e listmonk.app   newsletter/ mailing list automation
EIC-0587,photo_ocr,FB_IMG_1778509090589.jpg,¢ mixpost.app - Self-host social media scheduling,Mixpost,https://mixpost.app,mixpost.app,Self-Hosting & Privacy,,Self-host social media scheduling,DevOps Desk,Engineering Foreman,Engineering Foreman self-hosts or evaluates mixpost.app as part of the Hive infrastructure. Replaces SaaS where free + open-source is sufficient (Operator Truth: avoid paid SaaS pre-revenue).,,free,free,low,,"1. Read docs at https://mixpost.app.
2. Deploy via `coolify.io` or directly to Oracle E5/Micro.
3. Add the service file to `03_AUTOMATION_CORE/01_Scripts/oracle_services/`.",,self-host,3,auto,2026-05-12,photo_topic=Free Tools that handle tasks you've been avoiding
EIC-0588,spreadsheet,Everlight_Free_Resources_List.xlsx,netbird.io | Networking/VPN | Peer-to-peer private networking alternative to VPNs.,Netbird,https://netbird.io,netbird.io,Self-Hosting & Privacy,,Peer-to-peer private networking alternative to VPNs.,DevOps Desk,Engineering Foreman,Engineering Foreman self-hosts or evaluates netbird.io as part of the Hive infrastructure. Replaces SaaS where free + open-source is sufficient (Operator Truth: avoid paid SaaS pre-revenue).,,free,free,low,,"1. Read docs at https://netbird.io.
2. Deploy via `coolify.io` or directly to Oracle E5/Micro.
3. Add the service file to `03_AUTOMATION_CORE/01_Scripts/oracle_services/`.",,netbird,4,checked,2026-05-12,sheet_category=Networking/VPN
EIC-0589,photo_ocr,FB_IMG_1778507621971.jpg,« netbox.dev - Automates your network infrastructure,Netbox,https://netbox.dev,netbox.dev,Self-Hosting & Privacy,,Automates your network infrastructure,DevOps Desk,Engineering Foreman,Engineering Foreman self-hosts or evaluates netbox.dev as part of the Hive infrastructure. Replaces SaaS where free + open-source is sufficient (Operator Truth: avoid paid SaaS pre-revenue).,,free,free,low,,"1. Read docs at https://netbox.dev.
2. Deploy via `coolify.io` or directly to Oracle E5/Micro.
3. Add the service file to `03_AUTOMATION_CORE/01_Scripts/oracle_services/`.",,network infrastructure,3,auto,2026-05-12,photo_topic=safe automation tools worth using.. | e listmonk.app   newsletter/ mailing list automation | photo_topic=safe automation tools worth using.. | e listmonk.app   newsletter/ mailing list automation
EIC-0590,photo_ocr,FB_IMG_1778507621971.jpg,¢ nocodb.com - Converts databases into automated spreadsheet,Nocodb,https://nocodb.com,nocodb.com,Self-Hosting & Privacy,,Converts databases into automated spreadsheet,DevOps Desk,Engineering Foreman,Engineering Foreman self-hosts or evaluates nocodb.com as part of the Hive infrastructure. Replaces SaaS where free + open-source is sufficient (Operator Truth: avoid paid SaaS pre-revenue).,,free,free,low,,"1. Read docs at https://nocodb.com.
2. Deploy via `coolify.io` or directly to Oracle E5/Micro.
3. Add the service file to `03_AUTOMATION_CORE/01_Scripts/oracle_services/`.",,automation tools,3,auto,2026-05-12,photo_topic=safe automation tools worth using.. | e listmonk.app   newsletter/ mailing list automation | photo_topic=safe automation tools worth using.. | e listmonk.app   newsletter/ mailing list automation
EIC-0591,photo_ocr,FB_IMG_1778507621971.jpg,¢ ocrmypdf.readthedocs.io - Adds searchable OCR layers to PDF,Ocrmypdf,https://ocrmypdf.readthedocs.io,ocrmypdf.readthedocs.io,Self-Hosting & Privacy,,Adds searchable OCR layers to PDF,DevOps Desk,Engineering Foreman,Engineering Foreman self-hosts or evaluates ocrmypdf.readthedocs.io as part of the Hive infrastructure. Replaces SaaS where free + open-source is sufficient (Operator Truth: avoid paid SaaS pre-revenue).,,free,free,low,,"1. Read docs at https://ocrmypdf.readthedocs.io.
2. Deploy via `coolify.io` or directly to Oracle E5/Micro.
3. Add the service file to `03_AUTOMATION_CORE/01_Scripts/oracle_services/`.",,automation tools,3,auto,2026-05-12,photo_topic=safe automation tools worth using.. | e listmonk.app   newsletter/ mailing list automation | photo_topic=safe automation tools worth using.. | e listmonk.app   newsletter/ mailing list automation
EIC-0592,photo_ocr,FB_IMG_1778507621971.jpg,¢ olivetin.app - Run shell commands from a web interface.,Olivetin,https://olivetin.app,olivetin.app,Self-Hosting & Privacy,,Run shell commands from a web interface,DevOps Desk,Engineering Foreman,Engineering Foreman self-hosts or evaluates olivetin.app as part of the Hive infrastructure. Replaces SaaS where free + open-source is sufficient (Operator Truth: avoid paid SaaS pre-revenue).,,free,free,low,,"1. Read docs at https://olivetin.app.
2. Deploy via `coolify.io` or directly to Oracle E5/Micro.
3. Add the service file to `03_AUTOMATION_CORE/01_Scripts/oracle_services/`.",,automation tools,3,auto,2026-05-12,photo_topic=safe automation tools worth using.. | e listmonk.app   newsletter/ mailing list automation | photo_topic=safe automation tools worth using.. | e listmonk.app   newsletter/ mailing list automation
EIC-0593,spreadsheet,API_Mega_List_Repository_Index.xlsx,open-source-apis-768 | Open Source | Open-source API projects | 768,open-source-apis-768,,open-source-apis-768,Self-Hosting & Privacy,,Open-source API projects,DevOps Desk,Engineering Foreman,Engineering Foreman self-hosts or evaluates open-source-apis-768 as part of the Hive infrastructure. Replaces SaaS where free + open-source is sufficient (Operator Truth: avoid paid SaaS pre-revenue).,,free,free,low,,"1. Read docs at https://open-source-apis-768.
2. Deploy via `coolify.io` or directly to Oracle E5/Micro.
3. Add the service file to `03_AUTOMATION_CORE/01_Scripts/oracle_services/`.",,open source,4,checked,2026-05-12,sheet_category=Open Source; api_count=768
EIC-0594,photo_ocr,FB_IMG_1778509090589.jpg,¢ paperless-ngx.com - Scan/OCR/search your documents(self-hosted),Paperless Ngx,https://paperless-ngx.com,paperless-ngx.com,Self-Hosting & Privacy,,Scan/OCR/search your documents(self-hosted),DevOps Desk,Engineering Foreman,Engineering Foreman self-hosts or evaluates paperless-ngx.com as part of the Hive infrastructure. Replaces SaaS where free + open-source is sufficient (Operator Truth: avoid paid SaaS pre-revenue).,,free,free,low,,"1. Read docs at https://paperless-ngx.com.
2. Deploy via `coolify.io` or directly to Oracle E5/Micro.
3. Add the service file to `03_AUTOMATION_CORE/01_Scripts/oracle_services/`.",,self-hosted,3,auto,2026-05-12,photo_topic=Free Tools that handle tasks you've been avoiding
EIC-0595,photo_ocr,FB_IMG_1778509304971.jpg,"« pdfgear.com - Edit, sign and convert PDFs without watermarks",Pdfgear,https://pdfgear.com,pdfgear.com,Self-Hosting & Privacy,,"Edit, sign and convert PDFs without watermarks",DevOps Desk,Engineering Foreman,Engineering Foreman self-hosts or evaluates pdfgear.com as part of the Hive infrastructure. Replaces SaaS where free + open-source is sufficient (Operator Truth: avoid paid SaaS pre-revenue).,,free,free,low,,"1. Read docs at https://pdfgear.com.
2. Deploy via `coolify.io` or directly to Oracle E5/Micro.
3. Add the service file to `03_AUTOMATION_CORE/01_Scripts/oracle_services/`.",,must know essential,3,auto,2026-05-12,photo_topic=Must know essential free PC tools | photo_topic=Rare research Tools most people miss
EIC-0596,photo_ocr,FB_IMG_1778509304971.jpg,¢ picard.musicbrainz.org - organises your entire music library,Picard,https://picard.musicbrainz.org,picard.musicbrainz.org,Self-Hosting & Privacy,,organises your entire music library,DevOps Desk,Engineering Foreman,Engineering Foreman self-hosts or evaluates picard.musicbrainz.org as part of the Hive infrastructure. Replaces SaaS where free + open-source is sufficient (Operator Truth: avoid paid SaaS pre-revenue).,,free,free,low,,"1. Read docs at https://picard.musicbrainz.org.
2. Deploy via `coolify.io` or directly to Oracle E5/Micro.
3. Add the service file to `03_AUTOMATION_CORE/01_Scripts/oracle_services/`.",,must know essential,3,auto,2026-05-12,photo_topic=Must know essential free PC tools
EIC-0597,photo_ocr,FB_IMG_1778509304971.jpg,¢ projectlibre.com - Full project management with Gantt charts,Projectlibre,https://projectlibre.com,projectlibre.com,Self-Hosting & Privacy,,Full project management with Gantt charts,DevOps Desk,Engineering Foreman,Engineering Foreman self-hosts or evaluates projectlibre.com as part of the Hive infrastructure. Replaces SaaS where free + open-source is sufficient (Operator Truth: avoid paid SaaS pre-revenue).,,free,free,low,,"1. Read docs at https://projectlibre.com.
2. Deploy via `coolify.io` or directly to Oracle E5/Micro.
3. Add the service file to `03_AUTOMATION_CORE/01_Scripts/oracle_services/`.",,must know essential,3,auto,2026-05-12,photo_topic=Must know essential free PC tools
EIC-0598,photo_ocr,FB_IMG_1778509304971.jpg,« protonvpn.com - VPN with verified no-logs and no data limit,Protonvpn,https://protonvpn.com,protonvpn.com,Self-Hosting & Privacy,,VPN with verified no-logs and no data limit,DevOps Desk,Engineering Foreman,Engineering Foreman self-hosts or evaluates protonvpn.com as part of the Hive infrastructure. Replaces SaaS where free + open-source is sufficient (Operator Truth: avoid paid SaaS pre-revenue).,,free,free,low,,"1. Read docs at https://protonvpn.com.
2. Deploy via `coolify.io` or directly to Oracle E5/Micro.
3. Add the service file to `03_AUTOMATION_CORE/01_Scripts/oracle_services/`.",,must know essential,3,auto,2026-05-12,photo_topic=Must know essential free PC tools
EIC-0599,photo_ocr,FB_IMG_1778507621971.jpg,¢ rclone.org - Automate cloud storage sync,Rclone,https://rclone.org,rclone.org,Self-Hosting & Privacy,,Automate cloud storage sync,DevOps Desk,Engineering Foreman,Engineering Foreman self-hosts or evaluates rclone.org as part of the Hive infrastructure. Replaces SaaS where free + open-source is sufficient (Operator Truth: avoid paid SaaS pre-revenue).,,free,free,low,,"1. Read docs at https://rclone.org.
2. Deploy via `coolify.io` or directly to Oracle E5/Micro.
3. Add the service file to `03_AUTOMATION_CORE/01_Scripts/oracle_services/`.",,cloud storage sync,3,auto,2026-05-12,photo_topic=safe automation tools worth using.. | e listmonk.app   newsletter/ mailing list automation | photo_topic=safe automation tools worth using.. | e listmonk.app   newsletter/ mailing list automation
EIC-0600,photo_ocr,FB_IMG_1778507621971.jpg,« restic.net - Automated encrypted backups for any OS..,Restic,https://restic.net,restic.net,Self-Hosting & Privacy,,Automated encrypted backups for any OS,DevOps Desk,Engineering Foreman,Engineering Foreman self-hosts or evaluates restic.net as part of the Hive infrastructure. Replaces SaaS where free + open-source is sufficient (Operator Truth: avoid paid SaaS pre-revenue).,,free,free,low,,"1. Read docs at https://restic.net.
2. Deploy via `coolify.io` or directly to Oracle E5/Micro.
3. Add the service file to `03_AUTOMATION_CORE/01_Scripts/oracle_services/`.",,automation tools,3,auto,2026-05-12,photo_topic=safe automation tools worth using.. | e listmonk.app   newsletter/ mailing list automation | photo_topic=safe automation tools worth using.. | e listmonk.app   newsletter/ mailing list automation
EIC-0601,photo_ocr,FB_IMG_1778509304971.jpg,« revouninstaller.com - Removes apps and cleans every leftover trace,Revouninstaller,https://revouninstaller.com,revouninstaller.com,Self-Hosting & Privacy,,Removes apps and cleans every leftover trace,DevOps Desk,Engineering Foreman,Engineering Foreman self-hosts or evaluates revouninstaller.com as part of the Hive infrastructure. Replaces SaaS where free + open-source is sufficient (Operator Truth: avoid paid SaaS pre-revenue).,,free,free,low,,"1. Read docs at https://revouninstaller.com.
2. Deploy via `coolify.io` or directly to Oracle E5/Micro.
3. Add the service file to `03_AUTOMATION_CORE/01_Scripts/oracle_services/`.",,must know essential,3,auto,2026-05-12,photo_topic=Must know essential free PC tools
EIC-0602,photo_ocr,FB_IMG_1778507621971.jpg,¢ stirlingpdf.com - Automate PDF processing,Stirlingpdf,https://stirlingpdf.com,stirlingpdf.com,Self-Hosting & Privacy,,Automate PDF processing,DevOps Desk,Engineering Foreman,Engineering Foreman self-hosts or evaluates stirlingpdf.com as part of the Hive infrastructure. Replaces SaaS where free + open-source is sufficient (Operator Truth: avoid paid SaaS pre-revenue).,,free,free,low,,"1. Read docs at https://stirlingpdf.com.
2. Deploy via `coolify.io` or directly to Oracle E5/Micro.
3. Add the service file to `03_AUTOMATION_CORE/01_Scripts/oracle_services/`.",,automation tools,3,auto,2026-05-12,photo_topic=safe automation tools worth using.. | e listmonk.app   newsletter/ mailing list automation | photo_topic=safe automation tools worth using.. | e listmonk.app   newsletter/ mailing list automation
EIC-0603,photo_ocr,FB_IMG_1778509090589.jpg,¢ suitecrm.com - Full CRM for managing customers(Open source),Suitecrm,https://suitecrm.com,suitecrm.com,Self-Hosting & Privacy,,Full CRM for managing customers(Open source),DevOps Desk,Engineering Foreman,Engineering Foreman self-hosts or evaluates suitecrm.com as part of the Hive infrastructure. Replaces SaaS where free + open-source is sufficient (Operator Truth: avoid paid SaaS pre-revenue).,,free,free,low,,"1. Read docs at https://suitecrm.com.
2. Deploy via `coolify.io` or directly to Oracle E5/Micro.
3. Add the service file to `03_AUTOMATION_CORE/01_Scripts/oracle_services/`.",,open source,3,auto,2026-05-12,photo_topic=Free Tools that handle tasks you've been avoiding
EIC-0604,photo_ocr,FB_IMG_1778507621971.jpg,¢ syncthing.net - synchronizes files across many devices..,Syncthing,https://syncthing.net,syncthing.net,Self-Hosting & Privacy,,synchronizes files across many devices,DevOps Desk,Engineering Foreman,Engineering Foreman self-hosts or evaluates syncthing.net as part of the Hive infrastructure. Replaces SaaS where free + open-source is sufficient (Operator Truth: avoid paid SaaS pre-revenue).,,free,free,low,,"1. Read docs at https://syncthing.net.
2. Deploy via `coolify.io` or directly to Oracle E5/Micro.
3. Add the service file to `03_AUTOMATION_CORE/01_Scripts/oracle_services/`.",,automation tools,3,auto,2026-05-12,photo_topic=safe automation tools worth using.. | e listmonk.app   newsletter/ mailing list automation | photo_topic=safe automation tools worth using.. | e listmonk.app   newsletter/ mailing list automation
EIC-0605,photo_ocr,FB_IMG_1778507621971.jpg,¢ tubearchivist.com - self hosted YouTube media server,Tubearchivist,https://tubearchivist.com,tubearchivist.com,Self-Hosting & Privacy,,self hosted YouTube media server,DevOps Desk,Engineering Foreman,Engineering Foreman self-hosts or evaluates tubearchivist.com as part of the Hive infrastructure. Replaces SaaS where free + open-source is sufficient (Operator Truth: avoid paid SaaS pre-revenue).,,free,free,low,,"1. Read docs at https://tubearchivist.com.
2. Deploy via `coolify.io` or directly to Oracle E5/Micro.
3. Add the service file to `03_AUTOMATION_CORE/01_Scripts/oracle_services/`.",,automation tools,3,auto,2026-05-12,photo_topic=safe automation tools worth using.. | e listmonk.app   newsletter/ mailing list automation | photo_topic=safe automation tools worth using.. | e listmonk.app   newsletter/ mailing list automation
EIC-0606,photo_ocr,FB_IMG_1778509304971.jpg,« ventoy.net - Multiple bootable ISOs on one USB drive,Ventoy,https://ventoy.net,ventoy.net,Self-Hosting & Privacy,,Multiple bootable ISOs on one USB drive,DevOps Desk,Engineering Foreman,Engineering Foreman self-hosts or evaluates ventoy.net as part of the Hive infrastructure. Replaces SaaS where free + open-source is sufficient (Operator Truth: avoid paid SaaS pre-revenue).,,free,free,low,,"1. Read docs at https://ventoy.net.
2. Deploy via `coolify.io` or directly to Oracle E5/Micro.
3. Add the service file to `03_AUTOMATION_CORE/01_Scripts/oracle_services/`.",,must know essential,3,auto,2026-05-12,photo_topic=Must know essential free PC tools
EIC-0607,photo_ocr,FB_IMG_1778509304971.jpg,¢ veracrypt.fr - Encrypts entire drives and hidden volumes..,Veracrypt,https://veracrypt.fr,veracrypt.fr,Self-Hosting & Privacy,,Encrypts entire drives and hidden volumes,DevOps Desk,Engineering Foreman,Engineering Foreman self-hosts or evaluates veracrypt.fr as part of the Hive infrastructure. Replaces SaaS where free + open-source is sufficient (Operator Truth: avoid paid SaaS pre-revenue).,,free,free,low,,"1. Read docs at https://veracrypt.fr.
2. Deploy via `coolify.io` or directly to Oracle E5/Micro.
3. Add the service file to `03_AUTOMATION_CORE/01_Scripts/oracle_services/`.",,must know essential,3,auto,2026-05-12,photo_topic=Must know essential free PC tools
EIC-0608,photo_ocr,FB_IMG_1778509304971.jpg,« voidtools.com - Searches every file on your PC..,Voidtools,https://voidtools.com,voidtools.com,Self-Hosting & Privacy,,Searches every file on your PC,DevOps Desk,Engineering Foreman,Engineering Foreman self-hosts or evaluates voidtools.com as part of the Hive infrastructure. Replaces SaaS where free + open-source is sufficient (Operator Truth: avoid paid SaaS pre-revenue).,,free,free,low,,"1. Read docs at https://voidtools.com.
2. Deploy via `coolify.io` or directly to Oracle E5/Micro.
3. Add the service file to `03_AUTOMATION_CORE/01_Scripts/oracle_services/`.",,must know essential,3,auto,2026-05-12,photo_topic=Must know essential free PC tools
EIC-0609,photo_ocr,FB_IMG_1778507621971.jpg,¢ wallos.app - powerful DeFi automation tool,Wallos,https://wallos.app,wallos.app,Self-Hosting & Privacy,,powerful DeFi automation tool,DevOps Desk,Engineering Foreman,Engineering Foreman self-hosts or evaluates wallos.app as part of the Hive infrastructure. Replaces SaaS where free + open-source is sufficient (Operator Truth: avoid paid SaaS pre-revenue).,,free,free,low,,"1. Read docs at https://wallos.app.
2. Deploy via `coolify.io` or directly to Oracle E5/Micro.
3. Add the service file to `03_AUTOMATION_CORE/01_Scripts/oracle_services/`.",,automation tools,3,auto,2026-05-12,photo_topic=safe automation tools worth using.. | e listmonk.app   newsletter/ mailing list automation | photo_topic=safe automation tools worth using.. | e listmonk.app   newsletter/ mailing list automation
EIC-0610,photo_ocr,FB_IMG_1778509304971.jpg,¢ windirstat.net - Visual map showing what consumes your disk space,Windirstat,https://windirstat.net,windirstat.net,Self-Hosting & Privacy,,Visual map showing what consumes your disk space,DevOps Desk,Engineering Foreman,Engineering Foreman self-hosts or evaluates windirstat.net as part of the Hive infrastructure. Replaces SaaS where free + open-source is sufficient (Operator Truth: avoid paid SaaS pre-revenue).,,free,free,low,,"1. Read docs at https://windirstat.net.
2. Deploy via `coolify.io` or directly to Oracle E5/Micro.
3. Add the service file to `03_AUTOMATION_CORE/01_Scripts/oracle_services/`.",,must know essential,3,auto,2026-05-12,photo_topic=Must know essential free PC tools
EIC-0611,photo_ocr,FB_IMG_1778509142466.jpg,« asdlib.org - analytical science learning resources,Asdlib,https://asdlib.org,asdlib.org,Space & Science,,analytical science learning resources,CEO Command Center,Helix Patel,"Helix Patel pulls asdlib.org for scientific data, space weather, biological/chemical reference, or research signals. Useful for long-horizon strategy and any health/biotech-adjacent decision.",,free,free,low,,"1. Open https://asdlib.org for the dataset.
2. Many science DBs offer JSON or CSV downloads -- inspect the API.
3. Cache findings to `cache/science/` for repeat queries.",,research and analysis,3,auto,2026-05-12,photo_topic=Hidden Tools for chemistry research and analysis
EIC-0612,photo_ocr,FB_IMG_1778509507011.jpg,¢ biodiversitylibrary.org - Millions of rare biology books digitized.,Biodiversitylibrary,https://biodiversitylibrary.org,biodiversitylibrary.org,Space & Science,,Millions of rare biology books digitized,CEO Command Center,Helix Patel,"Helix Patel pulls biodiversitylibrary.org for scientific data, space weather, biological/chemical reference, or research signals. Useful for long-horizon strategy and any health/biotech-adjacent decision.",,free,free,low,,"1. Open https://biodiversitylibrary.org for the dataset.
2. Many science DBs offer JSON or CSV downloads -- inspect the API.
3. Cache findings to `cache/science/` for repeat queries.",,biology,3,auto,2026-05-12,photo_topic=platforms for finding hard to  access information..
EIC-0613,photo_ocr,FB_IMG_1778509101649.jpg,« biorxiv.org - Biology and life sciences research,Biorxiv,https://biorxiv.org,biorxiv.org,Space & Science,domain-override,Biology and life sciences research,CEO Command Center,Helix Patel,"Helix Patel pulls biorxiv.org for scientific data, space weather, biological/chemical reference, or research signals. Useful for long-horizon strategy and any health/biotech-adjacent decision.",,free,free,low,,"1. Open https://biorxiv.org for the dataset.
2. Many science DBs offer JSON or CSV downloads -- inspect the API.
3. Cache findings to `cache/science/` for repeat queries.",,,3,auto-domain,2026-05-12,photo_topic=Ultimate OSINT and Research Toolkit
EIC-0614,photo_ocr,FB_IMG_1778509126742.jpg,« brainspan.org - atlas of human brain development.,Brainspan,https://brainspan.org,brainspan.org,Space & Science,,atlas of human brain development,CEO Command Center,Helix Patel,"Helix Patel pulls brainspan.org for scientific data, space weather, biological/chemical reference, or research signals. Useful for long-horizon strategy and any health/biotech-adjacent decision.",,free,free,low,,"1. Open https://brainspan.org for the dataset.
2. Many science DBs offer JSON or CSV downloads -- inspect the API.
3. Cache findings to `cache/science/` for repeat queries.",,brain development,3,auto,2026-05-12,photo_topic=platforms to explore large datasets across multiple fields
EIC-0615,photo_ocr,FB_IMG_1778509142466.jpg,« cactus.nci.nih.gov - Convert structure names formats and identifiers,Cactus,https://cactus.nci.nih.gov,cactus.nci.nih.gov,Space & Science,,Convert structure names formats and identifiers,CEO Command Center,Helix Patel,"Helix Patel pulls cactus.nci.nih.gov for scientific data, space weather, biological/chemical reference, or research signals. Useful for long-horizon strategy and any health/biotech-adjacent decision.",,free,free,low,,"1. Open https://cactus.nci.nih.gov for the dataset.
2. Many science DBs offer JSON or CSV downloads -- inspect the API.
3. Cache findings to `cache/science/` for repeat queries.",,research and analysis,3,auto,2026-05-12,photo_topic=Hidden Tools for chemistry research and analysis
EIC-0616,photo_ocr,FB_IMG_1778509142466.jpg,« chem.libretexts.org - Free chemistry books across every field,Chem,https://chem.libretexts.org,chem.libretexts.org,Space & Science,,Free chemistry books across every field,CEO Command Center,Helix Patel,"Helix Patel pulls chem.libretexts.org for scientific data, space weather, biological/chemical reference, or research signals. Useful for long-horizon strategy and any health/biotech-adjacent decision.",,free,free,low,,"1. Open https://chem.libretexts.org for the dataset.
2. Many science DBs offer JSON or CSV downloads -- inspect the API.
3. Cache findings to `cache/science/` for repeat queries.",,research and analysis,3,auto,2026-05-12,photo_topic=Hidden Tools for chemistry research and analysis
EIC-0617,photo_ocr,FB_IMG_1778509142466.jpg,« cheminfo.org - Build full cheminformatics workflows,Cheminfo,https://cheminfo.org,cheminfo.org,Space & Science,,Build full cheminformatics workflows,CEO Command Center,Helix Patel,"Helix Patel pulls cheminfo.org for scientific data, space weather, biological/chemical reference, or research signals. Useful for long-horizon strategy and any health/biotech-adjacent decision.",,free,free,low,,"1. Open https://cheminfo.org for the dataset.
2. Many science DBs offer JSON or CSV downloads -- inspect the API.
3. Cache findings to `cache/science/` for repeat queries.",,research and analysis,3,auto,2026-05-12,photo_topic=Hidden Tools for chemistry research and analysis
EIC-0618,photo_ocr,FB_IMG_1778509142466.jpg,« chemistry.stackexchange.com - answers for chemistry problems,Chemistry,https://chemistry.stackexchange.com,chemistry.stackexchange.com,Space & Science,,answers for chemistry problems,CEO Command Center,Helix Patel,"Helix Patel pulls chemistry.stackexchange.com for scientific data, space weather, biological/chemical reference, or research signals. Useful for long-horizon strategy and any health/biotech-adjacent decision.",,free,free,low,,"1. Open https://chemistry.stackexchange.com for the dataset.
2. Many science DBs offer JSON or CSV downloads -- inspect the API.
3. Cache findings to `cache/science/` for repeat queries.",,research and analysis,3,auto,2026-05-12,photo_topic=Hidden Tools for chemistry research and analysis
EIC-0619,photo_ocr,FB_IMG_1778509142466.jpg,« chemspider.com - Search millions of structures from sources,Chemspider,https://chemspider.com,chemspider.com,Space & Science,,Search millions of structures from sources,CEO Command Center,Helix Patel,"Helix Patel pulls chemspider.com for scientific data, space weather, biological/chemical reference, or research signals. Useful for long-horizon strategy and any health/biotech-adjacent decision.",,free,free,low,,"1. Open https://chemspider.com for the dataset.
2. Many science DBs offer JSON or CSV downloads -- inspect the API.
3. Cache findings to `cache/science/` for repeat queries.",,research and analysis,3,auto,2026-05-12,photo_topic=Hidden Tools for chemistry research and analysis
EIC-0620,photo_ocr,FB_IMG_1778509142466.jpg,« commonchemistry.cas.org - Confirm any CAS number/chemical name,Commonchemistry,https://commonchemistry.cas.org,commonchemistry.cas.org,Space & Science,,Confirm any CAS number/chemical name,CEO Command Center,Helix Patel,"Helix Patel pulls commonchemistry.cas.org for scientific data, space weather, biological/chemical reference, or research signals. Useful for long-horizon strategy and any health/biotech-adjacent decision.",,free,free,low,,"1. Open https://commonchemistry.cas.org for the dataset.
2. Many science DBs offer JSON or CSV downloads -- inspect the API.
3. Cache findings to `cache/science/` for repeat queries.",,research and analysis,3,auto,2026-05-12,photo_topic=Hidden Tools for chemistry research and analysis
EIC-0621,photo_ocr,FB_IMG_1778509090589.jpg,¢ consensus.app - Search what science says on any topic,Consensus,https://consensus.app,consensus.app,Space & Science,,Search what science says on any topic,CEO Command Center,Helix Patel,"Helix Patel pulls consensus.app for scientific data, space weather, biological/chemical reference, or research signals. Useful for long-horizon strategy and any health/biotech-adjacent decision.",,free,free,low,,"1. Open https://consensus.app for the dataset.
2. Many science DBs offer JSON or CSV downloads -- inspect the API.
3. Cache findings to `cache/science/` for repeat queries.",,science,3,auto,2026-05-12,photo_topic=Free Tools that handle tasks you've been avoiding
EIC-0622,photo_ocr,FB_IMG_1778509067661.jpg,¢ earthdata.nasa.gov - full Earth science data and tool gateway,Earthdata,https://earthdata.nasa.gov,earthdata.nasa.gov,Space & Science,domain-override,full Earth science data and tool gateway,CEO Command Center,Helix Patel,"Helix Patel pulls earthdata.nasa.gov for scientific data, space weather, biological/chemical reference, or research signals. Useful for long-horizon strategy and any health/biotech-adjacent decision.",,free,free,low,,"1. Open https://earthdata.nasa.gov for the dataset.
2. Many science DBs offer JSON or CSV downloads -- inspect the API.
3. Cache findings to `cache/science/` for repeat queries.",,,3,auto-domain,2026-05-12,photo_topic=Tools for advanced climate data analysis
EIC-0623,photo_ocr,FB_IMG_1778509142466.jpg,« emolecules.com - commercial suppliers for any chemical structure,Emolecules,https://emolecules.com,emolecules.com,Space & Science,,commercial suppliers for any chemical structure,CEO Command Center,Helix Patel,"Helix Patel pulls emolecules.com for scientific data, space weather, biological/chemical reference, or research signals. Useful for long-horizon strategy and any health/biotech-adjacent decision.",,free,free,low,,"1. Open https://emolecules.com for the dataset.
2. Many science DBs offer JSON or CSV downloads -- inspect the API.
3. Cache findings to `cache/science/` for repeat queries.",,research and analysis,3,auto,2026-05-12,photo_topic=Hidden Tools for chemistry research and analysis
EIC-0624,photo_ocr,FB_IMG_1778509142466.jpg,« flavornet.org - Find which molecules create which food aromas,Flavornet,https://flavornet.org,flavornet.org,Space & Science,,Find which molecules create which food aromas,CEO Command Center,Helix Patel,"Helix Patel pulls flavornet.org for scientific data, space weather, biological/chemical reference, or research signals. Useful for long-horizon strategy and any health/biotech-adjacent decision.",,free,free,low,,"1. Open https://flavornet.org for the dataset.
2. Many science DBs offer JSON or CSV downloads -- inspect the API.
3. Cache findings to `cache/science/` for repeat queries.",,research and analysis,3,auto,2026-05-12,photo_topic=Hidden Tools for chemistry research and analysis
EIC-0625,photo_ocr,FB_IMG_1778509254932.jpg,« heasarc.gsfc.nasa.gov - Archive of every high-energy astrophysics mission,Heasarc,https://heasarc.gsfc.nasa.gov,heasarc.gsfc.nasa.gov,Space & Science,domain-override,Archive of every high-energy astrophysics mission,CEO Command Center,Helix Patel,"Helix Patel pulls heasarc.gsfc.nasa.gov for scientific data, space weather, biological/chemical reference, or research signals. Useful for long-horizon strategy and any health/biotech-adjacent decision.",,free,free,low,,"1. Open https://heasarc.gsfc.nasa.gov for the dataset.
2. Many science DBs offer JSON or CSV downloads -- inspect the API.
3. Cache findings to `cache/science/` for repeat queries.",,,3,auto-domain,2026-05-12,photo_topic=Tools to discover hidden global information | e thegreatestbooks.org   Top fiction books determined by critics
EIC-0626,photo_ocr,FB_IMG_1778509142466.jpg,« hero.epa.gov - study behind EPA chemical risk assessments,Hero,https://hero.epa.gov,hero.epa.gov,Space & Science,,study behind EPA chemical risk assessments,CEO Command Center,Helix Patel,"Helix Patel pulls hero.epa.gov for scientific data, space weather, biological/chemical reference, or research signals. Useful for long-horizon strategy and any health/biotech-adjacent decision.",,free,free,low,,"1. Open https://hero.epa.gov for the dataset.
2. Many science DBs offer JSON or CSV downloads -- inspect the API.
3. Cache findings to `cache/science/` for repeat queries.",,research and analysis,3,auto,2026-05-12,photo_topic=Hidden Tools for chemistry research and analysis
EIC-0627,photo_ocr,FB_IMG_1778509367591.jpg,¢ icebridge.gsfc.nasa.gov - Aerial radar maps beneath both polar ice sheets,Icebridge,https://icebridge.gsfc.nasa.gov,icebridge.gsfc.nasa.gov,Space & Science,domain-override,Aerial radar maps beneath both polar ice sheets,CEO Command Center,Helix Patel,"Helix Patel pulls icebridge.gsfc.nasa.gov for scientific data, space weather, biological/chemical reference, or research signals. Useful for long-horizon strategy and any health/biotech-adjacent decision.",,free,free,low,,"1. Open https://icebridge.gsfc.nasa.gov for the dataset.
2. Many science DBs offer JSON or CSV downloads -- inspect the API.
3. Cache findings to `cache/science/` for repeat queries.",,,3,auto-domain,2026-05-12,photo_topic=Hidden scientific platforms worth discovering
EIC-0628,photo_ocr,FB_IMG_1778509142466.jpg,- icsd.fiz-karlsruhe.de - explore every inorganic crystal structure,Icsd,https://icsd.fiz-karlsruhe.de,icsd.fiz-karlsruhe.de,Space & Science,,explore every inorganic crystal structure,CEO Command Center,Helix Patel,"Helix Patel pulls icsd.fiz-karlsruhe.de for scientific data, space weather, biological/chemical reference, or research signals. Useful for long-horizon strategy and any health/biotech-adjacent decision.",,free,free,low,,"1. Open https://icsd.fiz-karlsruhe.de for the dataset.
2. Many science DBs offer JSON or CSV downloads -- inspect the API.
3. Cache findings to `cache/science/` for repeat queries.",,research and analysis,3,auto,2026-05-12,photo_topic=Hidden Tools for chemistry research and analysis
EIC-0629,photo_ocr,FB_IMG_1778509367591.jpg,° iswa.gsfc.nasa.gov - Real-time 3D model of solar wind hitting Earth,Iswa,https://iswa.gsfc.nasa.gov,iswa.gsfc.nasa.gov,Space & Science,domain-override,Real-time 3D model of solar wind hitting Earth,CEO Command Center,Helix Patel,"Helix Patel pulls iswa.gsfc.nasa.gov for scientific data, space weather, biological/chemical reference, or research signals. Useful for long-horizon strategy and any health/biotech-adjacent decision.",,free,free,low,,"1. Open https://iswa.gsfc.nasa.gov for the dataset.
2. Many science DBs offer JSON or CSV downloads -- inspect the API.
3. Cache findings to `cache/science/` for repeat queries.",,,3,auto-domain,2026-05-12,photo_topic=Hidden scientific platforms worth discovering
EIC-0630,photo_ocr,FB_IMG_1778509067661.jpg,¢ its-live.jpl.nasa.gov - glacier velocity and ice flow data,Its Live,https://its-live.jpl.nasa.gov,its-live.jpl.nasa.gov,Space & Science,domain-override,glacier velocity and ice flow data,CEO Command Center,Helix Patel,"Helix Patel pulls its-live.jpl.nasa.gov for scientific data, space weather, biological/chemical reference, or research signals. Useful for long-horizon strategy and any health/biotech-adjacent decision.",,free,free,low,,"1. Open https://its-live.jpl.nasa.gov for the dataset.
2. Many science DBs offer JSON or CSV downloads -- inspect the API.
3. Cache findings to `cache/science/` for repeat queries.",,,3,auto-domain,2026-05-12,photo_topic=Tools for advanced climate data analysis
EIC-0631,photo_ocr,FB_IMG_1778509142466.jpg,« materialsproject.org - Compute properties of any material,Materialsproject,https://materialsproject.org,materialsproject.org,Space & Science,,Compute properties of any material,CEO Command Center,Helix Patel,"Helix Patel pulls materialsproject.org for scientific data, space weather, biological/chemical reference, or research signals. Useful for long-horizon strategy and any health/biotech-adjacent decision.",,free,free,low,,"1. Open https://materialsproject.org for the dataset.
2. Many science DBs offer JSON or CSV downloads -- inspect the API.
3. Cache findings to `cache/science/` for repeat queries.",,research and analysis,3,auto,2026-05-12,photo_topic=Hidden Tools for chemistry research and analysis
EIC-0632,photo_ocr,FB_IMG_1778509507011.jpg,¢ mindat.org - World's largest mineral and meteorite database..,Mindat,https://mindat.org,mindat.org,Space & Science,,World's largest mineral and meteorite database,CEO Command Center,Helix Patel,"Helix Patel pulls mindat.org for scientific data, space weather, biological/chemical reference, or research signals. Useful for long-horizon strategy and any health/biotech-adjacent decision.",,free,free,low,,"1. Open https://mindat.org for the dataset.
2. Many science DBs offer JSON or CSV downloads -- inspect the API.
3. Cache findings to `cache/science/` for repeat queries.",,meteorite,3,auto,2026-05-12,photo_topic=platforms for finding hard to  access information..
EIC-0633,photo_ocr,FB_IMG_1778509142466.jpg,"« molview.org - Draw ,visualize molecules in 3D",Molview,https://molview.org,molview.org,Space & Science,,"Draw ,visualize molecules in 3D",CEO Command Center,Helix Patel,"Helix Patel pulls molview.org for scientific data, space weather, biological/chemical reference, or research signals. Useful for long-horizon strategy and any health/biotech-adjacent decision.",,free,free,low,,"1. Open https://molview.org for the dataset.
2. Many science DBs offer JSON or CSV downloads -- inspect the API.
3. Cache findings to `cache/science/` for repeat queries.",,research and analysis,3,auto,2026-05-12,photo_topic=Hidden Tools for chemistry research and analysis
EIC-0634,photo_ocr,FB_IMG_1778509238072.jpg,¢ oceancolor.gsfc.nasa.gov - ocean chlorophyll and temperature data,Oceancolor,https://oceancolor.gsfc.nasa.gov,oceancolor.gsfc.nasa.gov,Space & Science,domain-override,ocean chlorophyll and temperature data,CEO Command Center,Helix Patel,"Helix Patel pulls oceancolor.gsfc.nasa.gov for scientific data, space weather, biological/chemical reference, or research signals. Useful for long-horizon strategy and any health/biotech-adjacent decision.",,free,free,low,,"1. Open https://oceancolor.gsfc.nasa.gov for the dataset.
2. Many science DBs offer JSON or CSV downloads -- inspect the API.
3. Cache findings to `cache/science/` for repeat queries.",,,3,auto-domain,2026-05-12,photo_topic=sites that let you interact with live global data
EIC-0635,photo_ocr,FB_IMG_1778509090589.jpg,¢ ocr.space - Extract text from any image or PDF..,Ocr,https://ocr.space,ocr.space,Space & Science,,Extract text from any image or PDF,CEO Command Center,Helix Patel,"Helix Patel pulls ocr.space for scientific data, space weather, biological/chemical reference, or research signals. Useful for long-horizon strategy and any health/biotech-adjacent decision.",,free,free,low,,"1. Open https://ocr.space for the dataset.
2. Many science DBs offer JSON or CSV downloads -- inspect the API.
3. Cache findings to `cache/science/` for repeat queries.",,space,3,auto,2026-05-12,photo_topic=Free Tools that handle tasks you've been avoiding
EIC-0636,photo_ocr,FB_IMG_1778509142466.jpg,« openbabel.org - Convert any chemical file format to another,Openbabel,https://openbabel.org,openbabel.org,Space & Science,,Convert any chemical file format to another,CEO Command Center,Helix Patel,"Helix Patel pulls openbabel.org for scientific data, space weather, biological/chemical reference, or research signals. Useful for long-horizon strategy and any health/biotech-adjacent decision.",,free,free,low,,"1. Open https://openbabel.org for the dataset.
2. Many science DBs offer JSON or CSV downloads -- inspect the API.
3. Cache findings to `cache/science/` for repeat queries.",,research and analysis,3,auto,2026-05-12,photo_topic=Hidden Tools for chemistry research and analysis
EIC-0637,photo_ocr,FB_IMG_1778509142466.jpg,* osra.sourceforge.net - Convert chemical images,Osra,https://osra.sourceforge.net,osra.sourceforge.net,Space & Science,,Convert chemical images,CEO Command Center,Helix Patel,"Helix Patel pulls osra.sourceforge.net for scientific data, space weather, biological/chemical reference, or research signals. Useful for long-horizon strategy and any health/biotech-adjacent decision.",,free,free,low,,"1. Open https://osra.sourceforge.net for the dataset.
2. Many science DBs offer JSON or CSV downloads -- inspect the API.
3. Cache findings to `cache/science/` for repeat queries.",,research and analysis,3,auto,2026-05-12,photo_topic=Hidden Tools for chemistry research and analysis
EIC-0638,photo_ocr,FB_IMG_1778509067661.jpg,¢ ozonewatch.gsfc.nasa.gov - stratospheric ozone hole monitor,Ozonewatch,https://ozonewatch.gsfc.nasa.gov,ozonewatch.gsfc.nasa.gov,Space & Science,domain-override,stratospheric ozone hole monitor,CEO Command Center,Helix Patel,"Helix Patel pulls ozonewatch.gsfc.nasa.gov for scientific data, space weather, biological/chemical reference, or research signals. Useful for long-horizon strategy and any health/biotech-adjacent decision.",,free,free,low,,"1. Open https://ozonewatch.gsfc.nasa.gov for the dataset.
2. Many science DBs offer JSON or CSV downloads -- inspect the API.
3. Cache findings to `cache/science/` for repeat queries.",,,3,auto-domain,2026-05-12,photo_topic=Tools for advanced climate data analysis
EIC-0639,photo_ocr,FB_IMG_1778509142466.jpg,¢ periodni.com - guide to every element with calculation tools,Periodni,https://periodni.com,periodni.com,Space & Science,,guide to every element with calculation tools,CEO Command Center,Helix Patel,"Helix Patel pulls periodni.com for scientific data, space weather, biological/chemical reference, or research signals. Useful for long-horizon strategy and any health/biotech-adjacent decision.",,free,free,low,,"1. Open https://periodni.com for the dataset.
2. Many science DBs offer JSON or CSV downloads -- inspect the API.
3. Cache findings to `cache/science/` for repeat queries.",,research and analysis,3,auto,2026-05-12,photo_topic=Hidden Tools for chemistry research and analysis
EIC-0640,photo_ocr,FB_IMG_1778509142466.jpg,« phet.colorado.edu- Simulate molecular bonds and reactions,Phet,https://phet.colorado.edu,phet.colorado.edu,Space & Science,,Simulate molecular bonds and reactions,CEO Command Center,Helix Patel,"Helix Patel pulls phet.colorado.edu for scientific data, space weather, biological/chemical reference, or research signals. Useful for long-horizon strategy and any health/biotech-adjacent decision.",,free,free,low,,"1. Open https://phet.colorado.edu for the dataset.
2. Many science DBs offer JSON or CSV downloads -- inspect the API.
3. Cache findings to `cache/science/` for repeat queries.",,research and analysis,3,auto,2026-05-12,photo_topic=Hidden Tools for chemistry research and analysis
EIC-0641,photo_ocr,FB_IMG_1778509142466.jpg,¢ psicode.org - Perform ab initio quantum chemistry calculations,Psicode,https://psicode.org,psicode.org,Space & Science,,Perform ab initio quantum chemistry calculations,CEO Command Center,Helix Patel,"Helix Patel pulls psicode.org for scientific data, space weather, biological/chemical reference, or research signals. Useful for long-horizon strategy and any health/biotech-adjacent decision.",,free,free,low,,"1. Open https://psicode.org for the dataset.
2. Many science DBs offer JSON or CSV downloads -- inspect the API.
3. Cache findings to `cache/science/` for repeat queries.",,research and analysis,3,auto,2026-05-12,photo_topic=Hidden Tools for chemistry research and analysis
EIC-0642,photo_ocr,FB_IMG_1778509142466.jpg,« ptable.com- deeply explore compounds from periodic table,Ptable,https://ptable.com,ptable.com,Space & Science,,deeply explore compounds from periodic table,CEO Command Center,Helix Patel,"Helix Patel pulls ptable.com for scientific data, space weather, biological/chemical reference, or research signals. Useful for long-horizon strategy and any health/biotech-adjacent decision.",,free,free,low,,"1. Open https://ptable.com for the dataset.
2. Many science DBs offer JSON or CSV downloads -- inspect the API.
3. Cache findings to `cache/science/` for repeat queries.",,research and analysis,3,auto,2026-05-12,photo_topic=Hidden Tools for chemistry research and analysis
EIC-0643,photo_ocr,FB_IMG_1778509142466.jpg,« rcsb.org - every known protein structure solved,Rcsb,https://rcsb.org,rcsb.org,Space & Science,,every known protein structure solved,CEO Command Center,Helix Patel,"Helix Patel pulls rcsb.org for scientific data, space weather, biological/chemical reference, or research signals. Useful for long-horizon strategy and any health/biotech-adjacent decision.",,free,free,low,,"1. Open https://rcsb.org for the dataset.
2. Many science DBs offer JSON or CSV downloads -- inspect the API.
3. Cache findings to `cache/science/` for repeat queries.",,research and analysis,3,auto,2026-05-12,photo_topic=Hidden Tools for chemistry research and analysis
EIC-0644,photo_ocr,FB_IMG_1778509333478.jpg,« sealevel.nasa.gov - interactive global sea level change tracker,Sealevel,https://sealevel.nasa.gov,sealevel.nasa.gov,Space & Science,domain-override,interactive global sea level change tracker,CEO Command Center,Helix Patel,"Helix Patel pulls sealevel.nasa.gov for scientific data, space weather, biological/chemical reference, or research signals. Useful for long-horizon strategy and any health/biotech-adjacent decision.",,free,free,low,,"1. Open https://sealevel.nasa.gov for the dataset.
2. Many science DBs offer JSON or CSV downloads -- inspect the API.
3. Cache findings to `cache/science/` for repeat queries.",,,3,auto-domain,2026-05-12,photo_topic=Must know GIS & advanced mapping sites
EIC-0645,photo_ocr,FB_IMG_1778509067661.jpg,¢ smap.jpl.nasa.gov - soil moisture data,Smap,https://smap.jpl.nasa.gov,smap.jpl.nasa.gov,Space & Science,domain-override,soil moisture data,CEO Command Center,Helix Patel,"Helix Patel pulls smap.jpl.nasa.gov for scientific data, space weather, biological/chemical reference, or research signals. Useful for long-horizon strategy and any health/biotech-adjacent decision.",,free,free,low,,"1. Open https://smap.jpl.nasa.gov for the dataset.
2. Many science DBs offer JSON or CSV downloads -- inspect the API.
3. Cache findings to `cache/science/` for repeat queries.",,,3,auto-domain,2026-05-12,photo_topic=Tools for advanced climate data analysis
EIC-0646,photo_ocr,FB_IMG_1778509142466.jpg,¢ swisstargetprediction.ch - all biological targets for any small molecule,Swisstargetprediction,https://swisstargetprediction.ch,swisstargetprediction.ch,Space & Science,,all biological targets for any small molecule,CEO Command Center,Helix Patel,"Helix Patel pulls swisstargetprediction.ch for scientific data, space weather, biological/chemical reference, or research signals. Useful for long-horizon strategy and any health/biotech-adjacent decision.",,free,free,low,,"1. Open https://swisstargetprediction.ch for the dataset.
2. Many science DBs offer JSON or CSV downloads -- inspect the API.
3. Cache findings to `cache/science/` for repeat queries.",,research and analysis,3,auto,2026-05-12,photo_topic=Hidden Tools for chemistry research and analysis
EIC-0647,photo_ocr,FB_IMG_1778509090589.jpg,¢ wolframalpha.com - Solves any math or science problem,Wolframalpha,https://wolframalpha.com,wolframalpha.com,Space & Science,,Computational search engine for factual answers,CEO Command Center,Helix Patel,"Helix Patel pulls wolframalpha.com for scientific data, space weather, biological/chemical reference, or research signals. Useful for long-horizon strategy and any health/biotech-adjacent decision.",,free,free,low,,"1. Open https://wolframalpha.com for the dataset.
2. Many science DBs offer JSON or CSV downloads -- inspect the API.
3. Cache findings to `cache/science/` for repeat queries.",,science,3,auto,2026-05-12,photo_topic=Free Tools that handle tasks you've been avoiding | photo_topic=:     tt sC«é@BBD@Claavew’ | Specialized search engines for different purposes.
EIC-0648,photo_ocr,FB_IMG_1778509067661.jpg,¢ worldview.earthdata.nasa.gov - full satellite imagery,Worldview,https://worldview.earthdata.nasa.gov,worldview.earthdata.nasa.gov,Space & Science,domain-override,full satellite imagery,CEO Command Center,Helix Patel,"Helix Patel pulls worldview.earthdata.nasa.gov for scientific data, space weather, biological/chemical reference, or research signals. Useful for long-horizon strategy and any health/biotech-adjacent decision.",,free,free,low,,"1. Open https://worldview.earthdata.nasa.gov for the dataset.
2. Many science DBs offer JSON or CSV downloads -- inspect the API.
3. Cache findings to `cache/science/` for repeat queries.",,,3,auto-domain,2026-05-12,photo_topic=Tools for advanced climate data analysis | photo_topic=sites that let you interact with live global data
EIC-0649,photo_ocr,FB_IMG_1778509507011.jpg,¢ zenodo.org - Open research data from every scientific field,Zenodo,https://zenodo.org,zenodo.org,Space & Science,,Open research data from every scientific field,CEO Command Center,Helix Patel,"Helix Patel pulls zenodo.org for scientific data, space weather, biological/chemical reference, or research signals. Useful for long-horizon strategy and any health/biotech-adjacent decision.",,free,free,low,,"1. Open https://zenodo.org for the dataset.
2. Many science DBs offer JSON or CSV downloads -- inspect the API.
3. Cache findings to `cache/science/` for repeat queries.",,scientific,3,auto,2026-05-12,photo_topic=platforms for finding hard to  access information..
EIC-0650,photo_ocr,FB_IMG_1778509470112.jpg,« abebooks.com - Rare first edition antiquarian book prices,Abebooks,https://abebooks.com,abebooks.com,Trading & Finance,,Rare first edition antiquarian book prices,Trading Desk,Bull Archer,"Bull Archer pulls abebooks.com for prices, on-chain flows, options, or portfolio reference. Cross-check against XLM bot signals and broker pipeline stage.",,free,free,low,,"1. Open https://abebooks.com.
2. Pull a snapshot: `intel pull abebooks.com`.
3. For automated tracking, wire into `06_DEVELOPMENT/xlm_bot/` if relevant.",,price of different,3,auto,2026-05-12,photo_topic=Determine the price of different rare products
EIC-0651,photo_ocr,FB_IMG_1778509470112.jpg,¢ aerolite.org - Martian and lunar meteorite prices listed,Aerolite,https://aerolite.org,aerolite.org,Trading & Finance,,Martian and lunar meteorite prices listed,Trading Desk,Bull Archer,"Bull Archer pulls aerolite.org for prices, on-chain flows, options, or portfolio reference. Cross-check against XLM bot signals and broker pipeline stage.",,free,free,low,,"1. Open https://aerolite.org.
2. Pull a snapshot: `intel pull aerolite.org`.
3. For automated tracking, wire into `06_DEVELOPMENT/xlm_bot/` if relevant.",,price of different,3,auto,2026-05-12,photo_topic=Determine the price of different rare products
EIC-0652,photo_ocr,FB_IMG_1778509112797.jpg,¢ alphaspread.com - Check if a stock is overpriced,Alphaspread,https://alphaspread.com,alphaspread.com,Trading & Finance,,Check if a stock is overpriced,Trading Desk,Bull Archer,"Bull Archer pulls alphaspread.com for prices, on-chain flows, options, or portfolio reference. Cross-check against XLM bot signals and broker pipeline stage.",,free,free,low,,"1. Open https://alphaspread.com.
2. Pull a snapshot: `intel pull alphaspread.com`.
3. For automated tracking, wire into `06_DEVELOPMENT/xlm_bot/` if relevant.",,beyond the basics,3,auto,2026-05-12,photo_topic=Essential financial tools beyond the basics
EIC-0653,photo_ocr,FB_IMG_1778509470112.jpg,¢ antiquearmsinc.com — historical weapon collector prices,Antiquearmsinc,https://antiquearmsinc.com,antiquearmsinc.com,Trading & Finance,,historical weapon collector prices,Trading Desk,Bull Archer,"Bull Archer pulls antiquearmsinc.com for prices, on-chain flows, options, or portfolio reference. Cross-check against XLM bot signals and broker pipeline stage.",,free,free,low,,"1. Open https://antiquearmsinc.com.
2. Pull a snapshot: `intel pull antiquearmsinc.com`.
3. For automated tracking, wire into `06_DEVELOPMENT/xlm_bot/` if relevant.",,price of different,3,auto,2026-05-12,photo_topic=Determine the price of different rare products
EIC-0654,photo_ocr,FB_IMG_1778509470112.jpg,¢ aquabid.com - Rare exotic tropical live fish prices,Aquabid,https://aquabid.com,aquabid.com,Trading & Finance,,Rare exotic tropical live fish prices,Trading Desk,Bull Archer,"Bull Archer pulls aquabid.com for prices, on-chain flows, options, or portfolio reference. Cross-check against XLM bot signals and broker pipeline stage.",,free,free,low,,"1. Open https://aquabid.com.
2. Pull a snapshot: `intel pull aquabid.com`.
3. For automated tracking, wire into `06_DEVELOPMENT/xlm_bot/` if relevant.",,price of different,3,auto,2026-05-12,photo_topic=Determine the price of different rare products
EIC-0655,photo_ocr,FB_IMG_1778509470112.jpg,¢ asianmetal.com - Bismuth selenium tellurium minor metal prices,Asianmetal,https://asianmetal.com,asianmetal.com,Trading & Finance,,Bismuth selenium tellurium minor metal prices,Trading Desk,Bull Archer,"Bull Archer pulls asianmetal.com for prices, on-chain flows, options, or portfolio reference. Cross-check against XLM bot signals and broker pipeline stage.",,free,free,low,,"1. Open https://asianmetal.com.
2. Pull a snapshot: `intel pull asianmetal.com`.
3. For automated tracking, wire into `06_DEVELOPMENT/xlm_bot/` if relevant.",,price of different,3,auto,2026-05-12,photo_topic=Determine the price of different rare products
EIC-0656,photo_ocr,FB_IMG_1778509112797.jpg,"¢ barchart.com - Data for options, futures, charts",Barchart,https://barchart.com,barchart.com,Trading & Finance,,Options and futures data with free charting tools,Trading Desk,Bull Archer,"Bull Archer pulls barchart.com for prices, on-chain flows, options, or portfolio reference. Cross-check against XLM bot signals and broker pipeline stage.",,free,free,low,,"1. Open https://barchart.com.
2. Pull a snapshot: `intel pull barchart.com`.
3. For automated tracking, wire into `06_DEVELOPMENT/xlm_bot/` if relevant.",,beyond the basics,3,auto,2026-05-12,photo_topic=Essential financial tools beyond the basics | photo_topic=Platforms that unlock rare knowledge.. | ¢ passc.net/EarthlmpactDatabase   Every confirmed meteor crater mapped
EIC-0657,photo_ocr,FB_IMG_1778509470112.jpg,¢ barnebys.com - Global rare collectible auction price search,Barnebys,https://barnebys.com,barnebys.com,Trading & Finance,,Global rare collectible auction price search,Trading Desk,Bull Archer,"Bull Archer pulls barnebys.com for prices, on-chain flows, options, or portfolio reference. Cross-check against XLM bot signals and broker pipeline stage.",,free,free,low,,"1. Open https://barnebys.com.
2. Pull a snapshot: `intel pull barnebys.com`.
3. For automated tracking, wire into `06_DEVELOPMENT/xlm_bot/` if relevant.",,price of different,3,auto,2026-05-12,photo_topic=Determine the price of different rare products
EIC-0658,photo_ocr,FB_IMG_1778509470112.jpg,¢ beckett.com - Rare sports trading card graded values,Beckett,https://beckett.com,beckett.com,Trading & Finance,,Rare sports trading card graded values,Trading Desk,Bull Archer,"Bull Archer pulls beckett.com for prices, on-chain flows, options, or portfolio reference. Cross-check against XLM bot signals and broker pipeline stage.",,free,free,low,,"1. Open https://beckett.com.
2. Pull a snapshot: `intel pull beckett.com`.
3. For automated tracking, wire into `06_DEVELOPMENT/xlm_bot/` if relevant.",,price of different,3,auto,2026-05-12,photo_topic=Determine the price of different rare products
EIC-0659,photo_ocr,FB_IMG_1778509470112.jpg,¢ benchmarkminerals.com - Lithium cobalt battery mineral prices,Benchmarkminerals,https://benchmarkminerals.com,benchmarkminerals.com,Trading & Finance,,Lithium cobalt battery mineral prices,Trading Desk,Bull Archer,"Bull Archer pulls benchmarkminerals.com for prices, on-chain flows, options, or portfolio reference. Cross-check against XLM bot signals and broker pipeline stage.",,free,free,low,,"1. Open https://benchmarkminerals.com.
2. Pull a snapshot: `intel pull benchmarkminerals.com`.
3. For automated tracking, wire into `06_DEVELOPMENT/xlm_bot/` if relevant.",,price of different,3,auto,2026-05-12,photo_topic=Determine the price of different rare products
EIC-0660,photo_ocr,FB_IMG_1778509112797.jpg,¢ benzinga.com -world’s Fastest breaking market news,Benzinga,https://benzinga.com,benzinga.com,Trading & Finance,,world’s Fastest breaking market news,Trading Desk,Bull Archer,"Bull Archer pulls benzinga.com for prices, on-chain flows, options, or portfolio reference. Cross-check against XLM bot signals and broker pipeline stage.",,free,free,low,,"1. Open https://benzinga.com.
2. Pull a snapshot: `intel pull benzinga.com`.
3. For automated tracking, wire into `06_DEVELOPMENT/xlm_bot/` if relevant.",,beyond the basics,3,auto,2026-05-12,photo_topic=Essential financial tools beyond the basics
EIC-0661,photo_ocr,FB_IMG_1778509112797.jpg,¢ bondsupermart.com - Compare global bonds,Bondsupermart,https://bondsupermart.com,bondsupermart.com,Trading & Finance,,Compare global bonds,Trading Desk,Bull Archer,"Bull Archer pulls bondsupermart.com for prices, on-chain flows, options, or portfolio reference. Cross-check against XLM bot signals and broker pipeline stage.",,free,free,low,,"1. Open https://bondsupermart.com.
2. Pull a snapshot: `intel pull bondsupermart.com`.
3. For automated tracking, wire into `06_DEVELOPMENT/xlm_bot/` if relevant.",,beyond the basics,3,auto,2026-05-12,photo_topic=Essential financial tools beyond the basics
EIC-0662,photo_ocr,FB_IMG_1778509470112.jpg,¢ chrono24.com - vintage luxury watch global prices,Chrono24,https://chrono24.com,chrono24.com,Trading & Finance,,vintage luxury watch global prices,Trading Desk,Bull Archer,"Bull Archer pulls chrono24.com for prices, on-chain flows, options, or portfolio reference. Cross-check against XLM bot signals and broker pipeline stage.",,free,free,low,,"1. Open https://chrono24.com.
2. Pull a snapshot: `intel pull chrono24.com`.
3. For automated tracking, wire into `06_DEVELOPMENT/xlm_bot/` if relevant.",,price of different,3,auto,2026-05-12,photo_topic=Determine the price of different rare products
EIC-0663,photo_ocr,FB_IMG_1778509112797.jpg,¢ clankapp.com - live massive blockchain capital flows,Clankapp,https://clankapp.com,clankapp.com,Trading & Finance,,live massive blockchain capital flows,Trading Desk,Bull Archer,"Bull Archer pulls clankapp.com for prices, on-chain flows, options, or portfolio reference. Cross-check against XLM bot signals and broker pipeline stage.",,free,free,low,,"1. Open https://clankapp.com.
2. Pull a snapshot: `intel pull clankapp.com`.
3. For automated tracking, wire into `06_DEVELOPMENT/xlm_bot/` if relevant.",,blockchain capital,3,auto,2026-05-12,photo_topic=Essential financial tools beyond the basics
EIC-0664,photo_ocr,FB_IMG_1778509112797.jpg,¢ coingecko.com - Crypto prices rankings and stats,Coingecko,https://coingecko.com,coingecko.com,Trading & Finance,domain-override,Crypto prices rankings and stats,Trading Desk,Bull Archer,"Bull Archer pulls coingecko.com for prices, on-chain flows, options, or portfolio reference. Cross-check against XLM bot signals and broker pipeline stage.",,free,free,low,,"1. Open https://coingecko.com.
2. Pull a snapshot: `intel pull coingecko.com`.
3. For automated tracking, wire into `06_DEVELOPMENT/xlm_bot/` if relevant.",,,3,auto-domain,2026-05-12,photo_topic=Essential financial tools beyond the basics
EIC-0665,photo_ocr,FB_IMG_1778509112797.jpg,¢ cryptobubbles.net - Shows every crypto gain/ loss as bubbles,Cryptobubbles,https://cryptobubbles.net,cryptobubbles.net,Trading & Finance,,Shows every crypto gain/ loss as bubbles,Trading Desk,Bull Archer,"Bull Archer pulls cryptobubbles.net for prices, on-chain flows, options, or portfolio reference. Cross-check against XLM bot signals and broker pipeline stage.",,free,free,low,,"1. Open https://cryptobubbles.net.
2. Pull a snapshot: `intel pull cryptobubbles.net`.
3. For automated tracking, wire into `06_DEVELOPMENT/xlm_bot/` if relevant.",,beyond the basics,3,auto,2026-05-12,photo_topic=Essential financial tools beyond the basics
EIC-0666,photo_ocr,FB_IMG_1778509112797.jpg,¢ currentmarketvaluation.com -long-term stock market valuation models,Currentmarketvaluation,https://currentmarketvaluation.com,currentmarketvaluation.com,Trading & Finance,,long-term stock market valuation models,Trading Desk,Bull Archer,"Bull Archer pulls currentmarketvaluation.com for prices, on-chain flows, options, or portfolio reference. Cross-check against XLM bot signals and broker pipeline stage.",,free,free,low,,"1. Open https://currentmarketvaluation.com.
2. Pull a snapshot: `intel pull currentmarketvaluation.com`.
3. For automated tracking, wire into `06_DEVELOPMENT/xlm_bot/` if relevant.",,beyond the basics,3,auto,2026-05-12,photo_topic=Essential financial tools beyond the basics
EIC-0667,photo_ocr,FB_IMG_1778509112797.jpg,¢ dataroma.com - View top investors stock picks,Dataroma,https://dataroma.com,dataroma.com,Trading & Finance,,View top investors stock picks,Trading Desk,Bull Archer,"Bull Archer pulls dataroma.com for prices, on-chain flows, options, or portfolio reference. Cross-check against XLM bot signals and broker pipeline stage.",,free,free,low,,"1. Open https://dataroma.com.
2. Pull a snapshot: `intel pull dataroma.com`.
3. For automated tracking, wire into `06_DEVELOPMENT/xlm_bot/` if relevant.",,beyond the basics,3,auto,2026-05-12,photo_topic=Essential financial tools beyond the basics
EIC-0668,photo_ocr,FB_IMG_1778509112797.jpg,« defillama.com - largest aggregator for DeFi,Defillama,https://defillama.com,defillama.com,Trading & Finance,,largest aggregator for DeFi,Trading Desk,Bull Archer,"Bull Archer pulls defillama.com for prices, on-chain flows, options, or portfolio reference. Cross-check against XLM bot signals and broker pipeline stage.",,free,free,low,,"1. Open https://defillama.com.
2. Pull a snapshot: `intel pull defillama.com`.
3. For automated tracking, wire into `06_DEVELOPMENT/xlm_bot/` if relevant.",,beyond the basics,3,auto,2026-05-12,photo_topic=Essential financial tools beyond the basics
EIC-0669,photo_ocr,FB_IMG_1778509112797.jpg,« dividendhistory.org - stock dividend history records,Dividendhistory,https://dividendhistory.org,dividendhistory.org,Trading & Finance,,stock dividend history records,Trading Desk,Bull Archer,"Bull Archer pulls dividendhistory.org for prices, on-chain flows, options, or portfolio reference. Cross-check against XLM bot signals and broker pipeline stage.",,free,free,low,,"1. Open https://dividendhistory.org.
2. Pull a snapshot: `intel pull dividendhistory.org`.
3. For automated tracking, wire into `06_DEVELOPMENT/xlm_bot/` if relevant.",,beyond the basics,3,auto,2026-05-12,photo_topic=Essential financial tools beyond the basics
EIC-0670,photo_ocr,FB_IMG_1778509470112.jpg,¢ fastmarkets.com - earth magnet neodymium prices,Fastmarkets,https://fastmarkets.com,fastmarkets.com,Trading & Finance,,earth magnet neodymium prices,Trading Desk,Bull Archer,"Bull Archer pulls fastmarkets.com for prices, on-chain flows, options, or portfolio reference. Cross-check against XLM bot signals and broker pipeline stage.",,free,free,low,,"1. Open https://fastmarkets.com.
2. Pull a snapshot: `intel pull fastmarkets.com`.
3. For automated tracking, wire into `06_DEVELOPMENT/xlm_bot/` if relevant.",,price of different,3,auto,2026-05-12,photo_topic=Determine the price of different rare products
EIC-0671,photo_ocr,FB_IMG_1778509470112.jpg,¢ findyourstampsvalue.com - vintage postage stamp values,Findyourstampsvalue,https://findyourstampsvalue.com,findyourstampsvalue.com,Trading & Finance,,vintage postage stamp values,Trading Desk,Bull Archer,"Bull Archer pulls findyourstampsvalue.com for prices, on-chain flows, options, or portfolio reference. Cross-check against XLM bot signals and broker pipeline stage.",,free,free,low,,"1. Open https://findyourstampsvalue.com.
2. Pull a snapshot: `intel pull findyourstampsvalue.com`.
3. For automated tracking, wire into `06_DEVELOPMENT/xlm_bot/` if relevant.",,price of different,3,auto,2026-05-12,photo_topic=Determine the price of different rare products
EIC-0672,photo_ocr,FB_IMG_1778509470112.jpg,* gemval.com - colored gemstone price per carat.,Gemval,https://gemval.com,gemval.com,Trading & Finance,,colored gemstone price per carat,Trading Desk,Bull Archer,"Bull Archer pulls gemval.com for prices, on-chain flows, options, or portfolio reference. Cross-check against XLM bot signals and broker pipeline stage.",,free,free,low,,"1. Open https://gemval.com.
2. Pull a snapshot: `intel pull gemval.com`.
3. For automated tracking, wire into `06_DEVELOPMENT/xlm_bot/` if relevant.",,price of different,3,auto,2026-05-12,photo_topic=Determine the price of different rare products
EIC-0673,photo_ocr,FB_IMG_1778509470112.jpg,¢ Istdibs.com — Rare luxury furniture and design object prices,Istdibs,https://istdibs.com,istdibs.com,Trading & Finance,,Rare luxury furniture and design object prices,Trading Desk,Bull Archer,"Bull Archer pulls istdibs.com for prices, on-chain flows, options, or portfolio reference. Cross-check against XLM bot signals and broker pipeline stage.",,free,free,low,,"1. Open https://istdibs.com.
2. Pull a snapshot: `intel pull istdibs.com`.
3. For automated tracking, wire into `06_DEVELOPMENT/xlm_bot/` if relevant.",,price of different,3,auto,2026-05-12,photo_topic=Determine the price of different rare products
EIC-0674,photo_ocr,FB_IMG_1778509470112.jpg,« kingsnake.com - exotic reptile live market prices,Kingsnake,https://kingsnake.com,kingsnake.com,Trading & Finance,,exotic reptile live market prices,Trading Desk,Bull Archer,"Bull Archer pulls kingsnake.com for prices, on-chain flows, options, or portfolio reference. Cross-check against XLM bot signals and broker pipeline stage.",,free,free,low,,"1. Open https://kingsnake.com.
2. Pull a snapshot: `intel pull kingsnake.com`.
3. For automated tracking, wire into `06_DEVELOPMENT/xlm_bot/` if relevant.",,price of different,3,auto,2026-05-12,photo_topic=Determine the price of different rare products
EIC-0675,photo_ocr,FB_IMG_1778509470112.jpg,« labx.com - rare used scientific equipment market prices.,Labx,https://labx.com,labx.com,Trading & Finance,,rare used scientific equipment market prices,Trading Desk,Bull Archer,"Bull Archer pulls labx.com for prices, on-chain flows, options, or portfolio reference. Cross-check against XLM bot signals and broker pipeline stage.",,free,free,low,,"1. Open https://labx.com.
2. Pull a snapshot: `intel pull labx.com`.
3. For automated tracking, wire into `06_DEVELOPMENT/xlm_bot/` if relevant.",,price of different,3,auto,2026-05-12,photo_topic=Determine the price of different rare products
EIC-0676,photo_ocr,FB_IMG_1778509470112.jpg,¢ liv-ex.com - Fine wine investment exchange price database,Liv Ex,https://liv-ex.com,liv-ex.com,Trading & Finance,,Fine wine investment exchange price database,Trading Desk,Bull Archer,"Bull Archer pulls liv-ex.com for prices, on-chain flows, options, or portfolio reference. Cross-check against XLM bot signals and broker pipeline stage.",,free,free,low,,"1. Open https://liv-ex.com.
2. Pull a snapshot: `intel pull liv-ex.com`.
3. For automated tracking, wire into `06_DEVELOPMENT/xlm_bot/` if relevant.",,price of different,3,auto,2026-05-12,photo_topic=Determine the price of different rare products
EIC-0677,photo_ocr,FB_IMG_1778509112797.jpg,¢ marketscreener.com - reliable Global stock news,Marketscreener,https://marketscreener.com,marketscreener.com,Trading & Finance,,reliable Global stock news,Trading Desk,Bull Archer,"Bull Archer pulls marketscreener.com for prices, on-chain flows, options, or portfolio reference. Cross-check against XLM bot signals and broker pipeline stage.",,free,free,low,,"1. Open https://marketscreener.com.
2. Pull a snapshot: `intel pull marketscreener.com`.
3. For automated tracking, wire into `06_DEVELOPMENT/xlm_bot/` if relevant.",,beyond the basics,3,auto,2026-05-12,photo_topic=Essential financial tools beyond the basics
EIC-0678,photo_ocr,FB_IMG_1778509470112.jpg,¢ mineralauctions.com - mineral crystal auction prices,Mineralauctions,https://mineralauctions.com,mineralauctions.com,Trading & Finance,,mineral crystal auction prices,Trading Desk,Bull Archer,"Bull Archer pulls mineralauctions.com for prices, on-chain flows, options, or portfolio reference. Cross-check against XLM bot signals and broker pipeline stage.",,free,free,low,,"1. Open https://mineralauctions.com.
2. Pull a snapshot: `intel pull mineralauctions.com`.
3. For automated tracking, wire into `06_DEVELOPMENT/xlm_bot/` if relevant.",,price of different,3,auto,2026-05-12,photo_topic=Determine the price of different rare products
EIC-0679,photo_ocr,FB_IMG_1778509112797.jpg,* moneycrashers.com - how to manage money and build wealth,Moneycrashers,https://moneycrashers.com,moneycrashers.com,Trading & Finance,,how to manage money and build wealth,Trading Desk,Bull Archer,"Bull Archer pulls moneycrashers.com for prices, on-chain flows, options, or portfolio reference. Cross-check against XLM bot signals and broker pipeline stage.",,free,free,low,,"1. Open https://moneycrashers.com.
2. Pull a snapshot: `intel pull moneycrashers.com`.
3. For automated tracking, wire into `06_DEVELOPMENT/xlm_bot/` if relevant.",,beyond the basics,3,auto,2026-05-12,photo_topic=Essential financial tools beyond the basics
EIC-0680,photo_ocr,FB_IMG_1778509112797.jpg,¢ morningstar.com - essential research and investor education,Morningstar,https://morningstar.com,morningstar.com,Trading & Finance,,essential research and investor education,Trading Desk,Bull Archer,"Bull Archer pulls morningstar.com for prices, on-chain flows, options, or portfolio reference. Cross-check against XLM bot signals and broker pipeline stage.",,free,free,low,,"1. Open https://morningstar.com.
2. Pull a snapshot: `intel pull morningstar.com`.
3. For automated tracking, wire into `06_DEVELOPMENT/xlm_bot/` if relevant.",,beyond the basics,3,auto,2026-05-12,photo_topic=Essential financial tools beyond the basics
EIC-0681,photo_ocr,FB_IMG_1778509470112.jpg,« mpb.com - vintage camera and lens prices,Mpb,https://mpb.com,mpb.com,Trading & Finance,,vintage camera and lens prices,Trading Desk,Bull Archer,"Bull Archer pulls mpb.com for prices, on-chain flows, options, or portfolio reference. Cross-check against XLM bot signals and broker pipeline stage.",,free,free,low,,"1. Open https://mpb.com.
2. Pull a snapshot: `intel pull mpb.com`.
3. For automated tracking, wire into `06_DEVELOPMENT/xlm_bot/` if relevant.",,price of different,3,auto,2026-05-12,photo_topic=Determine the price of different rare products
EIC-0682,photo_ocr,FB_IMG_1778509112797.jpg,¢ mrmoneymustache.com - Early retirement plans/lifestyle guides,Mrmoneymustache,https://mrmoneymustache.com,mrmoneymustache.com,Trading & Finance,,Early retirement plans/lifestyle guides,Trading Desk,Bull Archer,"Bull Archer pulls mrmoneymustache.com for prices, on-chain flows, options, or portfolio reference. Cross-check against XLM bot signals and broker pipeline stage.",,free,free,low,,"1. Open https://mrmoneymustache.com.
2. Pull a snapshot: `intel pull mrmoneymustache.com`.
3. For automated tracking, wire into `06_DEVELOPMENT/xlm_bot/` if relevant.",,beyond the basics,3,auto,2026-05-12,photo_topic=Essential financial tools beyond the basics
EIC-0683,photo_ocr,FB_IMG_1778509470112.jpg,¢ mutualart.com - Fine art global auction realized prices.,Mutualart,https://mutualart.com,mutualart.com,Trading & Finance,,Fine art global auction realized prices,Trading Desk,Bull Archer,"Bull Archer pulls mutualart.com for prices, on-chain flows, options, or portfolio reference. Cross-check against XLM bot signals and broker pipeline stage.",,free,free,low,,"1. Open https://mutualart.com.
2. Pull a snapshot: `intel pull mutualart.com`.
3. For automated tracking, wire into `06_DEVELOPMENT/xlm_bot/` if relevant.",,price of different,3,auto,2026-05-12,photo_topic=Determine the price of different rare products
EIC-0684,photo_ocr,FB_IMG_1778509112797.jpg,¢ nerdwallet.com - essential financial product comparison tool,Nerdwallet,https://nerdwallet.com,nerdwallet.com,Trading & Finance,,essential financial product comparison tool,Trading Desk,Bull Archer,"Bull Archer pulls nerdwallet.com for prices, on-chain flows, options, or portfolio reference. Cross-check against XLM bot signals and broker pipeline stage.",,free,free,low,,"1. Open https://nerdwallet.com.
2. Pull a snapshot: `intel pull nerdwallet.com`.
3. For automated tracking, wire into `06_DEVELOPMENT/xlm_bot/` if relevant.",,beyond the basics,3,auto,2026-05-12,photo_topic=Essential financial tools beyond the basics
EIC-0685,photo_ocr,FB_IMG_1778509112797.jpg,* optionstrat.com - Visualize any options strategy before trading,Optionstrat,https://optionstrat.com,optionstrat.com,Trading & Finance,,Visualize any options strategy before trading,Trading Desk,Bull Archer,"Bull Archer pulls optionstrat.com for prices, on-chain flows, options, or portfolio reference. Cross-check against XLM bot signals and broker pipeline stage.",,free,free,low,,"1. Open https://optionstrat.com.
2. Pull a snapshot: `intel pull optionstrat.com`.
3. For automated tracking, wire into `06_DEVELOPMENT/xlm_bot/` if relevant.",,beyond the basics,3,auto,2026-05-12,photo_topic=Essential financial tools beyond the basics
EIC-0686,photo_ocr,FB_IMG_1778509470112.jpg,¢ orchidweb.com - exotic orchid species current price,Orchidweb,https://orchidweb.com,orchidweb.com,Trading & Finance,,exotic orchid species current price,Trading Desk,Bull Archer,"Bull Archer pulls orchidweb.com for prices, on-chain flows, options, or portfolio reference. Cross-check against XLM bot signals and broker pipeline stage.",,free,free,low,,"1. Open https://orchidweb.com.
2. Pull a snapshot: `intel pull orchidweb.com`.
3. For automated tracking, wire into `06_DEVELOPMENT/xlm_bot/` if relevant.",,price of different,3,auto,2026-05-12,photo_topic=Determine the price of different rare products
EIC-0687,photo_ocr,FB_IMG_1778509112797.jpg,¢ paulmerriman.com - investment education guides(free),Paulmerriman,https://paulmerriman.com,paulmerriman.com,Trading & Finance,,investment education guides(free),Trading Desk,Bull Archer,"Bull Archer pulls paulmerriman.com for prices, on-chain flows, options, or portfolio reference. Cross-check against XLM bot signals and broker pipeline stage.",,free,free,low,,"1. Open https://paulmerriman.com.
2. Pull a snapshot: `intel pull paulmerriman.com`.
3. For automated tracking, wire into `06_DEVELOPMENT/xlm_bot/` if relevant.",,beyond the basics,3,auto,2026-05-12,photo_topic=Essential financial tools beyond the basics
EIC-0688,photo_ocr,FB_IMG_1778509112797.jpg,"* pineify.app - IPO, dividend, earnings calendar",Pineify,https://pineify.app,pineify.app,Trading & Finance,,"IPO, dividend, earnings calendar",Trading Desk,Bull Archer,"Bull Archer pulls pineify.app for prices, on-chain flows, options, or portfolio reference. Cross-check against XLM bot signals and broker pipeline stage.",,free,free,low,,"1. Open https://pineify.app.
2. Pull a snapshot: `intel pull pineify.app`.
3. For automated tracking, wire into `06_DEVELOPMENT/xlm_bot/` if relevant.",,beyond the basics,3,auto,2026-05-12,photo_topic=Essential financial tools beyond the basics
EIC-0689,photo_ocr,FB_IMG_1778509112797.jpg,¢ portfoliocharts.com - portfolio performance comparisons,Portfoliocharts,https://portfoliocharts.com,portfoliocharts.com,Trading & Finance,,portfolio performance comparisons,Trading Desk,Bull Archer,"Bull Archer pulls portfoliocharts.com for prices, on-chain flows, options, or portfolio reference. Cross-check against XLM bot signals and broker pipeline stage.",,free,free,low,,"1. Open https://portfoliocharts.com.
2. Pull a snapshot: `intel pull portfoliocharts.com`.
3. For automated tracking, wire into `06_DEVELOPMENT/xlm_bot/` if relevant.",,beyond the basics,3,auto,2026-05-12,photo_topic=Essential financial tools beyond the basics
EIC-0690,photo_ocr,FB_IMG_1778509470112.jpg,¢ pricecharting.com - -vintage game and card prices.,Pricecharting,https://pricecharting.com,pricecharting.com,Trading & Finance,,-vintage game and card prices,Trading Desk,Bull Archer,"Bull Archer pulls pricecharting.com for prices, on-chain flows, options, or portfolio reference. Cross-check against XLM bot signals and broker pipeline stage.",,free,free,low,,"1. Open https://pricecharting.com.
2. Pull a snapshot: `intel pull pricecharting.com`.
3. For automated tracking, wire into `06_DEVELOPMENT/xlm_bot/` if relevant.",,price of different,3,auto,2026-05-12,photo_topic=Determine the price of different rare products
EIC-0691,photo_ocr,FB_IMG_1778509470112.jpg,¢ purekopiluwak.com - Wild civet kopi luwak coffee prices,Purekopiluwak,https://purekopiluwak.com,purekopiluwak.com,Trading & Finance,,Wild civet kopi luwak coffee prices,Trading Desk,Bull Archer,"Bull Archer pulls purekopiluwak.com for prices, on-chain flows, options, or portfolio reference. Cross-check against XLM bot signals and broker pipeline stage.",,free,free,low,,"1. Open https://purekopiluwak.com.
2. Pull a snapshot: `intel pull purekopiluwak.com`.
3. For automated tracking, wire into `06_DEVELOPMENT/xlm_bot/` if relevant.",,price of different,3,auto,2026-05-12,photo_topic=Determine the price of different rare products
EIC-0692,photo_ocr,FB_IMG_1778509470112.jpg,¢ rrauction.com — Rare historical autograph auction prices.,Rrauction,https://rrauction.com,rrauction.com,Trading & Finance,,Rare historical autograph auction prices,Trading Desk,Bull Archer,"Bull Archer pulls rrauction.com for prices, on-chain flows, options, or portfolio reference. Cross-check against XLM bot signals and broker pipeline stage.",,free,free,low,,"1. Open https://rrauction.com.
2. Pull a snapshot: `intel pull rrauction.com`.
3. For automated tracking, wire into `06_DEVELOPMENT/xlm_bot/` if relevant.",,price of different,3,auto,2026-05-12,photo_topic=Determine the price of different rare products
EIC-0693,photo_ocr,FB_IMG_1778509470112.jpg,« saffron.com - Premium saffron current retail market prices,Saffron,https://saffron.com,saffron.com,Trading & Finance,,Premium saffron current retail market prices,Trading Desk,Bull Archer,"Bull Archer pulls saffron.com for prices, on-chain flows, options, or portfolio reference. Cross-check against XLM bot signals and broker pipeline stage.",,free,free,low,,"1. Open https://saffron.com.
2. Pull a snapshot: `intel pull saffron.com`.
3. For automated tracking, wire into `06_DEVELOPMENT/xlm_bot/` if relevant.",,price of different,3,auto,2026-05-12,photo_topic=Determine the price of different rare products
EIC-0694,photo_ocr,FB_IMG_1778509112797.jpg,- sidehustlenation.com - side hustle ideas and strategies,Sidehustlenation,https://sidehustlenation.com,sidehustlenation.com,Trading & Finance,,side hustle ideas and strategies,Trading Desk,Bull Archer,"Bull Archer pulls sidehustlenation.com for prices, on-chain flows, options, or portfolio reference. Cross-check against XLM bot signals and broker pipeline stage.",,free,free,low,,"1. Open https://sidehustlenation.com.
2. Pull a snapshot: `intel pull sidehustlenation.com`.
3. For automated tracking, wire into `06_DEVELOPMENT/xlm_bot/` if relevant.",,beyond the basics,3,auto,2026-05-12,photo_topic=Essential financial tools beyond the basics
EIC-0695,photo_ocr,FB_IMG_1778509470112.jpg,¢ stonealgo.com - Fancy color diamond daily price index,Stonealgo,https://stonealgo.com,stonealgo.com,Trading & Finance,,Fancy color diamond daily price index,Trading Desk,Bull Archer,"Bull Archer pulls stonealgo.com for prices, on-chain flows, options, or portfolio reference. Cross-check against XLM bot signals and broker pipeline stage.",,free,free,low,,"1. Open https://stonealgo.com.
2. Pull a snapshot: `intel pull stonealgo.com`.
3. For automated tracking, wire into `06_DEVELOPMENT/xlm_bot/` if relevant.",,price of different,3,auto,2026-05-12,photo_topic=Determine the price of different rare products
EIC-0696,photo_ocr,FB_IMG_1778509470112.jpg,"¢ strategicmetalsinvest.com - Gallium, Hafnium, Indium, Rhenium prices",Strategicmetalsinvest,https://strategicmetalsinvest.com,strategicmetalsinvest.com,Trading & Finance,,"Gallium, Hafnium, Indium, Rhenium prices",Trading Desk,Bull Archer,"Bull Archer pulls strategicmetalsinvest.com for prices, on-chain flows, options, or portfolio reference. Cross-check against XLM bot signals and broker pipeline stage.",,free,free,low,,"1. Open https://strategicmetalsinvest.com.
2. Pull a snapshot: `intel pull strategicmetalsinvest.com`.
3. For automated tracking, wire into `06_DEVELOPMENT/xlm_bot/` if relevant.",,price of different,3,auto,2026-05-12,photo_topic=Determine the price of different rare products
EIC-0697,photo_ocr,FB_IMG_1778509470112.jpg,¢ sword-site.com - antique sword and blade prices..,Sword Site,https://sword-site.com,sword-site.com,Trading & Finance,,antique sword and blade prices,Trading Desk,Bull Archer,"Bull Archer pulls sword-site.com for prices, on-chain flows, options, or portfolio reference. Cross-check against XLM bot signals and broker pipeline stage.",,free,free,low,,"1. Open https://sword-site.com.
2. Pull a snapshot: `intel pull sword-site.com`.
3. For automated tracking, wire into `06_DEVELOPMENT/xlm_bot/` if relevant.",,price of different,3,auto,2026-05-12,photo_topic=Determine the price of different rare products
EIC-0698,photo_ocr,FB_IMG_1778509470112.jpg,¢ tartufo.com - Daily updated white and black truffle prices.,Tartufo,https://tartufo.com,tartufo.com,Trading & Finance,,Daily updated white and black truffle prices,Trading Desk,Bull Archer,"Bull Archer pulls tartufo.com for prices, on-chain flows, options, or portfolio reference. Cross-check against XLM bot signals and broker pipeline stage.",,free,free,low,,"1. Open https://tartufo.com.
2. Pull a snapshot: `intel pull tartufo.com`.
3. For automated tracking, wire into `06_DEVELOPMENT/xlm_bot/` if relevant.",,price of different,3,auto,2026-05-12,photo_topic=Determine the price of different rare products
EIC-0699,photo_ocr,FB_IMG_1778509112797.jpg,« thestreet.com - Reliable market commentary and stock ideas,Thestreet,https://thestreet.com,thestreet.com,Trading & Finance,,Reliable market commentary and stock ideas,Trading Desk,Bull Archer,"Bull Archer pulls thestreet.com for prices, on-chain flows, options, or portfolio reference. Cross-check against XLM bot signals and broker pipeline stage.",,free,free,low,,"1. Open https://thestreet.com.
2. Pull a snapshot: `intel pull thestreet.com`.
3. For automated tracking, wire into `06_DEVELOPMENT/xlm_bot/` if relevant.",,beyond the basics,3,auto,2026-05-12,photo_topic=Essential financial tools beyond the basics
EIC-0700,photo_ocr,FB_IMG_1778509112797.jpg,¢ tradingeconomics.com - Economic data for many countries,Tradingeconomics,https://tradingeconomics.com,tradingeconomics.com,Trading & Finance,,Economic data for many countries,Trading Desk,Bull Archer,"Bull Archer pulls tradingeconomics.com for prices, on-chain flows, options, or portfolio reference. Cross-check against XLM bot signals and broker pipeline stage.",,free,free,low,,"1. Open https://tradingeconomics.com.
2. Pull a snapshot: `intel pull tradingeconomics.com`.
3. For automated tracking, wire into `06_DEVELOPMENT/xlm_bot/` if relevant.",,beyond the basics,3,auto,2026-05-12,photo_topic=Essential financial tools beyond the basics
EIC-0701,photo_ocr,FB_IMG_1778509112797.jpg,¢ tradingview.com - Advanced charts for all markets,Tradingview,https://tradingview.com,tradingview.com,Trading & Finance,domain-override,Advanced charts for all markets,Trading Desk,Bull Archer,"Bull Archer pulls tradingview.com for prices, on-chain flows, options, or portfolio reference. Cross-check against XLM bot signals and broker pipeline stage.",,free,free,low,,"1. Open https://tradingview.com.
2. Pull a snapshot: `intel pull tradingview.com`.
3. For automated tracking, wire into `06_DEVELOPMENT/xlm_bot/` if relevant.",,,3,auto-domain,2026-05-12,photo_topic=Essential financial tools beyond the basics
EIC-0702,photo_ocr,FB_IMG_1778509470112.jpg,¢ trocadero.com - tribal ethnographic artifact prices,Trocadero,https://trocadero.com,trocadero.com,Trading & Finance,,tribal ethnographic artifact prices,Trading Desk,Bull Archer,"Bull Archer pulls trocadero.com for prices, on-chain flows, options, or portfolio reference. Cross-check against XLM bot signals and broker pipeline stage.",,free,free,low,,"1. Open https://trocadero.com.
2. Pull a snapshot: `intel pull trocadero.com`.
3. For automated tracking, wire into `06_DEVELOPMENT/xlm_bot/` if relevant.",,price of different,3,auto,2026-05-12,photo_topic=Determine the price of different rare products
EIC-0703,photo_ocr,FB_IMG_1778509470112.jpg,¢ vintageguitar.com - vintage guitar market price guide,Vintageguitar,https://vintageguitar.com,vintageguitar.com,Trading & Finance,,vintage guitar market price guide,Trading Desk,Bull Archer,"Bull Archer pulls vintageguitar.com for prices, on-chain flows, options, or portfolio reference. Cross-check against XLM bot signals and broker pipeline stage.",,free,free,low,,"1. Open https://vintageguitar.com.
2. Pull a snapshot: `intel pull vintageguitar.com`.
3. For automated tracking, wire into `06_DEVELOPMENT/xlm_bot/` if relevant.",,price of different,3,auto,2026-05-12,photo_topic=Determine the price of different rare products
EIC-0704,photo_ocr,FB_IMG_1778509112797.jpg,¢ wallstreetzen.com - Find undervalued stocks using DCF,Wallstreetzen,https://wallstreetzen.com,wallstreetzen.com,Trading & Finance,,Find undervalued stocks using DCF,Trading Desk,Bull Archer,"Bull Archer pulls wallstreetzen.com for prices, on-chain flows, options, or portfolio reference. Cross-check against XLM bot signals and broker pipeline stage.",,free,free,low,,"1. Open https://wallstreetzen.com.
2. Pull a snapshot: `intel pull wallstreetzen.com`.
3. For automated tracking, wire into `06_DEVELOPMENT/xlm_bot/` if relevant.",,beyond the basics,3,auto,2026-05-12,photo_topic=Essential financial tools beyond the basics
EIC-0705,spreadsheet,Everlight_Free_Resources_List.xlsx,wealthfolio.app | Finance tracking | Private open-source investment tracker.,Wealthfolio,https://wealthfolio.app,wealthfolio.app,Trading & Finance,domain-override,"Local investment tracker,,private,open source",Trading Desk,Bull Archer,"Bull Archer pulls wealthfolio.app for prices, on-chain flows, options, or portfolio reference. Cross-check against XLM bot signals and broker pipeline stage.",,free,free,low,,"1. Open https://wealthfolio.app.
2. Pull a snapshot: `intel pull wealthfolio.app`.
3. For automated tracking, wire into `06_DEVELOPMENT/xlm_bot/` if relevant.",,,4,checked,2026-05-12,sheet_category=Finance tracking | photo_topic=Essential Tools you'll wish you found earlier
EIC-0706,photo_ocr,FB_IMG_1778509112797.jpg,¢ wid.world - find Where you rank in global wealth distribution,Wid,https://wid.world,wid.world,Trading & Finance,,find Where you rank in global wealth distribution,Trading Desk,Bull Archer,"Bull Archer pulls wid.world for prices, on-chain flows, options, or portfolio reference. Cross-check against XLM bot signals and broker pipeline stage.",,free,free,low,,"1. Open https://wid.world.
2. Pull a snapshot: `intel pull wid.world`.
3. For automated tracking, wire into `06_DEVELOPMENT/xlm_bot/` if relevant.",,beyond the basics,3,auto,2026-05-12,photo_topic=Essential financial tools beyond the basics
EIC-0707,photo_ocr,FB_IMG_1778509470112.jpg,¢ woodworkerssource.com - Rare exotic hardwood lumber prices,Woodworkerssource,https://woodworkerssource.com,woodworkerssource.com,Trading & Finance,,Rare exotic hardwood lumber prices,Trading Desk,Bull Archer,"Bull Archer pulls woodworkerssource.com for prices, on-chain flows, options, or portfolio reference. Cross-check against XLM bot signals and broker pipeline stage.",,free,free,low,,"1. Open https://woodworkerssource.com.
2. Pull a snapshot: `intel pull woodworkerssource.com`.
3. For automated tracking, wire into `06_DEVELOPMENT/xlm_bot/` if relevant.",,price of different,3,auto,2026-05-12,photo_topic=Determine the price of different rare products
EIC-0708,photo_ocr,FB_IMG_1778509470112.jpg,¢ worthpoint.com - antique collectible realized prices,Worthpoint,https://worthpoint.com,worthpoint.com,Trading & Finance,,antique collectible realized prices,Trading Desk,Bull Archer,"Bull Archer pulls worthpoint.com for prices, on-chain flows, options, or portfolio reference. Cross-check against XLM bot signals and broker pipeline stage.",,free,free,low,,"1. Open https://worthpoint.com.
2. Pull a snapshot: `intel pull worthpoint.com`.
3. For automated tracking, wire into `06_DEVELOPMENT/xlm_bot/` if relevant.",,price of different,3,auto,2026-05-12,photo_topic=Determine the price of different rare products
EIC-0709,photo_ocr,FB_IMG_1778509067661.jpg,¢ aqueduct.wri.org - water stress and scarcity risk atlas,Aqueduct,https://aqueduct.wri.org,aqueduct.wri.org,Weather & Disaster Intel,,water stress and scarcity risk atlas,Disaster Response Desk,Helix Patel,"Helix Patel watches aqueduct.wri.org for severe-weather, geophysical, or emergency triggers. When a flag fires, escalate to the Disaster Response Desk and check supply-chain exposure.",,free,free,low,,"1. Open https://aqueduct.wri.org and bookmark the live map / API.
2. Pull conditions: `intel pull aqueduct.wri.org`.
3. Add to disaster-watch cron when a named storm is active.",,climate data analysis,3,auto,2026-05-12,photo_topic=Tools for advanced climate data analysis
EIC-0710,photo_ocr,FB_IMG_1778509067661.jpg,¢ blitzortung.org - Live lightning strike detection,Blitzortung,https://blitzortung.org,blitzortung.org,Weather & Disaster Intel,,Live lightning strike detection,Disaster Response Desk,Helix Patel,"Helix Patel watches blitzortung.org for severe-weather, geophysical, or emergency triggers. When a flag fires, escalate to the Disaster Response Desk and check supply-chain exposure.",,free,free,low,,"1. Open https://blitzortung.org and bookmark the live map / API.
2. Pull conditions: `intel pull blitzortung.org`.
3. Add to disaster-watch cron when a named storm is active.",,climate data analysis,3,auto,2026-05-12,photo_topic=Tools for advanced climate data analysis
EIC-0711,photo_ocr,FB_IMG_1778509067661.jpg,¢ climatechangetracker.org - live climate indicator dashboards,Climatechangetracker,https://climatechangetracker.org,climatechangetracker.org,Weather & Disaster Intel,,live climate indicator dashboards,Disaster Response Desk,Helix Patel,"Helix Patel watches climatechangetracker.org for severe-weather, geophysical, or emergency triggers. When a flag fires, escalate to the Disaster Response Desk and check supply-chain exposure.",,free,free,low,,"1. Open https://climatechangetracker.org and bookmark the live map / API.
2. Pull conditions: `intel pull climatechangetracker.org`.
3. Add to disaster-watch cron when a named storm is active.",,climate data analysis,3,auto,2026-05-12,photo_topic=Tools for advanced climate data analysis
EIC-0712,photo_ocr,FB_IMG_1778509067661.jpg,¢ climatereanalyzer.org - surface temperature anomaly charts,Climatereanalyzer,https://climatereanalyzer.org,climatereanalyzer.org,Weather & Disaster Intel,,surface temperature anomaly charts,Disaster Response Desk,Helix Patel,"Helix Patel watches climatereanalyzer.org for severe-weather, geophysical, or emergency triggers. When a flag fires, escalate to the Disaster Response Desk and check supply-chain exposure.",,free,free,low,,"1. Open https://climatereanalyzer.org and bookmark the live map / API.
2. Pull conditions: `intel pull climatereanalyzer.org`.
3. Add to disaster-watch cron when a named storm is active.",,climate data analysis,3,auto,2026-05-12,photo_topic=Tools for advanced climate data analysis
EIC-0713,photo_ocr,FB_IMG_1778509067661.jpg,¢ climatetoolbox.org - regional climate /hydrology tool collection,Climatetoolbox,https://climatetoolbox.org,climatetoolbox.org,Weather & Disaster Intel,,regional climate /hydrology tool collection,Disaster Response Desk,Helix Patel,"Helix Patel watches climatetoolbox.org for severe-weather, geophysical, or emergency triggers. When a flag fires, escalate to the Disaster Response Desk and check supply-chain exposure.",,free,free,low,,"1. Open https://climatetoolbox.org and bookmark the live map / API.
2. Pull conditions: `intel pull climatetoolbox.org`.
3. Add to disaster-watch cron when a named storm is active.",,climate data analysis,3,auto,2026-05-12,photo_topic=Tools for advanced climate data analysis
EIC-0714,photo_ocr,FB_IMG_1778509067661.jpg,¢ climatetrace.org - global emissions by economic sector,Climatetrace,https://climatetrace.org,climatetrace.org,Weather & Disaster Intel,,Track greenhouse emissions by source globally,Disaster Response Desk,Helix Patel,"Helix Patel watches climatetrace.org for severe-weather, geophysical, or emergency triggers. When a flag fires, escalate to the Disaster Response Desk and check supply-chain exposure.",,free,free,low,,"1. Open https://climatetrace.org and bookmark the live map / API.
2. Pull conditions: `intel pull climatetrace.org`.
3. Add to disaster-watch cron when a named storm is active.",,climate data analysis,3,auto,2026-05-12,photo_topic=Tools for advanced climate data analysis | photo_topic=sites that let you interact with live global data
EIC-0715,photo_ocr,FB_IMG_1778509067661.jpg,¢ coastal.climatecentral.org - coastal flood/ sea level risk map,Coastal,https://coastal.climatecentral.org,coastal.climatecentral.org,Weather & Disaster Intel,,Map which coastlines vanish at any sea level,Disaster Response Desk,Helix Patel,"Helix Patel watches coastal.climatecentral.org for severe-weather, geophysical, or emergency triggers. When a flag fires, escalate to the Disaster Response Desk and check supply-chain exposure.",,free,free,low,,"1. Open https://coastal.climatecentral.org and bookmark the live map / API.
2. Pull conditions: `intel pull coastal.climatecentral.org`.
3. Add to disaster-watch cron when a named storm is active.",,climate data analysis,3,auto,2026-05-12,photo_topic=Tools for advanced climate data analysis | photo_topic=Must know GIS & advanced mapping sites
EIC-0716,photo_ocr,FB_IMG_1778509067661.jpg,¢ globalforestwatch.org - satellite deforestation loss alerts,Globalforestwatch,https://globalforestwatch.org,globalforestwatch.org,Weather & Disaster Intel,,Live deforestation alerts from satellite data,Disaster Response Desk,Helix Patel,"Helix Patel watches globalforestwatch.org for severe-weather, geophysical, or emergency triggers. When a flag fires, escalate to the Disaster Response Desk and check supply-chain exposure.",,free,free,low,,"1. Open https://globalforestwatch.org and bookmark the live map / API.
2. Pull conditions: `intel pull globalforestwatch.org`.
3. Add to disaster-watch cron when a named storm is active.",,climate data analysis,3,auto,2026-05-12,photo_topic=Tools for advanced climate data analysis | photo_topic=sites that let you interact with live global data
EIC-0717,photo_ocr,FB_IMG_1778509067661.jpg,¢ gml.noaa.gov - atmospheric CO2 readings,Gml,https://gml.noaa.gov,gml.noaa.gov,Weather & Disaster Intel,domain-override,atmospheric CO2 readings,Disaster Response Desk,Helix Patel,"Helix Patel watches gml.noaa.gov for severe-weather, geophysical, or emergency triggers. When a flag fires, escalate to the Disaster Response Desk and check supply-chain exposure.",,free,free,low,,"1. Open https://gml.noaa.gov and bookmark the live map / API.
2. Pull conditions: `intel pull gml.noaa.gov`.
3. Add to disaster-watch cron when a named storm is active.",,,3,auto-domain,2026-05-12,photo_topic=Tools for advanced climate data analysis
EIC-0718,photo_ocr,FB_IMG_1778509067661.jpg,¢ ncei.noaa.gov - temperature content tracking data,Ncei,https://ncei.noaa.gov,ncei.noaa.gov,Weather & Disaster Intel,domain-override,temperature content tracking data,Disaster Response Desk,Helix Patel,"Helix Patel watches ncei.noaa.gov for severe-weather, geophysical, or emergency triggers. When a flag fires, escalate to the Disaster Response Desk and check supply-chain exposure.",,free,free,low,,"1. Open https://ncei.noaa.gov and bookmark the live map / API.
2. Pull conditions: `intel pull ncei.noaa.gov`.
3. Add to disaster-watch cron when a named storm is active.",,,3,auto-domain,2026-05-12,photo_topic=Tools for advanced climate data analysis
EIC-0719,photo_ocr,FB_IMG_1778509067661.jpg,"¢ nhc.noaa.gov - tropical cyclone , hurricane track data",Nhc,https://nhc.noaa.gov,nhc.noaa.gov,Weather & Disaster Intel,domain-override,"tropical cyclone , hurricane track data",Disaster Response Desk,Helix Patel,"Helix Patel watches nhc.noaa.gov for severe-weather, geophysical, or emergency triggers. When a flag fires, escalate to the Disaster Response Desk and check supply-chain exposure.",,free,free,low,,"1. Open https://nhc.noaa.gov and bookmark the live map / API.
2. Pull conditions: `intel pull nhc.noaa.gov`.
3. Add to disaster-watch cron when a named storm is active.",,,3,auto-domain,2026-05-12,photo_topic=Tools for advanced climate data analysis
EIC-0720,photo_ocr,FB_IMG_1778509067661.jpg,¢ open-meteo.com - open-source weather/climate API,Open Meteo,https://open-meteo.com,open-meteo.com,Weather & Disaster Intel,,open-source weather/climate API,Disaster Response Desk,Helix Patel,"Helix Patel watches open-meteo.com for severe-weather, geophysical, or emergency triggers. When a flag fires, escalate to the Disaster Response Desk and check supply-chain exposure.",,free,free,low,,"1. Open https://open-meteo.com and bookmark the live map / API.
2. Pull conditions: `intel pull open-meteo.com`.
3. Add to disaster-watch cron when a named storm is active.",,climate data analysis,3,auto,2026-05-12,photo_topic=Tools for advanced climate data analysis
EIC-0721,photo_ocr,FB_IMG_1778509067661.jpg,"¢ pwsweather.com - manage,archive your personal weather station",Pwsweather,https://pwsweather.com,pwsweather.com,Weather & Disaster Intel,,"manage,archive your personal weather station",Disaster Response Desk,Helix Patel,"Helix Patel watches pwsweather.com for severe-weather, geophysical, or emergency triggers. When a flag fires, escalate to the Disaster Response Desk and check supply-chain exposure.",,free,free,low,,"1. Open https://pwsweather.com and bookmark the live map / API.
2. Pull conditions: `intel pull pwsweather.com`.
3. Add to disaster-watch cron when a named storm is active.",,climate data analysis,3,auto,2026-05-12,photo_topic=Tools for advanced climate data analysis
EIC-0722,photo_ocr,FB_IMG_1778509392320.jpg,* rainviewer.com - global radar maps and storm movements,Rainviewer,https://rainviewer.com,rainviewer.com,Weather & Disaster Intel,,global radar maps and storm movements,Disaster Response Desk,Helix Patel,"Helix Patel watches rainviewer.com for severe-weather, geophysical, or emergency triggers. When a flag fires, escalate to the Disaster Response Desk and check supply-chain exposure.",,free,free,low,,"1. Open https://rainviewer.com and bookmark the live map / API.
2. Pull conditions: `intel pull rainviewer.com`.
3. Add to disaster-watch cron when a named storm is active.",,storm,3,auto,2026-05-12,photo_topic=Explore Hidden and Famous Wonders Worldwide
EIC-0723,photo_ocr,FB_IMG_1778509067661.jpg,"¢ spaceweather.live - solar wind speed ,geomagnetic storm index",Spaceweather,https://spaceweather.live,spaceweather.live,Weather & Disaster Intel,,"solar wind speed ,geomagnetic storm index",Disaster Response Desk,Helix Patel,"Helix Patel watches spaceweather.live for severe-weather, geophysical, or emergency triggers. When a flag fires, escalate to the Disaster Response Desk and check supply-chain exposure.",,free,free,low,,"1. Open https://spaceweather.live and bookmark the live map / API.
2. Pull conditions: `intel pull spaceweather.live`.
3. Add to disaster-watch cron when a named storm is active.",,climate data analysis,3,auto,2026-05-12,photo_topic=Tools for advanced climate data analysis
EIC-0724,photo_ocr,FB_IMG_1778509238072.jpg,¢ swpc.noaa.gov - solar flares and geomagnetic storm alerts,Swpc,https://swpc.noaa.gov,swpc.noaa.gov,Weather & Disaster Intel,domain-override,Real-time solar storm and geomagnetic disturbance forecasts,Disaster Response Desk,Helix Patel,"Helix Patel watches swpc.noaa.gov for severe-weather, geophysical, or emergency triggers. When a flag fires, escalate to the Disaster Response Desk and check supply-chain exposure.",,free,free,low,,"1. Open https://swpc.noaa.gov and bookmark the live map / API.
2. Pull conditions: `intel pull swpc.noaa.gov`.
3. Add to disaster-watch cron when a named storm is active.",,,3,auto-domain,2026-05-12,photo_topic=sites that let you interact with live global data | photo_topic=Hidden scientific platforms worth discovering
EIC-0725,photo_ocr,FB_IMG_1778509067661.jpg,¢ tidesandcurrents.noaa.gov - tide/sea level gauges,Tidesandcurrents,https://tidesandcurrents.noaa.gov,tidesandcurrents.noaa.gov,Weather & Disaster Intel,domain-override,tide/sea level gauges,Disaster Response Desk,Helix Patel,"Helix Patel watches tidesandcurrents.noaa.gov for severe-weather, geophysical, or emergency triggers. When a flag fires, escalate to the Disaster Response Desk and check supply-chain exposure.",,free,free,low,,"1. Open https://tidesandcurrents.noaa.gov and bookmark the live map / API.
2. Pull conditions: `intel pull tidesandcurrents.noaa.gov`.
3. Add to disaster-watch cron when a named storm is active.",,,3,auto-domain,2026-05-12,photo_topic=Tools for advanced climate data analysis
EIC-0726,photo_ocr,FB_IMG_1778509392320.jpg,* windy.com - Visualize global weather patterns in interactive maps,Windy,https://windy.com,windy.com,Weather & Disaster Intel,domain-override,Visualize global weather patterns in interactive maps,Disaster Response Desk,Helix Patel,"Helix Patel watches windy.com for severe-weather, geophysical, or emergency triggers. When a flag fires, escalate to the Disaster Response Desk and check supply-chain exposure.",,free,free,low,,"1. Open https://windy.com and bookmark the live map / API.
2. Pull conditions: `intel pull windy.com`.
3. Add to disaster-watch cron when a named storm is active.",,,3,auto-domain,2026-05-12,photo_topic=Explore Hidden and Famous Wonders Worldwide
EIC-0727,photo_ocr,FB_IMG_1778509067661.jpg,¢ zacklabe.com - Arctic and Antarctic climate visualizations,Zacklabe,https://zacklabe.com,zacklabe.com,Weather & Disaster Intel,,Arctic and Antarctic climate visualizations,Disaster Response Desk,Helix Patel,"Helix Patel watches zacklabe.com for severe-weather, geophysical, or emergency triggers. When a flag fires, escalate to the Disaster Response Desk and check supply-chain exposure.",,free,free,low,,"1. Open https://zacklabe.com and bookmark the live map / API.
2. Pull conditions: `intel pull zacklabe.com`.
3. Add to disaster-watch cron when a named storm is active.",,climate data analysis,3,auto,2026-05-12,photo_topic=Tools for advanced climate data analysis
EIC-0728,photo_ocr,FB_IMG_1778509392320.jpg,"« zoom.earth - Track storms, wildfires, and global environmental events.",Zoom,https://zoom.earth,zoom.earth,Weather & Disaster Intel,,"Track storms, wildfires, and global environmental events",Disaster Response Desk,Helix Patel,"Helix Patel watches zoom.earth for severe-weather, geophysical, or emergency triggers. When a flag fires, escalate to the Disaster Response Desk and check supply-chain exposure.",,free,free,low,,"1. Open https://zoom.earth and bookmark the live map / API.
2. Pull conditions: `intel pull zoom.earth`.
3. Add to disaster-watch cron when a named storm is active.",,zoom.earth,3,auto,2026-05-12,photo_topic=Explore Hidden and Famous Wonders Worldwide
EIC-0729,spreadsheet,API_Mega_List_Repository_Index.xlsx,"ecommerce-apis-2440 | eCommerce | Stores, products, Shopify, commerce | 2440",ecommerce-apis-2440,,ecommerce-apis-2440,eCommerce & Product Research,,"Stores, products, Shopify, commerce",Product Desk,Pitch Adler,"Pitch Adler scouts ecommerce-apis-2440 for product opportunities, supplier data, or marketplace signals. Outputs feed Pitch Adler's product desk and HIM Loadout affiliate pipeline.",,free,free,low,,"1. Open https://ecommerce-apis-2440.
2. Capture promising SKUs into `01_BUSINESSES/Everlight_Ventures/HIM_Loadout/scout_log.csv`.
3. Cross-check with trends data before any inventory commit.",,ecommerce,4,checked,2026-05-12,sheet_category=eCommerce; api_count=2440
EIC-0730,spreadsheet,Everlight_Free_Resources_List.xlsx,hatchful.shopify.com | Branding | Creates professional logos.,Hatchful,https://hatchful.shopify.com,hatchful.shopify.com,eCommerce & Product Research,,Generates professional logos,Product Desk,Pitch Adler,"Pitch Adler scouts hatchful.shopify.com for product opportunities, supplier data, or marketplace signals. Outputs feed Pitch Adler's product desk and HIM Loadout affiliate pipeline.",,free,free,low,,"1. Open https://hatchful.shopify.com.
2. Capture promising SKUs into `01_BUSINESSES/Everlight_Ventures/HIM_Loadout/scout_log.csv`.
3. Cross-check with trends data before any inventory commit.",,shopify,4,checked,2026-05-12,sheet_category=Branding | photo_topic=Essential Tools you'll wish you found earlier
