SKU,Item_Name,Category,Subcategory,Product_Name,Default_Unit,Default_Price,Taxable,Reorder_Point,Date_Added,Last_Updated,Status,Notes,Size,Item_Description,Wholesale_Cost,Retail_Markup,Retail_Price,Unit_Cost,Unit_Price,Last_Invoice_No,Last_Vendor,Last_Received_Date,Supplier_Barcode,QR_Code,QR_Image_Path
PLA-F810C1D9,"plact, rose",Plant,Plant,"plact, rose",each,34.99,Y,5,2025-12-26 20:31:54,2025-12-26 20:31:54,Active,Imported from mountain_gardens_premium_import_final.csv,2 gal,"plact, rose",12.75,,34.99,12.75,34.99,,Mountain Gardens,2025-12-26,,,
SUP-DF071183,Plalosein,Supply,Supply,Plalosein,each,34.99,Y,5,2025-12-26 20:31:54,2025-12-26 20:31:54,Active,Imported from mountain_gardens_premium_import_final.csv,,Plalosein,15.12,,34.99,15.12,34.99,,Mountain Gardens,2025-12-26,,,
PLA-CB7C6B18,"pland, herb",Plant,Plant,"pland, herb",each,7.99,Y,5,2025-12-26 20:31:54,2025-12-26 20:31:54,Active,Imported from mountain_gardens_premium_import_final.csv,1 gal,"pland, herb",,,7.99,,7.99,,Mountain Gardens,2025-12-26,,,
PLA-B214A6A6,Plant,Plant,Plant,Plant,each,49.99,Y,5,2025-12-26 20:31:54,2025-12-26 20:31:54,Active,Imported from mountain_gardens_premium_import_final.csv,"3""",Plant,20.64,,49.99,20.64,49.99,,Mountain Gardens,2025-12-26,,,
PLA-4C05E6DB,Plant,Plant,Plant,Plant,each,5.99,Y,5,2025-12-26 20:31:54,2025-12-26 20:31:54,Active,Imported from mountain_gardens_premium_import_final.csv,"4""",Plant,1.55,,5.99,1.55,5.99,,Mountain Gardens,2025-12-26,,,
PLA-B0AB4025,Plant,Plant,Plant,Plant,each,16.99,Y,5,2025-12-26 20:31:54,2025-12-26 20:31:54,Active,Imported from mountain_gardens_premium_import_final.csv,6in,Plant,,,16.99,,16.99,,Mountain Gardens,2025-12-26,,,
PLA-728CC09D,Plant,Plant,Plant,Plant,each,59.99,Y,5,2025-12-26 20:31:54,2025-12-26 20:31:54,Active,Imported from mountain_gardens_premium_import_final.csv,6pk,Plant,24.88,,59.99,24.88,59.99,,Mountain Gardens,2025-12-26,,,
PLA-40FE8A8B,Plant,Plant,Plant,Plant,each,9.99,Y,5,2025-12-26 20:31:54,2025-12-26 20:31:54,Active,Imported from mountain_gardens_premium_import_final.csv,1 gal,Plant,4.45,,9.99,4.45,9.99,,Mountain Gardens,2025-12-26,,,
PLA-8ECFAA9A,Plant,Plant,Plant,Plant,each,29.99,Y,5,2025-12-26 20:31:54,2025-12-26 20:31:54,Active,Imported from mountain_gardens_premium_import_final.csv,3 gal,Plant,11.25,,29.99,11.25,29.99,,Mountain Gardens,2025-12-26,,,
PLA-D56CACAC,Plant,Plant,Plant,Plant,each,24.99,Y,5,2025-12-26 20:31:54,2025-12-26 20:31:54,Active,Imported from mountain_gardens_premium_import_final.csv,5 gal,Plant,10.0,,24.99,10.0,24.99,,Mountain Gardens,2025-12-26,,,
PLA-753CF9BA,Plant,Plant,Plant,Plant,each,9.99,Y,5,2025-12-26 20:31:55,2025-12-26 20:31:55,Active,Imported from mountain_gardens_premium_import_final.csv,1 gal,Plant,4.1,,9.99,4.1,9.99,,Mountain Gardens,2025-12-26,,,
PLA-0E8D11D3,Plant,Plant,Plant,Plant,each,69.99,Y,5,2025-12-26 20:31:55,2025-12-26 20:31:55,Active,Imported from mountain_gardens_premium_import_final.csv,2 gal,Plant,33.5,,69.99,33.5,69.99,,Mountain Gardens,2025-12-26,,,
PLA-742915A6,Plant,Plant,Plant,Plant,each,129.99,Y,5,2025-12-26 20:31:55,2025-12-26 20:31:55,Active,Imported from mountain_gardens_premium_import_final.csv,,Plant,65.0,,129.99,65.0,129.99,,Mountain Gardens,2025-12-26,,,
PLA-3B11F0A7,Plant,Plant,Plant,Plant,each,69.99,Y,5,2025-12-26 20:31:55,2025-12-26 20:31:55,Active,Imported from mountain_gardens_premium_import_final.csv,5 gal,Plant,15.75,,69.99,15.75,69.99,,Mountain Gardens,2025-12-26,,,
PLA-FE44EF6E,Plant,Plant,Plant,Plant,each,199.99,Y,5,2025-12-26 20:31:55,2025-12-26 20:31:55,Active,Imported from mountain_gardens_premium_import_final.csv,15 gal,Plant,10.0,,199.99,10.0,199.99,,Mountain Gardens,2025-12-26,,,
PLA-BD80C29B,Plant,Plant,Plant,Plant,each,7.99,Y,5,2025-12-26 20:31:55,2025-12-26 20:31:55,Active,Imported from mountain_gardens_premium_import_final.csv,1 gal,Plant,,,7.99,,7.99,,Mountain Gardens,2025-12-26,,,
PLA-BA2DB589,Plant,Plant,Plant,Plant,each,14.99,Y,5,2025-12-26 20:31:55,2025-12-26 20:31:55,Active,Imported from mountain_gardens_premium_import_final.csv,1 gal,Plant,4.5,,14.99,4.5,14.99,,Mountain Gardens,2025-12-26,,,
PLA-661B2B28,Plant,Plant,Plant,Plant,each,9.99,Y,5,2025-12-26 20:31:55,2025-12-26 20:31:55,Active,Imported from mountain_gardens_premium_import_final.csv,1 gal,Plant,3.65,,9.99,3.65,9.99,,Mountain Gardens,2025-12-26,,,
PLA-41C7803F,Plant,Plant,Plant,Plant,each,9.99,Y,5,2025-12-26 20:31:55,2025-12-26 20:31:55,Active,Imported from mountain_gardens_premium_import_final.csv,1 gal,Plant,4.25,,9.99,4.25,9.99,,Mountain Gardens,2025-12-26,,,
PLA-A90EE062,Plant,Plant,Plant,Plant,each,9.99,Y,5,2025-12-26 20:31:55,2025-12-26 20:31:55,Active,Imported from mountain_gardens_premium_import_final.csv,1 gal,Plant,3.75,,9.99,3.75,9.99,,Mountain Gardens,2025-12-26,,,
PLA-970F1527,Plant,Plant,Plant,Plant,each,9.99,Y,5,2025-12-26 20:31:55,2025-12-26 20:31:55,Active,Imported from mountain_gardens_premium_import_final.csv,1 gal,Plant,3.75,,9.99,3.75,9.99,,Mountain Gardens,2025-12-26,,,
PLA-3DD2315C,Plant,Plant,Plant,Plant,each,9.99,Y,5,2025-12-26 20:31:55,2025-12-26 20:31:55,Active,Imported from mountain_gardens_premium_import_final.csv,1 gal,Plant,2.85,,9.99,2.85,9.99,,Mountain Gardens,2025-12-26,,,
PLA-5E0115FF,Plant,Plant,Plant,Plant,each,9.99,Y,5,2025-12-26 20:31:55,2025-12-26 20:31:55,Active,Imported from mountain_gardens_premium_import_final.csv,1 gal,Plant,3.95,,9.99,3.95,9.99,,Mountain Gardens,2025-12-26,,,
PLA-5798F495,Plant,Plant,Plant,Plant,each,14.99,Y,5,2025-12-26 20:31:55,2025-12-26 20:31:55,Active,Imported from mountain_gardens_premium_import_final.csv,1 gal,Plant,5.35,,14.99,5.35,14.99,,Mountain Gardens,2025-12-26,,,
PLA-41D2B0CC,Plant,Plant,Plant,Plant,each,14.99,Y,5,2025-12-26 20:31:55,2025-12-26 20:31:55,Active,Imported from mountain_gardens_premium_import_final.csv,1 gal,Plant,4.5,,14.99,4.5,14.99,,Mountain Gardens,2025-12-26,,,
PLA-D62DD964,Plant,Plant,Plant,Plant,each,29.99,Y,5,2025-12-26 20:31:55,2025-12-26 20:31:55,Active,Imported from mountain_gardens_premium_import_final.csv,5 gal,Plant,10.95,,29.99,10.95,29.99,,Mountain Gardens,2025-12-26,,,
PLA-AA76677D,Plant,Plant,Plant,Plant,each,14.99,Y,5,2025-12-26 20:31:55,2025-12-26 20:31:55,Active,Imported from mountain_gardens_premium_import_final.csv,1 gal,Plant,4.95,,14.99,4.95,14.99,,Mountain Gardens,2025-12-26,,,
PLA-8BB6EB21,Plant,Plant,Plant,Plant,each,8.99,Y,5,2025-12-26 20:31:55,2025-12-26 20:31:55,Active,Imported from mountain_gardens_premium_import_final.csv,1 gal,Plant,3.25,,8.99,3.25,8.99,,Mountain Gardens,2025-12-26,,,
PLA-656104CA,Plant,Plant,Plant,Plant,each,44.99,Y,5,2025-12-26 20:31:55,2025-12-26 20:31:55,Active,Imported from mountain_gardens_premium_import_final.csv,5 gal,Plant,18.35,,44.99,18.35,44.99,,Mountain Gardens,2025-12-26,,,
PLA-DC879C61,Plant,Plant,Plant,Plant,each,14.99,Y,5,2025-12-26 20:31:55,2025-12-26 20:31:55,Active,Imported from mountain_gardens_premium_import_final.csv,1 gal,Plant,5.95,,14.99,5.95,14.99,,Mountain Gardens,2025-12-26,,,
PLA-A485CE86,Plant,Plant,Plant,Plant,each,14.99,Y,5,2025-12-26 20:31:55,2025-12-26 20:31:55,Active,Imported from mountain_gardens_premium_import_final.csv,1 gal,Plant,5.1,,14.99,5.1,14.99,,Mountain Gardens,2025-12-26,,,
PLA-C4B86B43,Plant,Plant,Plant,Plant,each,9.99,Y,5,2025-12-26 20:31:55,2025-12-26 20:31:55,Active,Imported from mountain_gardens_premium_import_final.csv,1 gal,Plant,3.75,,9.99,3.75,9.99,,Mountain Gardens,2025-12-26,,,
PLA-33AAB828,Plant,Plant,Plant,Plant,each,14.99,Y,5,2025-12-26 20:31:55,2025-12-26 20:31:55,Active,Imported from mountain_gardens_premium_import_final.csv,1 gal,Plant,4.6,,14.99,4.6,14.99,,Mountain Gardens,2025-12-26,,,
PLA-2FB21C15,Plant,Plant,Plant,Plant,each,9.99,Y,5,2025-12-26 20:31:55,2025-12-26 20:31:55,Active,Imported from mountain_gardens_premium_import_final.csv,1 gal,Plant,3.75,,9.99,3.75,9.99,,Mountain Gardens,2025-12-26,,,
PLA-585871BA,Plant,Plant,Plant,Plant,each,9.99,Y,5,2025-12-26 20:31:55,2025-12-26 20:31:55,Active,Imported from mountain_gardens_premium_import_final.csv,1 gal,Plant,3.75,,9.99,3.75,9.99,,Mountain Gardens,2025-12-26,,,
PLA-C7A2391D,Plant,Plant,Plant,Plant,each,19.99,Y,5,2025-12-26 20:31:55,2025-12-26 20:31:55,Active,Imported from mountain_gardens_premium_import_final.csv,1 gal,Plant,6.8,,19.99,6.8,19.99,,Mountain Gardens,2025-12-26,,,
PLA-8CCDF86F,Plant,Plant,Plant,Plant,each,9.99,Y,5,2025-12-26 20:31:55,2025-12-26 20:31:55,Active,Imported from mountain_gardens_premium_import_final.csv,1 gal,Plant,2.8,,9.99,2.8,9.99,,Mountain Gardens,2025-12-26,,,
PLA-54F91EA0,Plant,Plant,Plant,Plant,each,35.99,Y,5,2025-12-26 20:31:55,2025-12-26 20:31:55,Active,Imported from mountain_gardens_premium_import_final.csv,5 gal,Plant,,,35.99,,35.99,,Mountain Gardens,2025-12-26,,,
PLA-4E43A05F,Plant,Plant,Plant,Plant,each,24.99,Y,5,2025-12-26 20:31:55,2025-12-26 20:31:55,Active,Imported from mountain_gardens_premium_import_final.csv,"8""",Plant,9.25,,24.99,9.25,24.99,,Mountain Gardens,2025-12-26,,,
PLA-8264CF93,Plant,Plant,Plant,Plant,each,199.99,Y,5,2025-12-26 20:31:55,2025-12-26 20:31:55,Active,Imported from mountain_gardens_premium_import_final.csv,25 gal,Plant,35.0,,199.99,35.0,199.99,,Mountain Gardens,2025-12-26,,,
PLA-A3EE9098,Plant,Plant,Plant,Plant,each,39.99,Y,5,2025-12-26 20:31:55,2025-12-26 20:31:55,Active,Imported from mountain_gardens_premium_import_final.csv,"8""",Plant,13.25,,39.99,13.25,39.99,,Mountain Gardens,2025-12-26,,,
PLA-0E91705B,Plant,Plant,Plant,Plant,each,29.99,Y,5,2025-12-26 20:31:55,2025-12-26 20:31:55,Active,Imported from mountain_gardens_premium_import_final.csv,,Plant,12.9,,29.99,12.9,29.99,,Mountain Gardens,2025-12-26,,,
PLA-8B3673C2,Plant,Plant,Plant,Plant,each,39.99,Y,5,2025-12-26 20:31:55,2025-12-26 20:31:55,Active,Imported from mountain_gardens_premium_import_final.csv,5 gal,Plant,17.5,,39.99,17.5,39.99,,Mountain Gardens,2025-12-26,,,
PLA-F62D521D,Plant,Plant,Plant,Plant,each,69.99,Y,5,2025-12-26 20:31:55,2025-12-26 20:31:55,Active,Imported from mountain_gardens_premium_import_final.csv,7gal,Plant,,,69.99,,69.99,,Mountain Gardens,2025-12-26,,,
PLA-A501ADE4,Plant,Plant,Plant,Plant,each,39.99,Y,5,2025-12-26 20:31:55,2025-12-26 20:31:55,Active,Imported from mountain_gardens_premium_import_final.csv,"1""",Plant,12.65,,39.99,12.65,39.99,,Mountain Gardens,2025-12-26,,,
PLA-EA806CF0,Plant,Plant,Plant,Plant,each,89.99,Y,5,2025-12-26 20:31:55,2025-12-26 20:31:55,Active,Imported from mountain_gardens_premium_import_final.csv,15 gal,Plant,,,89.99,,89.99,,Mountain Gardens,2025-12-26,,,
PLA-2C7A21E2,Plant,Plant,Plant,Plant,each,39.99,Y,5,2025-12-26 20:31:55,2025-12-26 20:31:55,Active,Imported from mountain_gardens_premium_import_final.csv,,Plant,15.9,,39.99,15.9,39.99,,Mountain Gardens,2025-12-26,,,
PLA-0E64EA1F,Plant,Plant,Plant,Plant,each,29.99,Y,5,2025-12-26 20:31:55,2025-12-26 20:31:55,Active,Imported from mountain_gardens_premium_import_final.csv,2 gal,Plant,11.95,,29.99,11.95,29.99,,Mountain Gardens,2025-12-26,,,
PLA-2F9DBE97,Plant,Plant,Plant,Plant,each,44.99,Y,5,2025-12-26 20:31:55,2025-12-26 20:31:55,Active,Imported from mountain_gardens_premium_import_final.csv,5 gal,Plant,18.5,,44.99,18.5,44.99,,Mountain Gardens,2025-12-26,,,
PLA-F6B1341A,Plant,Plant,Plant,Plant,each,24.99,Y,5,2025-12-26 20:31:55,2025-12-26 20:31:55,Active,Imported from mountain_gardens_premium_import_final.csv,,Plant,8.9,,24.99,8.9,24.99,,Mountain Gardens,2025-12-26,,,
PLA-E23BAACB,Plant,Plant,Plant,Plant,each,24.99,Y,5,2025-12-26 20:31:55,2025-12-26 20:31:55,Active,Imported from mountain_gardens_premium_import_final.csv,,Plant,7.15,,24.99,7.15,24.99,,Mountain Gardens,2025-12-26,,,
PLA-A73ECA28,Plant,Plant,Plant,Plant,each,39.99,Y,5,2025-12-26 20:31:55,2025-12-26 20:31:55,Active,Imported from mountain_gardens_premium_import_final.csv,5 gal,Plant,17.5,,39.99,17.5,39.99,,Mountain Gardens,2025-12-26,,,
PLA-60A8D72E,Plant,Plant,Plant,Plant,each,34.99,Y,5,2025-12-26 20:31:55,2025-12-26 20:31:55,Active,Imported from mountain_gardens_premium_import_final.csv,50gal,Plant,14.0,,34.99,14.0,34.99,,Mountain Gardens,2025-12-26,,,
PLA-85E7E7FD,Plant,Plant,Plant,Plant,each,14.99,Y,5,2025-12-26 20:31:55,2025-12-26 20:31:55,Active,Imported from mountain_gardens_premium_import_final.csv,,Plant,5.75,,14.99,5.75,14.99,,Mountain Gardens,2025-12-26,,,
PLA-C277BA39,Plant,Plant,Plant,Plant,each,14.99,Y,5,2025-12-26 20:31:55,2025-12-26 20:31:55,Active,Imported from mountain_gardens_premium_import_final.csv,1 gal,Plant,5.95,,14.99,5.95,14.99,,Mountain Gardens,2025-12-26,,,
PLA-BC47156A,Plant,Plant,Plant,Plant,each,14.99,Y,5,2025-12-26 20:31:55,2025-12-26 20:31:55,Active,Imported from mountain_gardens_premium_import_final.csv,,Plant,4.97,,14.99,4.97,14.99,,Mountain Gardens,2025-12-26,,,
PLA-44EF29BF,Plant,Plant,Plant,Plant,each,14.99,Y,5,2025-12-26 20:31:55,2025-12-26 20:31:55,Active,Imported from mountain_gardens_premium_import_final.csv,1 gal,Plant,4.95,,14.99,4.95,14.99,,Mountain Gardens,2025-12-26,,,
PLA-302FC822,Plant,Plant,Plant,Plant,each,9.99,Y,5,2025-12-26 20:31:55,2025-12-26 20:31:55,Active,Imported from mountain_gardens_premium_import_final.csv,1 gal,Plant,4.25,,9.99,4.25,9.99,,Mountain Gardens,2025-12-26,,,
PLA-6EE0DC2F,plant,Plant,Plant,plant,each,34.99,Y,5,2025-12-26 20:31:55,2025-12-26 20:31:55,Active,Imported from mountain_gardens_premium_import_final.csv,1 gal,plant,15.5,,34.99,15.5,34.99,,Mountain Gardens,2025-12-26,,,
PLA-A485D0F9,Plant,Plant,Plant,Plant,each,69.99,Y,5,2025-12-26 20:31:55,2025-12-26 20:31:55,Active,Imported from mountain_gardens_premium_import_final.csv,"4""",Plant,26.8,,69.99,26.8,69.99,,Mountain Gardens,2025-12-26,,,
PLA-35E48F85,Plant,Plant,Plant,Plant,each,129.99,Y,5,2025-12-26 20:31:55,2025-12-26 20:31:55,Active,Imported from mountain_gardens_premium_import_final.csv,15 gal,Plant,48.0,,129.99,48.0,129.99,,Mountain Gardens,2025-12-26,,,
PLA-B5DD909A,Plant,Plant,Plant,Plant,each,29.99,Y,5,2025-12-26 20:31:55,2025-12-26 20:31:55,Active,Imported from mountain_gardens_premium_import_final.csv,,Plant,13.0,,29.99,13.0,29.99,,Mountain Gardens,2025-12-26,,,
PLA-80884169,Plant,Plant,Plant,Plant,each,89.99,Y,5,2025-12-26 20:31:56,2025-12-26 20:31:56,Active,Imported from mountain_gardens_premium_import_final.csv,15 gal,Plant,,,89.99,,89.99,,Mountain Gardens,2025-12-26,,,
PLA-A4760C9B,Plant,Plant,Plant,Plant,each,79.99,Y,5,2025-12-26 20:31:56,2025-12-26 20:31:56,Active,Imported from mountain_gardens_premium_import_final.csv,15 gal,Plant,28.0,,79.99,28.0,79.99,,Mountain Gardens,2025-12-26,,,
PLA-720FF05B,Plant,Plant,Plant,Plant,each,44.99,Y,5,2025-12-26 20:31:56,2025-12-26 20:31:56,Active,Imported from mountain_gardens_premium_import_final.csv,5 gal,Plant,15.0,,44.99,15.0,44.99,,Mountain Gardens,2025-12-26,,,
PLA-5EC88099,Plant,Plant,Plant,Plant,each,59.99,Y,5,2025-12-26 20:31:56,2025-12-26 20:31:56,Active,Imported from mountain_gardens_premium_import_final.csv,5 gal,Plant,28.8,,59.99,28.8,59.99,,Mountain Gardens,2025-12-26,,,
PLA-DF2C153F,Plant,Plant,Plant,Plant,each,29.99,Y,5,2025-12-26 20:31:56,2025-12-26 20:31:56,Active,Imported from mountain_gardens_premium_import_final.csv,"8""",Plant,10.9,,29.99,10.9,29.99,,Mountain Gardens,2025-12-26,,,
PLA-8F1F12EA,Plant,Plant,Plant,Plant,each,79.99,Y,5,2025-12-26 20:31:56,2025-12-26 20:31:56,Active,Imported from mountain_gardens_premium_import_final.csv,15 gal,Plant,12.0,,79.99,12.0,79.99,,Mountain Gardens,2025-12-26,,,
PLA-47FBCF1D,Plant,Plant,Plant,Plant,each,29.99,Y,5,2025-12-26 20:31:56,2025-12-26 20:31:56,Active,Imported from mountain_gardens_premium_import_final.csv,"4""",Plant,13.0,,29.99,13.0,29.99,,Mountain Gardens,2025-12-26,,,
PLA-5BA93149,Plant,Plant,Plant,Plant,each,39.99,Y,5,2025-12-26 20:31:56,2025-12-26 20:31:56,Active,Imported from mountain_gardens_premium_import_final.csv,"8""",Plant,16.45,,39.99,16.45,39.99,,Mountain Gardens,2025-12-26,,,
PLA-F74E5607,Plant,Plant,Plant,Plant,each,99.99,Y,5,2025-12-26 20:31:56,2025-12-26 20:31:56,Active,Imported from mountain_gardens_premium_import_final.csv,10 gal,Plant,,,99.99,,99.99,,Mountain Gardens,2025-12-26,,,
PLA-438214D2,Plant,Plant,Plant,Plant,each,79.99,Y,5,2025-12-26 20:31:56,2025-12-26 20:31:56,Active,Imported from mountain_gardens_premium_import_final.csv,15 gal,Plant,32.0,,79.99,32.0,79.99,,Mountain Gardens,2025-12-26,,,
PLA-AE22638C,Plant,Plant,Plant,Plant,each,29.99,Y,5,2025-12-26 20:31:56,2025-12-26 20:31:56,Active,Imported from mountain_gardens_premium_import_final.csv,"4""",Plant,13.0,,29.99,13.0,29.99,,Mountain Gardens,2025-12-26,,,
PLA-1EFB7EE7,Plant,Plant,Plant,Plant,each,99.99,Y,5,2025-12-26 20:31:56,2025-12-26 20:31:56,Active,Imported from mountain_gardens_premium_import_final.csv,10 gal,Plant,,,99.99,,99.99,,Mountain Gardens,2025-12-26,,,
PLA-9CBEA953,Plant,Plant,Plant,Plant,each,59.99,Y,5,2025-12-26 20:31:56,2025-12-26 20:31:56,Active,Imported from mountain_gardens_premium_import_final.csv,5 gal,Plant,22.0,,59.99,22.0,59.99,,Mountain Gardens,2025-12-26,,,
PLA-F00DF8D3,Plant,Plant,Plant,Plant,each,39.99,Y,5,2025-12-26 20:31:56,2025-12-26 20:31:56,Active,Imported from mountain_gardens_premium_import_final.csv,,Plant,16.65,,39.99,16.65,39.99,,Mountain Gardens,2025-12-26,,,
PLA-8C06B1E0,Plant,Plant,Plant,Plant,each,29.99,Y,5,2025-12-26 20:31:56,2025-12-26 20:31:56,Active,Imported from mountain_gardens_premium_import_final.csv,"4""",Plant,13.0,,29.99,13.0,29.99,,Mountain Gardens,2025-12-26,,,
PLA-40D33D35,Plant,Plant,Plant,Plant,each,89.99,Y,5,2025-12-26 20:31:56,2025-12-26 20:31:56,Active,Imported from mountain_gardens_premium_import_final.csv,15 gal,Plant,11.75,,89.99,11.75,89.99,,Mountain Gardens,2025-12-26,,,
PLA-F3FF7DB2,Plant,Plant,Plant,Plant,each,49.99,Y,5,2025-12-26 20:31:56,2025-12-26 20:31:56,Active,Imported from mountain_gardens_premium_import_final.csv,5 gal,Plant,15.0,,49.99,15.0,49.99,,Mountain Gardens,2025-12-26,,,
PLA-80DD22BA,Plant,Plant,Plant,Plant,each,29.99,Y,5,2025-12-26 20:31:56,2025-12-26 20:31:56,Active,Imported from mountain_gardens_premium_import_final.csv,,Plant,13.0,,29.99,13.0,29.99,,Mountain Gardens,2025-12-26,,,
PLA-8D7EE421,Plant,Plant,Plant,Plant,each,39.99,Y,5,2025-12-26 20:31:56,2025-12-26 20:31:56,Active,Imported from mountain_gardens_premium_import_final.csv,"4""",Plant,17.35,,39.99,17.35,39.99,,Mountain Gardens,2025-12-26,,,
PLA-ABE9C244,Plant,Plant,Plant,Plant,each,79.99,Y,5,2025-12-26 20:31:56,2025-12-26 20:31:56,Active,Imported from mountain_gardens_premium_import_final.csv,15gal,Plant,32.0,,79.99,32.0,79.99,,Mountain Gardens,2025-12-26,,,
PLA-D4AEB6FE,Plant,Plant,Plant,Plant,each,89.99,Y,5,2025-12-26 20:31:56,2025-12-26 20:31:56,Active,Imported from mountain_gardens_premium_import_final.csv,15 gal,Plant,12.45,,89.99,12.45,89.99,,Mountain Gardens,2025-12-26,,,
PLA-6C7C7235,Plant,Plant,Plant,Plant,each,69.99,Y,5,2025-12-26 20:31:56,2025-12-26 20:31:56,Active,Imported from mountain_gardens_premium_import_final.csv,5 gal,Plant,28.8,,69.99,28.8,69.99,,Mountain Gardens,2025-12-26,,,
PLA-E35DD348,Plant,Plant,Plant,Plant,each,39.99,Y,5,2025-12-26 20:31:56,2025-12-26 20:31:56,Active,Imported from mountain_gardens_premium_import_final.csv,"8""",Plant,16.65,,39.99,16.65,39.99,,Mountain Gardens,2025-12-26,,,
PLA-7454657D,Plant,Plant,Plant,Plant,each,59.99,Y,5,2025-12-26 20:31:56,2025-12-26 20:31:56,Active,Imported from mountain_gardens_premium_import_final.csv,5 gal,Plant,32.0,,59.99,32.0,59.99,,Mountain Gardens,2025-12-26,,,
PLA-CA1A6DD7,Plant,Plant,Plant,Plant,each,59.99,Y,5,2025-12-26 20:31:56,2025-12-26 20:31:56,Active,Imported from mountain_gardens_premium_import_final.csv,5 gal,Plant,28.8,,59.99,28.8,59.99,,Mountain Gardens,2025-12-26,,,
PLA-1FE58DB1,Plant,Plant,Plant,Plant,each,39.99,Y,5,2025-12-26 20:31:56,2025-12-26 20:31:56,Active,Imported from mountain_gardens_premium_import_final.csv,"4""",Plant,16.65,,39.99,16.65,39.99,,Mountain Gardens,2025-12-26,,,
PLA-6041E1C1,Plant,Plant,Plant,Plant,each,79.99,Y,5,2025-12-26 20:31:56,2025-12-26 20:31:56,Active,Imported from mountain_gardens_premium_import_final.csv,10 gal,Plant,32.0,,79.99,32.0,79.99,,Mountain Gardens,2025-12-26,,,
PLA-2B8B136B,Plant,Plant,Plant,Plant,each,69.99,Y,5,2025-12-26 20:31:56,2025-12-26 20:31:56,Active,Imported from mountain_gardens_premium_import_final.csv,5 gal,Plant,22.0,,69.99,22.0,69.99,,Mountain Gardens,2025-12-26,,,
PLA-8D02E51E,Plant,Plant,Plant,Plant,each,39.99,Y,5,2025-12-26 20:31:56,2025-12-26 20:31:56,Active,Imported from mountain_gardens_premium_import_final.csv,"4""",Plant,16.65,,39.99,16.65,39.99,,Mountain Gardens,2025-12-26,,,
PLA-03A7B437,Plant,Plant,Plant,Plant,each,29.99,Y,5,2025-12-26 20:31:56,2025-12-26 20:31:56,Active,Imported from mountain_gardens_premium_import_final.csv,"4""",Plant,12.1,,29.99,12.1,29.99,,Mountain Gardens,2025-12-26,,,
PLA-89DA90AA,Plant,Plant,Plant,Plant,each,45.99,Y,5,2025-12-26 20:31:56,2025-12-26 20:31:56,Active,Imported from mountain_gardens_premium_import_final.csv,5 gal,Plant,,,45.99,,45.99,,Mountain Gardens,2025-12-26,,,
PLA-D7F5AB93,Plant,Plant,Plant,Plant,each,89.99,Y,5,2025-12-26 20:31:56,2025-12-26 20:31:56,Active,Imported from mountain_gardens_premium_import_final.csv,15 gal,Plant,12.05,,89.99,12.05,89.99,,Mountain Gardens,2025-12-26,,,
PLA-354785F4,Plant,Plant,Plant,Plant,each,44.99,Y,5,2025-12-26 20:31:56,2025-12-26 20:31:56,Active,Imported from mountain_gardens_premium_import_final.csv,5 gal,Plant,12.05,,44.99,12.05,44.99,,Mountain Gardens,2025-12-26,,,
PLA-1AED6EE1,Plant,Plant,Plant,Plant,each,29.99,Y,5,2025-12-26 20:31:56,2025-12-26 20:31:56,Active,Imported from mountain_gardens_premium_import_final.csv,"4""",Plant,12.3,,29.99,12.3,29.99,,Mountain Gardens,2025-12-26,,,
PLA-D10599FF,Plant,Plant,Plant,Plant,each,69.99,Y,5,2025-12-26 20:31:56,2025-12-26 20:31:56,Active,Imported from mountain_gardens_premium_import_final.csv,7 gal,Plant,,,69.99,,69.99,,Mountain Gardens,2025-12-26,,,
PLA-3D716C9E,Plant,Plant,Plant,Plant,each,34.99,Y,5,2025-12-26 20:31:56,2025-12-26 20:31:56,Active,Imported from mountain_gardens_premium_import_final.csv,"4""",Plant,11.85,,34.99,11.85,34.99,,Mountain Gardens,2025-12-26,,,
PLA-B4B00EFF,Plant,Plant,Plant,Plant,each,59.99,Y,5,2025-12-26 20:31:56,2025-12-26 20:31:56,Active,Imported from mountain_gardens_premium_import_final.csv,5 gal,Plant,28.8,,59.99,28.8,59.99,,Mountain Gardens,2025-12-26,,,
PLA-086684C8,Plant,Plant,Plant,Plant,each,39.99,Y,5,2025-12-26 20:31:56,2025-12-26 20:31:56,Active,Imported from mountain_gardens_premium_import_final.csv,"4""",Plant,16.95,,39.99,16.95,39.99,,Mountain Gardens,2025-12-26,,,
PLA-F7173298,Plant,Plant,Plant,Plant,each,49.99,Y,5,2025-12-26 20:31:56,2025-12-26 20:31:56,Active,Imported from mountain_gardens_premium_import_final.csv,5 gal,Plant,22.0,,49.99,22.0,49.99,,Mountain Gardens,2025-12-26,,,
PLA-55D773E7,Plant,Plant,Plant,Plant,each,44.99,Y,5,2025-12-26 20:31:56,2025-12-26 20:31:56,Active,Imported from mountain_gardens_premium_import_final.csv,5 gal,Plant,13.0,,44.99,13.0,44.99,,Mountain Gardens,2025-12-26,,,
PLA-691C3E78,Plant,Plant,Plant,Plant,each,29.99,Y,5,2025-12-26 20:31:56,2025-12-26 20:31:56,Active,Imported from mountain_gardens_premium_import_final.csv,"4""",Plant,11.45,,29.99,11.45,29.99,,Mountain Gardens,2025-12-26,,,
PLA-621B9441,Plant,Plant,Plant,Plant,each,29.99,Y,5,2025-12-26 20:31:56,2025-12-26 20:31:56,Active,Imported from mountain_gardens_premium_import_final.csv,"8""",Plant,10.6,,29.99,10.6,29.99,,Mountain Gardens,2025-12-26,,,
PLA-77C32590,Plant,Plant,Plant,Plant,each,29.99,Y,5,2025-12-26 20:31:56,2025-12-26 20:31:56,Active,Imported from mountain_gardens_premium_import_final.csv,"4""",Plant,11.45,,29.99,11.45,29.99,,Mountain Gardens,2025-12-26,,,
PLA-FD380E03,Plant,Plant,Plant,Plant,each,29.99,Y,5,2025-12-26 20:31:56,2025-12-26 20:31:56,Active,Imported from mountain_gardens_premium_import_final.csv,"4""",Plant,10.7,,29.99,10.7,29.99,,Mountain Gardens,2025-12-26,,,
PLA-AC383BA2,Plant,Plant,Plant,Plant,each,14.99,Y,5,2025-12-26 20:31:56,2025-12-26 20:31:56,Active,Imported from mountain_gardens_premium_import_final.csv,1 gal,Plant,5.2,,14.99,5.2,14.99,,Mountain Gardens,2025-12-26,,,
PLA-2D547D8C,Plant,Plant,Plant,Plant,each,14.99,Y,5,2025-12-26 20:31:56,2025-12-26 20:31:56,Active,Imported from mountain_gardens_premium_import_final.csv,1 gal,Plant,4.8,,14.99,4.8,14.99,,Mountain Gardens,2025-12-26,,,
PLA-BA7185B8,Plant,Plant,Plant,Plant,each,9.99,Y,5,2025-12-26 20:31:56,2025-12-26 20:31:56,Active,Imported from mountain_gardens_premium_import_final.csv,1 gal,Plant,3.85,,9.99,3.85,9.99,,Mountain Gardens,2025-12-26,,,
PLA-0F8D4C49,Plant,Plant,Plant,Plant,each,9.99,Y,5,2025-12-26 20:31:56,2025-12-26 20:31:56,Active,Imported from mountain_gardens_premium_import_final.csv,1 gal,Plant,2.95,,9.99,2.95,9.99,,Mountain Gardens,2025-12-26,,,
PLA-EBEEFA21,Plant,Plant,Plant,Plant,each,19.99,Y,5,2025-12-26 20:31:57,2025-12-26 20:31:57,Active,Imported from mountain_gardens_premium_import_final.csv,,Plant,1.38,,19.99,1.38,19.99,,Mountain Gardens,2025-12-26,,,
PLA-1EF75BA4,Plant,Plant,Plant,Plant,each,14.99,Y,5,2025-12-26 20:31:57,2025-12-26 20:31:57,Active,Imported from mountain_gardens_premium_import_final.csv,1 gal,Plant,5.45,,14.99,5.45,14.99,,Mountain Gardens,2025-12-26,,,
PLA-C24D42EB,Plant,Plant,Plant,Plant,each,49.99,Y,5,2025-12-26 20:31:57,2025-12-26 20:31:57,Active,Imported from mountain_gardens_premium_import_final.csv,,Plant,20.72,,49.99,20.72,49.99,,Mountain Gardens,2025-12-26,,,
PLA-6E8413CE,Plant,Plant,Plant,Plant,each,14.99,Y,5,2025-12-26 20:31:57,2025-12-26 20:31:57,Active,Imported from mountain_gardens_premium_import_final.csv,,Plant,5.1,,14.99,5.1,14.99,,Mountain Gardens,2025-12-26,,,
PLA-40179439,Plant,Plant,Plant,Plant,each,14.99,Y,5,2025-12-26 20:31:57,2025-12-26 20:31:57,Active,Imported from mountain_gardens_premium_import_final.csv,1 gal,Plant,4.5,,14.99,4.5,14.99,,Mountain Gardens,2025-12-26,,,
PLA-F60F1215,Plant,Plant,Plant,Plant,each,14.99,Y,5,2025-12-26 20:31:57,2025-12-26 20:31:57,Active,Imported from mountain_gardens_premium_import_final.csv,1 gal,Plant,4.95,,14.99,4.95,14.99,,Mountain Gardens,2025-12-26,,,
PLA-00F06907,Plant,Plant,Plant,Plant,each,14.99,Y,5,2025-12-26 20:31:57,2025-12-26 20:31:57,Active,Imported from mountain_gardens_premium_import_final.csv,,Plant,5.75,,14.99,5.75,14.99,,Mountain Gardens,2025-12-26,,,
PLA-C52DAC18,Plant,Plant,Plant,Plant,each,44.99,Y,5,2025-12-26 20:31:57,2025-12-26 20:31:57,Active,Imported from mountain_gardens_premium_import_final.csv,,Plant,16.71,,44.99,16.71,44.99,,Mountain Gardens,2025-12-26,,,
PLA-D4DF2401,Plant,Plant,Plant,Plant,each,9.99,Y,5,2025-12-26 20:31:57,2025-12-26 20:31:57,Active,Imported from mountain_gardens_premium_import_final.csv,1 gal,Plant,3.8,,9.99,3.8,9.99,,Mountain Gardens,2025-12-26,,,
PLA-DAAA0317,Plant,Plant,Plant,Plant,each,14.99,Y,5,2025-12-26 20:31:57,2025-12-26 20:31:57,Active,Imported from mountain_gardens_premium_import_final.csv,1 gal,Plant,5.7,,14.99,5.7,14.99,,Mountain Gardens,2025-12-26,,,
PLA-287831E1,Plant,Plant,Plant,Plant,each,14.99,Y,5,2025-12-26 20:31:57,2025-12-26 20:31:57,Active,Imported from mountain_gardens_premium_import_final.csv,1 gal,Plant,4.95,,14.99,4.95,14.99,,Mountain Gardens,2025-12-26,,,
PLA-2BC5C0CB,Plant,Plant,Plant,Plant,each,44.99,Y,5,2025-12-26 20:31:57,2025-12-26 20:31:57,Active,Imported from mountain_gardens_premium_import_final.csv,5 gal,Plant,17.99,,44.99,17.99,44.99,,Mountain Gardens,2025-12-26,,,
PLA-20B83723,Plant,Plant,Plant,Plant,each,14.99,Y,5,2025-12-26 20:31:57,2025-12-26 20:31:57,Active,Imported from mountain_gardens_premium_import_final.csv,2 gal,Plant,,,14.99,,14.99,,Mountain Gardens,2025-12-26,,,
PLA-7A12269F,Plant,Plant,Plant,Plant,each,19.99,Y,5,2025-12-26 20:31:57,2025-12-26 20:31:57,Active,Imported from mountain_gardens_premium_import_final.csv,,Plant,8.0,,19.99,8.0,19.99,,Mountain Gardens,2025-12-26,,,
PLA-4D206BF0,Plant,Plant,Plant,Plant,each,14.99,Y,5,2025-12-26 20:31:57,2025-12-26 20:31:57,Active,Imported from mountain_gardens_premium_import_final.csv,,Plant,4.21,,14.99,4.21,14.99,,Mountain Gardens,2025-12-26,,,
PLA-3E42AEFE,Plant,Plant,Plant,Plant,each,49.99,Y,5,2025-12-26 20:31:57,2025-12-26 20:31:57,Active,Imported from mountain_gardens_premium_import_final.csv,,Plant,20.0,,49.99,20.0,49.99,,Mountain Gardens,2025-12-26,,,
PLA-264282E1,Plant,Plant,Plant,Plant,each,14.99,Y,5,2025-12-26 20:31:57,2025-12-26 20:31:57,Active,Imported from mountain_gardens_premium_import_final.csv,1 gal,Plant,4.5,,14.99,4.5,14.99,,Mountain Gardens,2025-12-26,,,
PLA-BD1DF188,Plant,Plant,Plant,Plant,each,34.99,Y,5,2025-12-26 20:31:57,2025-12-26 20:31:57,Active,Imported from mountain_gardens_premium_import_final.csv,5gal,Plant,13.95,,34.99,13.95,34.99,,Mountain Gardens,2025-12-26,,,
PLA-8DD28244,Plant,Plant,Plant,Plant,each,9.99,Y,5,2025-12-26 20:31:57,2025-12-26 20:31:57,Active,Imported from mountain_gardens_premium_import_final.csv,,Plant,3.77,,9.99,3.77,9.99,,Mountain Gardens,2025-12-26,,,
PLA-0039E2D0,Plant,Plant,Plant,Plant,each,9.99,Y,5,2025-12-26 20:31:57,2025-12-26 20:31:57,Active,Imported from mountain_gardens_premium_import_final.csv,#1,Plant,,,9.99,,9.99,,Mountain Gardens,2025-12-26,,,
PLA-FDE466C0,Plant,Plant,Plant,Plant,each,14.99,Y,5,2025-12-26 20:31:57,2025-12-26 20:31:57,Active,Imported from mountain_gardens_premium_import_final.csv,1 gal,Plant,5.4,,14.99,5.4,14.99,,Mountain Gardens,2025-12-26,,,
PLA-D99324A3,Plant,Plant,Plant,Plant,each,0.99,Y,5,2025-12-26 20:31:57,2025-12-26 20:31:57,Active,Imported from mountain_gardens_premium_import_final.csv,1 gal,Plant,0.33,,0.99,0.33,0.99,,Mountain Gardens,2025-12-26,,,
PLA-29E4C327,Plant,Plant,Plant,Plant,each,14.99,Y,5,2025-12-26 20:31:57,2025-12-26 20:31:57,Active,Imported from mountain_gardens_premium_import_final.csv,1 gal,Plant,3.2,,14.99,3.2,14.99,,Mountain Gardens,2025-12-26,,,
PLA-8489A146,Plant,Plant,Plant,Plant,each,89.99,Y,5,2025-12-26 20:31:57,2025-12-26 20:31:57,Active,Imported from mountain_gardens_premium_import_final.csv,7 gal,Plant,28.0,,89.99,28.0,89.99,,Mountain Gardens,2025-12-26,,,
PLA-CB332B10,Plant,Plant,Plant,Plant,each,29.99,Y,5,2025-12-26 20:31:57,2025-12-26 20:31:57,Active,Imported from mountain_gardens_premium_import_final.csv,,Plant,12.05,,29.99,12.05,29.99,,Mountain Gardens,2025-12-26,,,
PLA-F04961F0,Plant,Plant,Plant,Plant,each,119.99,Y,5,2025-12-26 20:31:57,2025-12-26 20:31:57,Active,Imported from mountain_gardens_premium_import_final.csv,15 gal,Plant,45.0,,119.99,45.0,119.99,,Mountain Gardens,2025-12-26,,,
PLA-382FC72D,Plant,Plant,Plant,Plant,each,14.99,Y,5,2025-12-26 20:31:57,2025-12-26 20:31:57,Active,Imported from mountain_gardens_premium_import_final.csv,1 gal,Plant,4.8,,14.99,4.8,14.99,,Mountain Gardens,2025-12-26,,,
PLA-5D1845AE,Plant,Plant,Plant,Plant,each,9.99,Y,5,2025-12-26 20:31:57,2025-12-26 20:31:57,Active,Imported from mountain_gardens_premium_import_final.csv,1 gal,Plant,2.8,,9.99,2.8,9.99,,Mountain Gardens,2025-12-26,,,
PLA-2B2B7974,Plant,Plant,Plant,Plant,each,9.99,Y,5,2025-12-26 20:31:57,2025-12-26 20:31:57,Active,Imported from mountain_gardens_premium_import_final.csv,,Plant,3.67,,9.99,3.67,9.99,,Mountain Gardens,2025-12-26,,,
PLA-0EBBF13C,Plant,Plant,Plant,Plant,each,9.99,Y,5,2025-12-26 20:31:57,2025-12-26 20:31:57,Active,Imported from mountain_gardens_premium_import_final.csv,1 gal,Plant,2.8,,9.99,2.8,9.99,,Mountain Gardens,2025-12-26,,,
PLA-F677889C,Plant,Plant,Plant,Plant,each,44.99,Y,5,2025-12-26 20:31:57,2025-12-26 20:31:57,Active,Imported from mountain_gardens_premium_import_final.csv,5gal,Plant,18.0,,44.99,18.0,44.99,,Mountain Gardens,2025-12-26,,,
PLA-7889D866,Plant,Plant,Plant,Plant,each,69.99,Y,5,2025-12-26 20:31:57,2025-12-26 20:31:57,Active,Imported from mountain_gardens_premium_import_final.csv,6 gal,Plant,31.99,,69.99,31.99,69.99,,Mountain Gardens,2025-12-26,,,
PLA-AACE0537,Plant,Plant,Plant,Plant,each,59.99,Y,5,2025-12-26 20:31:57,2025-12-26 20:31:57,Active,Imported from mountain_gardens_premium_import_final.csv,3 gal,Plant,23.99,,59.99,23.99,59.99,,Mountain Gardens,2025-12-26,,,
PLA-BA1065B7,Plant,Plant,Plant,Plant,each,44.99,Y,5,2025-12-26 20:31:57,2025-12-26 20:31:57,Active,Imported from mountain_gardens_premium_import_final.csv,5 gal,Plant,18.5,,44.99,18.5,44.99,,Mountain Gardens,2025-12-26,,,
PLA-1E1FD877,Plant,Plant,Plant,Plant,each,14.99,Y,5,2025-12-26 20:31:57,2025-12-26 20:31:57,Active,Imported from mountain_gardens_premium_import_final.csv,1 gal,Plant,5.75,,14.99,5.75,14.99,,Mountain Gardens,2025-12-26,,,
PLA-950F74C3,Plant,Plant,Plant,Plant,each,14.99,Y,5,2025-12-26 20:31:57,2025-12-26 20:31:57,Active,Imported from mountain_gardens_premium_import_final.csv,1 gal,Plant,5.75,,14.99,5.75,14.99,,Mountain Gardens,2025-12-26,,,
PLA-9C342E40,Plant,Plant,Plant,Plant,each,14.99,Y,5,2025-12-26 20:31:57,2025-12-26 20:31:57,Active,Imported from mountain_gardens_premium_import_final.csv,1 gal,Plant,5.75,,14.99,5.75,14.99,,Mountain Gardens,2025-12-26,,,
PLA-E651EE5D,Plant,Plant,Plant,Plant,each,39.99,Y,5,2025-12-26 20:31:57,2025-12-26 20:31:57,Active,Imported from mountain_gardens_premium_import_final.csv,3 gal,Plant,16.5,,39.99,16.5,39.99,,Mountain Gardens,2025-12-26,,,
PLA-DFE11778,Plant,Plant,Plant,Plant,each,39.99,Y,5,2025-12-26 20:31:57,2025-12-26 20:31:57,Active,Imported from mountain_gardens_premium_import_final.csv,5 gal,Plant,17.25,,39.99,17.25,39.99,,Mountain Gardens,2025-12-26,,,
PLA-263ED2A2,Plant,Plant,Plant,Plant,each,14.99,Y,5,2025-12-26 20:31:57,2025-12-26 20:31:57,Active,Imported from mountain_gardens_premium_import_final.csv,1 gal,Plant,4.95,,14.99,4.95,14.99,,Mountain Gardens,2025-12-26,,,
PLA-2F412EC1,Plant,Plant,Plant,Plant,each,29.99,Y,5,2025-12-26 20:31:57,2025-12-26 20:31:57,Active,Imported from mountain_gardens_premium_import_final.csv,2 gal,Plant,12.45,,29.99,12.45,29.99,,Mountain Gardens,2025-12-26,,,
PLA-D45C9E3B,Plant,Plant,Plant,Plant,each,34.99,Y,5,2025-12-26 20:31:57,2025-12-26 20:31:57,Active,Imported from mountain_gardens_premium_import_final.csv,5gal,Plant,15.0,,34.99,15.0,34.99,,Mountain Gardens,2025-12-26,,,
PLA-9D76EDAC,Plant,Plant,Plant,Plant,each,12.99,Y,5,2025-12-26 20:31:57,2025-12-26 20:31:57,Active,Imported from mountain_gardens_premium_import_final.csv,,Plant,,,12.99,,12.99,,Mountain Gardens,2025-12-26,,,
PLA-89854F87,Plant,Plant,Plant,Plant,each,119.99,Y,5,2025-12-26 20:31:57,2025-12-26 20:31:57,Active,Imported from mountain_gardens_premium_import_final.csv,,Plant,7.75,,119.99,7.75,119.99,,Mountain Gardens,2025-12-26,,,
PLA-5706C636,Plant,Plant,Plant,Plant,each,9.99,Y,5,2025-12-26 20:31:57,2025-12-26 20:31:57,Active,Imported from mountain_gardens_premium_import_final.csv,1 gal,Plant,4.35,,9.99,4.35,9.99,,Mountain Gardens,2025-12-26,,,
PLA-1363122D,Plant,Plant,Plant,Plant,each,9.99,Y,5,2025-12-26 20:31:57,2025-12-26 20:31:57,Active,Imported from mountain_gardens_premium_import_final.csv,1 gal,Plant,4.35,,9.99,4.35,9.99,,Mountain Gardens,2025-12-26,,,
PLA-FFDC53A4,Plant,Plant,Plant,Plant,each,9.99,Y,5,2025-12-26 20:31:57,2025-12-26 20:31:57,Active,Imported from mountain_gardens_premium_import_final.csv,1 gal,Plant,4.45,,9.99,4.45,9.99,,Mountain Gardens,2025-12-26,,,
PLA-F134EF61,Plant,Plant,Plant,Plant,each,199.99,Y,5,2025-12-26 20:31:57,2025-12-26 20:31:57,Active,Imported from mountain_gardens_premium_import_final.csv,,Plant,51.0,,199.99,51.0,199.99,,Mountain Gardens,2025-12-26,,,
PLA-FA82FFC1,Plant,Plant,Plant,Plant,each,14.99,Y,5,2025-12-26 20:31:57,2025-12-26 20:31:57,Active,Imported from mountain_gardens_premium_import_final.csv,,Plant,4.95,,14.99,4.95,14.99,,Mountain Gardens,2025-12-26,,,
PLA-7362D439,Plant,Plant,Plant,Plant,each,8.99,Y,5,2025-12-26 20:31:57,2025-12-26 20:31:57,Active,Imported from mountain_gardens_premium_import_final.csv,,Plant,3.14,,8.99,3.14,8.99,,Mountain Gardens,2025-12-26,,,
PLA-5D7B5C58,plant,Plant,Plant,plant,each,14.99,Y,5,2025-12-26 20:31:57,2025-12-26 20:31:57,Active,Imported from mountain_gardens_premium_import_final.csv,1 gal,plant,5.95,,14.99,5.95,14.99,,Mountain Gardens,2025-12-26,,,
PLA-E283ACB3,plant,Plant,Plant,plant,each,9.99,Y,5,2025-12-26 20:31:58,2025-12-26 20:31:58,Active,Imported from mountain_gardens_premium_import_final.csv,1 gal,plant,3.2,,9.99,3.2,9.99,,Mountain Gardens,2025-12-26,,,
PLA-1880D526,Plant,Plant,Plant,Plant,each,14.99,Y,5,2025-12-26 20:31:58,2025-12-26 20:31:58,Active,Imported from mountain_gardens_premium_import_final.csv,1 gal,Plant,4.5,,14.99,4.5,14.99,,Mountain Gardens,2025-12-26,,,
PLA-82561E8B,Plant,Plant,Plant,Plant,each,99.99,Y,5,2025-12-26 20:31:58,2025-12-26 20:31:58,Active,Imported from mountain_gardens_premium_import_final.csv,15 gal,Plant,42.9,,99.99,42.9,99.99,,Mountain Gardens,2025-12-26,,,
PLA-05BEA2D5,Plant,Plant,Plant,Plant,each,49.99,Y,5,2025-12-26 20:31:58,2025-12-26 20:31:58,Active,Imported from mountain_gardens_premium_import_final.csv,5 gal,Plant,18.5,,49.99,18.5,49.99,,Mountain Gardens,2025-12-26,,,
PLA-1FF81669,Plant,Plant,Plant,Plant,each,79.99,Y,5,2025-12-26 20:31:58,2025-12-26 20:31:58,Active,Imported from mountain_gardens_premium_import_final.csv,"8""",Plant,39.9,,79.99,39.9,79.99,,Mountain Gardens,2025-12-26,,,
PLA-8E653BFF,Plant,Plant,Plant,Plant,each,89.99,Y,5,2025-12-26 20:31:58,2025-12-26 20:31:58,Active,Imported from mountain_gardens_premium_import_final.csv,15 gal,Plant,39.85,,89.99,39.85,89.99,,Mountain Gardens,2025-12-26,,,
PLA-54C39635,Plant,Plant,Plant,Plant,each,49.99,Y,5,2025-12-26 20:31:58,2025-12-26 20:31:58,Active,Imported from mountain_gardens_premium_import_final.csv,"1""",Plant,19.45,,49.99,19.45,49.99,,Mountain Gardens,2025-12-26,,,
PLA-D212A707,Plant,Plant,Plant,Plant,each,89.99,Y,5,2025-12-26 20:31:58,2025-12-26 20:31:58,Active,Imported from mountain_gardens_premium_import_final.csv,15gal,Plant,39.85,,89.99,39.85,89.99,,Mountain Gardens,2025-12-26,,,
PLA-D814CEBD,Plant,Plant,Plant,Plant,each,14.99,Y,5,2025-12-26 20:31:58,2025-12-26 20:31:58,Active,Imported from mountain_gardens_premium_import_final.csv,5 gal,Plant,,,14.99,,14.99,,Mountain Gardens,2025-12-26,,,
PLA-58F3FD8E,Plant,Plant,Plant,Plant,each,49.99,Y,5,2025-12-26 20:31:58,2025-12-26 20:31:58,Active,Imported from mountain_gardens_premium_import_final.csv,5 gal,Plant,18.75,,49.99,18.75,49.99,,Mountain Gardens,2025-12-26,,,
PLA-FF0ED1C8,Plant,Plant,Plant,Plant,each,34.99,Y,5,2025-12-26 20:31:58,2025-12-26 20:31:58,Active,Imported from mountain_gardens_premium_import_final.csv,5 gal,Plant,13.0,,34.99,13.0,34.99,,Mountain Gardens,2025-12-26,,,
PLA-2104DFCE,Plant,Plant,Plant,Plant,each,34.99,Y,5,2025-12-26 20:31:58,2025-12-26 20:31:58,Active,Imported from mountain_gardens_premium_import_final.csv,"4""",Plant,15.6,,34.99,15.6,34.99,,Mountain Gardens,2025-12-26,,,
PLA-BE429849,Plant,Plant,Plant,Plant,each,44.99,Y,5,2025-12-26 20:31:58,2025-12-26 20:31:58,Active,Imported from mountain_gardens_premium_import_final.csv,5 gal,Plant,18.95,,44.99,18.95,44.99,,Mountain Gardens,2025-12-26,,,
PLA-7218226D,Plant,Plant,Plant,Plant,each,39.99,Y,5,2025-12-26 20:31:58,2025-12-26 20:31:58,Active,Imported from mountain_gardens_premium_import_final.csv,7 gal,Plant,,,39.99,,39.99,,Mountain Gardens,2025-12-26,,,
PLA-9BA8D635,Plant,Plant,Plant,Plant,each,9.99,Y,5,2025-12-26 20:31:58,2025-12-26 20:31:58,Active,Imported from mountain_gardens_premium_import_final.csv,,Plant,3.5,,9.99,3.5,9.99,,Mountain Gardens,2025-12-26,,,
PLA-568C00BD,Plant,Plant,Plant,Plant,each,14.99,Y,5,2025-12-26 20:31:58,2025-12-26 20:31:58,Active,Imported from mountain_gardens_premium_import_final.csv,,Plant,5.67,,14.99,5.67,14.99,,Mountain Gardens,2025-12-26,,,
PLA-3CFEF92F,Plant,Plant,Plant,Plant,each,29.99,Y,5,2025-12-26 20:31:58,2025-12-26 20:31:58,Active,Imported from mountain_gardens_premium_import_final.csv,2 gal,Plant,11.6,,29.99,11.6,29.99,,Mountain Gardens,2025-12-26,,,
PLA-194B20F8,Plant,Plant,Plant,Plant,each,14.99,Y,5,2025-12-26 20:31:58,2025-12-26 20:31:58,Active,Imported from mountain_gardens_premium_import_final.csv,,Plant,5.25,,14.99,5.25,14.99,,Mountain Gardens,2025-12-26,,,
PLA-9E81E08E,Plant,Plant,Plant,Plant,each,9.99,Y,5,2025-12-26 20:31:58,2025-12-26 20:31:58,Active,Imported from mountain_gardens_premium_import_final.csv,,Plant,3.65,,9.99,3.65,9.99,,Mountain Gardens,2025-12-26,,,
PLA-71B1D03C,Plant,Plant,Plant,Plant,each,29.99,Y,5,2025-12-26 20:31:58,2025-12-26 20:31:58,Active,Imported from mountain_gardens_premium_import_final.csv,5 gal,Plant,,,29.99,,29.99,,Mountain Gardens,2025-12-26,,,
PLA-43CEED64,Plant,Plant,Plant,Plant,each,19.99,Y,5,2025-12-26 20:31:58,2025-12-26 20:31:58,Active,Imported from mountain_gardens_premium_import_final.csv,,Plant,7.8,,19.99,7.8,19.99,,Mountain Gardens,2025-12-26,,,
PLA-5005FB5E,Plant,Plant,Plant,Plant,each,36.99,Y,5,2025-12-26 20:31:58,2025-12-26 20:31:58,Active,Imported from mountain_gardens_premium_import_final.csv,2 gal,Plant,,,36.99,,36.99,,Mountain Gardens,2025-12-26,,,
PLA-DC428479,Plant,Plant,Plant,Plant,each,19.99,Y,5,2025-12-26 20:31:58,2025-12-26 20:31:58,Active,Imported from mountain_gardens_premium_import_final.csv,,Plant,6.7,,19.99,6.7,19.99,,Mountain Gardens,2025-12-26,,,
PLA-03361EC4,Plant,Plant,Plant,Plant,each,19.99,Y,5,2025-12-26 20:31:58,2025-12-26 20:31:58,Active,Imported from mountain_gardens_premium_import_final.csv,,Plant,6.85,,19.99,6.85,19.99,,Mountain Gardens,2025-12-26,,,
PLA-4C0AA419,Plant,Plant,Plant,Plant,each,19.99,Y,5,2025-12-26 20:31:58,2025-12-26 20:31:58,Active,Imported from mountain_gardens_premium_import_final.csv,1 gal,Plant,5.7,,19.99,5.7,19.99,,Mountain Gardens,2025-12-26,,,
PLA-2ABB29C8,Plant,Plant,Plant,Plant,each,34.99,Y,5,2025-12-26 20:31:58,2025-12-26 20:31:58,Active,Imported from mountain_gardens_premium_import_final.csv,2 gal,Plant,5.6,,34.99,5.6,34.99,,Mountain Gardens,2025-12-26,,,
PLA-C624542D,Plant,Plant,Plant,Plant,each,34.99,Y,5,2025-12-26 20:31:58,2025-12-26 20:31:58,Active,Imported from mountain_gardens_premium_import_final.csv,2 gal,Plant,8.4,,34.99,8.4,34.99,,Mountain Gardens,2025-12-26,,,
PLA-11F991B1,Plant,Plant,Plant,Plant,each,29.99,Y,5,2025-12-26 20:31:58,2025-12-26 20:31:58,Active,Imported from mountain_gardens_premium_import_final.csv,5 gal,Plant,,,29.99,,29.99,,Mountain Gardens,2025-12-26,,,
PLA-C4568765,Plant,Plant,Plant,Plant,each,19.99,Y,5,2025-12-26 20:31:58,2025-12-26 20:31:58,Active,Imported from mountain_gardens_premium_import_final.csv,,Plant,6.7,,19.99,6.7,19.99,,Mountain Gardens,2025-12-26,,,
PLA-8AB963B4,Plant,Plant,Plant,Plant,each,34.99,Y,5,2025-12-26 20:31:58,2025-12-26 20:31:58,Active,Imported from mountain_gardens_premium_import_final.csv,,Plant,15.23,,34.99,15.23,34.99,,Mountain Gardens,2025-12-26,,,
PLA-60474729,Plant,Plant,Plant,Plant,each,14.99,Y,5,2025-12-26 20:31:58,2025-12-26 20:31:58,Active,Imported from mountain_gardens_premium_import_final.csv,1 gal,Plant,4.95,,14.99,4.95,14.99,,Mountain Gardens,2025-12-26,,,
PLA-D64417C9,Plant,Plant,Plant,Plant,each,14.99,Y,5,2025-12-26 20:31:58,2025-12-26 20:31:58,Active,Imported from mountain_gardens_premium_import_final.csv,,Plant,5.36,,14.99,5.36,14.99,,Mountain Gardens,2025-12-26,,,
PLA-8FBFAA46,Plant,Plant,Plant,Plant,each,29.99,Y,5,2025-12-26 20:31:58,2025-12-26 20:31:58,Active,Imported from mountain_gardens_premium_import_final.csv,5gal,Plant,12.83,,29.99,12.83,29.99,,Mountain Gardens,2025-12-26,,,
PLA-9665C232,Plant,Plant,Plant,Plant,each,44.99,Y,5,2025-12-26 20:31:58,2025-12-26 20:31:58,Active,Imported from mountain_gardens_premium_import_final.csv,,Plant,18.0,,44.99,18.0,44.99,,Mountain Gardens,2025-12-26,,,
PLA-AAAEA2A8,Plant,Plant,Plant,Plant,each,39.99,Y,5,2025-12-26 20:31:58,2025-12-26 20:31:58,Active,Imported from mountain_gardens_premium_import_final.csv,5 gal,Plant,13.1,,39.99,13.1,39.99,,Mountain Gardens,2025-12-26,,,
PLA-4C0CAFB8,Plant,Plant,Plant,Plant,each,39.99,Y,5,2025-12-26 20:31:58,2025-12-26 20:31:58,Active,Imported from mountain_gardens_premium_import_final.csv,15 gal,Plant,,,39.99,,39.99,,Mountain Gardens,2025-12-26,,,
PLA-FDF57216,Plant,Plant,Plant,Plant,each,8.99,Y,5,2025-12-26 20:31:58,2025-12-26 20:31:58,Active,Imported from mountain_gardens_premium_import_final.csv,,Plant,3.15,,8.99,3.15,8.99,,Mountain Gardens,2025-12-26,,,
PLA-2A1244CE,Plant,Plant,Plant,Plant,each,9.99,Y,5,2025-12-26 20:31:58,2025-12-26 20:31:58,Active,Imported from mountain_gardens_premium_import_final.csv,,Plant,4.1,,9.99,4.1,9.99,,Mountain Gardens,2025-12-26,,,
PLA-4645A1CD,Plant,Plant,Plant,Plant,each,39.99,Y,5,2025-12-26 20:31:58,2025-12-26 20:31:58,Active,Imported from mountain_gardens_premium_import_final.csv,,Plant,8.95,,39.99,8.95,39.99,,Mountain Gardens,2025-12-26,,,
PLA-9D410407,Plant,Plant,Plant,Plant,each,29.99,Y,5,2025-12-26 20:31:58,2025-12-26 20:31:58,Active,Imported from mountain_gardens_premium_import_final.csv,2 gal,Plant,10.5,,29.99,10.5,29.99,,Mountain Gardens,2025-12-26,,,
PLA-A9E45EA8,Plant,Plant,Plant,Plant,each,39.99,Y,5,2025-12-26 20:31:58,2025-12-26 20:31:58,Active,Imported from mountain_gardens_premium_import_final.csv,5 gal,Plant,5.0,,39.99,5.0,39.99,,Mountain Gardens,2025-12-26,,,
PLA-75764BBB,Plant,Plant,Plant,Plant,each,34.99,Y,5,2025-12-26 20:31:58,2025-12-26 20:31:58,Active,Imported from mountain_gardens_premium_import_final.csv,2 gal,Plant,14.5,,34.99,14.5,34.99,,Mountain Gardens,2025-12-26,,,
PLA-DB74D9B2,Plant,Plant,Plant,Plant,each,39.99,Y,5,2025-12-26 20:31:58,2025-12-26 20:31:58,Active,Imported from mountain_gardens_premium_import_final.csv,,Plant,16.0,,39.99,16.0,39.99,,Mountain Gardens,2025-12-26,,,
PLA-D36868C4,Plant,Plant,Plant,Plant,each,29.99,Y,5,2025-12-26 20:31:58,2025-12-26 20:31:58,Active,Imported from mountain_gardens_premium_import_final.csv,2 gal,Plant,13.25,,29.99,13.25,29.99,,Mountain Gardens,2025-12-26,,,
PLA-F8128C10,Plant,Plant,Plant,Plant,each,14.99,Y,5,2025-12-26 20:31:58,2025-12-26 20:31:58,Active,Imported from mountain_gardens_premium_import_final.csv,,Plant,4.5,,14.99,4.5,14.99,,Mountain Gardens,2025-12-26,,,
PLA-DE0341D9,Plant,Plant,Plant,Plant,each,34.99,Y,5,2025-12-26 20:31:58,2025-12-26 20:31:58,Active,Imported from mountain_gardens_premium_import_final.csv,,Plant,14.3,,34.99,14.3,34.99,,Mountain Gardens,2025-12-26,,,
PLA-DA492077,Plant,Plant,Plant,Plant,each,9.99,Y,5,2025-12-26 20:31:58,2025-12-26 20:31:58,Active,Imported from mountain_gardens_premium_import_final.csv,1 gal,Plant,3.75,,9.99,3.75,9.99,,Mountain Gardens,2025-12-26,,,
PLA-6AB81A73,Plant,Plant,Plant,Plant,each,14.99,Y,5,2025-12-26 20:31:58,2025-12-26 20:31:58,Active,Imported from mountain_gardens_premium_import_final.csv,1 gal,Plant,5.5,,14.99,5.5,14.99,,Mountain Gardens,2025-12-26,,,
PLA-8818F1F9,Plant,Plant,Plant,Plant,each,34.99,Y,5,2025-12-26 20:31:58,2025-12-26 20:31:58,Active,Imported from mountain_gardens_premium_import_final.csv,,Plant,13.6,,34.99,13.6,34.99,,Mountain Gardens,2025-12-26,,,
PLA-00D5E88F,Plant,Plant,Plant,Plant,each,14.99,Y,5,2025-12-26 20:31:58,2025-12-26 20:31:58,Active,Imported from mountain_gardens_premium_import_final.csv,,Plant,4.79,,14.99,4.79,14.99,,Mountain Gardens,2025-12-26,,,
PLA-9FBC2DC1,Plant,Plant,Plant,Plant,each,34.99,Y,5,2025-12-26 20:31:59,2025-12-26 20:31:59,Active,Imported from mountain_gardens_premium_import_final.csv,,Plant,13.23,,34.99,13.23,34.99,,Mountain Gardens,2025-12-26,,,
PLA-1FD73A2D,Plant,Plant,Plant,Plant,each,34.99,Y,5,2025-12-26 20:31:59,2025-12-26 20:31:59,Active,Imported from mountain_gardens_premium_import_final.csv,5 gal,Plant,13.0,,34.99,13.0,34.99,,Mountain Gardens,2025-12-26,,,
PLA-E2DA12A2,Plant,Plant,Plant,Plant,each,34.99,Y,5,2025-12-26 20:31:59,2025-12-26 20:31:59,Active,Imported from mountain_gardens_premium_import_final.csv,,Plant,8.89,,34.99,8.89,34.99,,Mountain Gardens,2025-12-26,,,
PLA-6CFB9829,Plant,Plant,Plant,Plant,each,14.99,Y,5,2025-12-26 20:31:59,2025-12-26 20:31:59,Active,Imported from mountain_gardens_premium_import_final.csv,,Plant,5.06,,14.99,5.06,14.99,,Mountain Gardens,2025-12-26,,,
PLA-CB9F4694,Plant,Plant,Plant,Plant,each,24.99,Y,5,2025-12-26 20:31:59,2025-12-26 20:31:59,Active,Imported from mountain_gardens_premium_import_final.csv,,Plant,10.73,,24.99,10.73,24.99,,Mountain Gardens,2025-12-26,,,
PLA-8BBCFDD1,Plant,Plant,Plant,Plant,each,14.99,Y,5,2025-12-26 20:31:59,2025-12-26 20:31:59,Active,Imported from mountain_gardens_premium_import_final.csv,,Plant,4.77,,14.99,4.77,14.99,,Mountain Gardens,2025-12-26,,,
PLA-CB79E110,Plant,Plant,Plant,Plant,each,29.99,Y,5,2025-12-26 20:31:59,2025-12-26 20:31:59,Active,Imported from mountain_gardens_premium_import_final.csv,5 gal,Plant,11.95,,29.99,11.95,29.99,,Mountain Gardens,2025-12-26,,,
PLA-565D635E,Plant,Plant,Plant,Plant,each,34.99,Y,5,2025-12-26 20:31:59,2025-12-26 20:31:59,Active,Imported from mountain_gardens_premium_import_final.csv,5 gal,Plant,15.5,,34.99,15.5,34.99,,Mountain Gardens,2025-12-26,,,
PLA-28D4742F,Plant,Plant,Plant,Plant,each,9.99,Y,5,2025-12-26 20:31:59,2025-12-26 20:31:59,Active,Imported from mountain_gardens_premium_import_final.csv,,Plant,4.45,,9.99,4.45,9.99,,Mountain Gardens,2025-12-26,,,
PLA-BB1871C0,Plant,Plant,Plant,Plant,each,29.99,Y,5,2025-12-26 20:31:59,2025-12-26 20:31:59,Active,Imported from mountain_gardens_premium_import_final.csv,5 gal,Plant,12.5,,29.99,12.5,29.99,,Mountain Gardens,2025-12-26,,,
PLA-EA697ECE,Plant,Plant,Plant,Plant,each,9.99,Y,5,2025-12-26 20:31:59,2025-12-26 20:31:59,Active,Imported from mountain_gardens_premium_import_final.csv,1 gal,Plant,2.97,,9.99,2.97,9.99,,Mountain Gardens,2025-12-26,,,
PLA-CDFF0E00,Plant,Plant,Plant,Plant,each,24.99,Y,5,2025-12-26 20:31:59,2025-12-26 20:31:59,Active,Imported from mountain_gardens_premium_import_final.csv,5 gal,Plant,8.76,,24.99,8.76,24.99,,Mountain Gardens,2025-12-26,,,
PLA-7B0B958F,Plant,Plant,Plant,Plant,each,9.99,Y,5,2025-12-26 20:31:59,2025-12-26 20:31:59,Active,Imported from mountain_gardens_premium_import_final.csv,1 gal,Plant,4.45,,9.99,4.45,9.99,,Mountain Gardens,2025-12-26,,,
PLA-E5411DD7,Plant,Plant,Plant,Plant,each,29.99,Y,5,2025-12-26 20:31:59,2025-12-26 20:31:59,Active,Imported from mountain_gardens_premium_import_final.csv,5 gal,Plant,12.95,,29.99,12.95,29.99,,Mountain Gardens,2025-12-26,,,
PLA-8D5B527F,Plant,Plant,Plant,Plant,each,29.99,Y,5,2025-12-26 20:31:59,2025-12-26 20:31:59,Active,Imported from mountain_gardens_premium_import_final.csv,2 gal,Plant,13.2,,29.99,13.2,29.99,,Mountain Gardens,2025-12-26,,,
PLA-335E2924,Plant,Plant,Plant,Plant,each,14.99,Y,5,2025-12-26 20:31:59,2025-12-26 20:31:59,Active,Imported from mountain_gardens_premium_import_final.csv,1 gal,Plant,4.65,,14.99,4.65,14.99,,Mountain Gardens,2025-12-26,,,
PLA-54C23624,Plant,Plant,Plant,Plant,each,29.99,Y,5,2025-12-26 20:31:59,2025-12-26 20:31:59,Active,Imported from mountain_gardens_premium_import_final.csv,2 gal,Plant,9.95,,29.99,9.95,29.99,,Mountain Gardens,2025-12-26,,,
PLA-FF3C3A51,Plant,Plant,Plant,Plant,each,14.99,Y,5,2025-12-26 20:31:59,2025-12-26 20:31:59,Active,Imported from mountain_gardens_premium_import_final.csv,1 gal,Plant,5.8,,14.99,5.8,14.99,,Mountain Gardens,2025-12-26,,,
PLA-41202AC9,Plant,Plant,Plant,Plant,each,9.99,Y,5,2025-12-26 20:31:59,2025-12-26 20:31:59,Active,Imported from mountain_gardens_premium_import_final.csv,,Plant,3.65,,9.99,3.65,9.99,,Mountain Gardens,2025-12-26,,,
PLA-AECC8A43,Plant,Plant,Plant,Plant,each,14.99,Y,5,2025-12-26 20:31:59,2025-12-26 20:31:59,Active,Imported from mountain_gardens_premium_import_final.csv,1 gal,Plant,4.5,,14.99,4.5,14.99,,Mountain Gardens,2025-12-26,,,
PLA-FDA3C55D,Plant,Plant,Plant,Plant,each,39.99,Y,5,2025-12-26 20:31:59,2025-12-26 20:31:59,Active,Imported from mountain_gardens_premium_import_final.csv,5 gal,Plant,16.0,,39.99,16.0,39.99,,Mountain Gardens,2025-12-26,,,
PLA-C966E2E6,Plant,Plant,Plant,Plant,each,34.99,Y,5,2025-12-26 20:31:59,2025-12-26 20:31:59,Active,Imported from mountain_gardens_premium_import_final.csv,5 gal,Plant,15.5,,34.99,15.5,34.99,,Mountain Gardens,2025-12-26,,,
PLA-D598C5E5,Plant,Plant,Plant,Plant,each,0.99,Y,5,2025-12-26 20:31:59,2025-12-26 20:31:59,Active,Imported from mountain_gardens_premium_import_final.csv,,Plant,0.25,,0.99,0.25,0.99,,Mountain Gardens,2025-12-26,,,
PLA-8586B4BB,Plant,Plant,Plant,Plant,each,8.99,Y,5,2025-12-26 20:31:59,2025-12-26 20:31:59,Active,Imported from mountain_gardens_premium_import_final.csv,,Plant,3.18,,8.99,3.18,8.99,,Mountain Gardens,2025-12-26,,,
PLA-1D247E4A,Plant,Plant,Plant,Plant,each,8.99,Y,5,2025-12-26 20:31:59,2025-12-26 20:31:59,Active,Imported from mountain_gardens_premium_import_final.csv,,Plant,3.25,,8.99,3.25,8.99,,Mountain Gardens,2025-12-26,,,
PLA-CA5AC99B,Plant,Plant,Plant,Plant,each,1.99,Y,5,2025-12-26 20:31:59,2025-12-26 20:31:59,Active,Imported from mountain_gardens_premium_import_final.csv,,Plant,0.53,,1.99,0.53,1.99,,Mountain Gardens,2025-12-26,,,
PLA-B7C54AF4,Plant,Plant,Plant,Plant,each,1.99,Y,5,2025-12-26 20:31:59,2025-12-26 20:31:59,Active,Imported from mountain_gardens_premium_import_final.csv,,Plant,0.6,,1.99,0.6,1.99,,Mountain Gardens,2025-12-26,,,
PLA-9C03F645,Plant,Plant,Plant,Plant,each,1.99,Y,5,2025-12-26 20:31:59,2025-12-26 20:31:59,Active,Imported from mountain_gardens_premium_import_final.csv,,Plant,0.6,,1.99,0.6,1.99,,Mountain Gardens,2025-12-26,,,
PLA-77E67C04,Plant,Plant,Plant,Plant,each,19.99,Y,5,2025-12-26 20:31:59,2025-12-26 20:31:59,Active,Imported from mountain_gardens_premium_import_final.csv,,Plant,6.25,,19.99,6.25,19.99,,Mountain Gardens,2025-12-26,,,
PLA-FB370FB4,Plant,Plant,Plant,Plant,each,14.99,Y,5,2025-12-26 20:31:59,2025-12-26 20:31:59,Active,Imported from mountain_gardens_premium_import_final.csv,,Plant,,,14.99,,14.99,,Mountain Gardens,2025-12-26,,,
PLA-50036303,Plant,Plant,Plant,Plant,each,1.99,Y,5,2025-12-26 20:31:59,2025-12-26 20:31:59,Active,Imported from mountain_gardens_premium_import_final.csv,,Plant,0.6,,1.99,0.6,1.99,,Mountain Gardens,2025-12-26,,,
PLA-62EB5D6E,Plant,Plant,Plant,Plant,each,1.99,Y,5,2025-12-26 20:31:59,2025-12-26 20:31:59,Active,Imported from mountain_gardens_premium_import_final.csv,,Plant,0.6,,1.99,0.6,1.99,,Mountain Gardens,2025-12-26,,,
PLA-D01E6588,Plant,Plant,Plant,Plant,each,9.99,Y,5,2025-12-26 20:31:59,2025-12-26 20:31:59,Active,Imported from mountain_gardens_premium_import_final.csv,,Plant,4.15,,9.99,4.15,9.99,,Mountain Gardens,2025-12-26,,,
PLA-B70E9EEB,Plant,Plant,Plant,Plant,each,1.99,Y,5,2025-12-26 20:31:59,2025-12-26 20:31:59,Active,Imported from mountain_gardens_premium_import_final.csv,,Plant,0.6,,1.99,0.6,1.99,,Mountain Gardens,2025-12-26,,,
PLA-03DB3774,Plant,Plant,Plant,Plant,each,7.99,Y,5,2025-12-26 20:31:59,2025-12-26 20:31:59,Active,Imported from mountain_gardens_premium_import_final.csv,,Plant,2.15,,7.99,2.15,7.99,,Mountain Gardens,2025-12-26,,,
PLA-D72065E7,Plant,Plant,Plant,Plant,each,19.99,Y,5,2025-12-26 20:31:59,2025-12-26 20:31:59,Active,Imported from mountain_gardens_premium_import_final.csv,,Plant,7.35,,19.99,7.35,19.99,,Mountain Gardens,2025-12-26,,,
PLA-F3FC84E5,Plant,Plant,Plant,Plant,each,14.99,Y,5,2025-12-26 20:31:59,2025-12-26 20:31:59,Active,Imported from mountain_gardens_premium_import_final.csv,,Plant,4.65,,14.99,4.65,14.99,,Mountain Gardens,2025-12-26,,,
PLA-D260D2B3,Plant,Plant,Plant,Plant,each,14.99,Y,5,2025-12-26 20:31:59,2025-12-26 20:31:59,Active,Imported from mountain_gardens_premium_import_final.csv,,Plant,5.5,,14.99,5.5,14.99,,Mountain Gardens,2025-12-26,,,
PLA-8330A9EC,Plant,Plant,Plant,Plant,each,14.99,Y,5,2025-12-26 20:31:59,2025-12-26 20:31:59,Active,Imported from mountain_gardens_premium_import_final.csv,,Plant,4.65,,14.99,4.65,14.99,,Mountain Gardens,2025-12-26,,,
PLA-2A1F71C8,Plant,Plant,Plant,Plant,each,0.99,Y,5,2025-12-26 20:31:59,2025-12-26 20:31:59,Active,Imported from mountain_gardens_premium_import_final.csv,,Plant,,,0.99,,0.99,,Mountain Gardens,2025-12-26,,,
PLA-E268719A,Plant,Plant,Plant,Plant,each,3.99,Y,5,2025-12-26 20:31:59,2025-12-26 20:31:59,Active,Imported from mountain_gardens_premium_import_final.csv,,Plant,,,3.99,,3.99,,Mountain Gardens,2025-12-26,,,
PLA-6459C141,Plant,Plant,Plant,Plant,each,3.99,Y,5,2025-12-26 20:31:59,2025-12-26 20:31:59,Active,Imported from mountain_gardens_premium_import_final.csv,,Plant,0.5,,3.99,0.5,3.99,,Mountain Gardens,2025-12-26,,,
PLA-62E5444D,Plant,Plant,Plant,Plant,each,1.99,Y,5,2025-12-26 20:31:59,2025-12-26 20:31:59,Active,Imported from mountain_gardens_premium_import_final.csv,,Plant,0.5,,1.99,0.5,1.99,,Mountain Gardens,2025-12-26,,,
PLA-C40D360D,Plant,Plant,Plant,Plant,each,14.99,Y,5,2025-12-26 20:31:59,2025-12-26 20:31:59,Active,Imported from mountain_gardens_premium_import_final.csv,,Plant,4.64,,14.99,4.64,14.99,,Mountain Gardens,2025-12-26,,,
PLA-2236F675,Plant,Plant,Plant,Plant,each,14.99,Y,5,2025-12-26 20:31:59,2025-12-26 20:31:59,Active,Imported from mountain_gardens_premium_import_final.csv,,Plant,5.95,,14.99,5.95,14.99,,Mountain Gardens,2025-12-26,,,
PLA-10C94A36,Plant,Plant,Plant,Plant,each,9.99,Y,5,2025-12-26 20:31:59,2025-12-26 20:31:59,Active,Imported from mountain_gardens_premium_import_final.csv,,Plant,3.85,,9.99,3.85,9.99,,Mountain Gardens,2025-12-26,,,
PLA-3101E952,Plant,Plant,Plant,Plant,each,0.99,Y,5,2025-12-26 20:31:59,2025-12-26 20:31:59,Active,Imported from mountain_gardens_premium_import_final.csv,,Plant,0.39,,0.99,0.39,0.99,,Mountain Gardens,2025-12-26,,,
PLA-6F29EBA0,Plant,Plant,Plant,Plant,each,9.99,Y,5,2025-12-26 20:31:59,2025-12-26 20:31:59,Active,Imported from mountain_gardens_premium_import_final.csv,,Plant,4.15,,9.99,4.15,9.99,,Mountain Gardens,2025-12-26,,,
PLA-DD7056D7,Plant,Plant,Plant,Plant,each,99.99,Y,5,2025-12-26 20:31:59,2025-12-26 20:31:59,Active,Imported from mountain_gardens_premium_import_final.csv,15gal,Plant,50.0,,99.99,50.0,99.99,,Mountain Gardens,2025-12-26,,,
PLA-A4814D64,Plant,Plant,Plant,Plant,each,34.99,Y,5,2025-12-26 20:31:59,2025-12-26 20:31:59,Active,Imported from mountain_gardens_premium_import_final.csv,5 gal,Plant,14.0,,34.99,14.0,34.99,,Mountain Gardens,2025-12-26,,,
PLA-08435327,Plant,Plant,Plant,Plant,each,14.99,Y,5,2025-12-26 20:31:59,2025-12-26 20:31:59,Active,Imported from mountain_gardens_premium_import_final.csv,,Plant,5.36,,14.99,5.36,14.99,,Mountain Gardens,2025-12-26,,,
PLA-A11161C3,Plant,Plant,Plant,Plant,each,34.99,Y,5,2025-12-26 20:32:00,2025-12-26 20:32:00,Active,Imported from mountain_gardens_premium_import_final.csv,,Plant,8.76,,34.99,8.76,34.99,,Mountain Gardens,2025-12-26,,,
PLA-F1E25579,Plant,Plant,Plant,Plant,each,14.99,Y,5,2025-12-26 20:32:00,2025-12-26 20:32:00,Active,Imported from mountain_gardens_premium_import_final.csv,,Plant,4.15,,14.99,4.15,14.99,,Mountain Gardens,2025-12-26,,,
PLA-C7BFA570,Plant,Plant,Plant,Plant,each,14.99,Y,5,2025-12-26 20:32:00,2025-12-26 20:32:00,Active,Imported from mountain_gardens_premium_import_final.csv,,Plant,1.34,,14.99,1.34,14.99,,Mountain Gardens,2025-12-26,,,
PLA-C92538CB,Plant,Plant,Plant,Plant,each,8.99,Y,5,2025-12-26 20:32:00,2025-12-26 20:32:00,Active,Imported from mountain_gardens_premium_import_final.csv,"2""",Plant,3.08,,8.99,3.08,8.99,,Mountain Gardens,2025-12-26,,,
PLA-1A16174F,Plant,Plant,Plant,Plant,each,8.99,Y,5,2025-12-26 20:32:00,2025-12-26 20:32:00,Active,Imported from mountain_gardens_premium_import_final.csv,"4""",Plant,2.34,,8.99,2.34,8.99,,Mountain Gardens,2025-12-26,,,
PLA-6E673182,Plant,Plant,Plant,Plant,each,34.99,Y,5,2025-12-26 20:32:00,2025-12-26 20:32:00,Active,Imported from mountain_gardens_premium_import_final.csv,5 gal,Plant,13.25,,34.99,13.25,34.99,,Mountain Gardens,2025-12-26,,,
PLA-B3ED8E57,Plant,Plant,Plant,Plant,each,34.99,Y,5,2025-12-26 20:32:00,2025-12-26 20:32:00,Active,Imported from mountain_gardens_premium_import_final.csv,5 gal,Plant,14.6,,34.99,14.6,34.99,,Mountain Gardens,2025-12-26,,,
PLA-A07A2D4C,Plant,Plant,Plant,Plant,each,9.99,Y,5,2025-12-26 20:32:00,2025-12-26 20:32:00,Active,Imported from mountain_gardens_premium_import_final.csv,,Plant,2.72,,9.99,2.72,9.99,,Mountain Gardens,2025-12-26,,,
PLA-A078BAE5,Plant,Plant,Plant,Plant,each,49.99,Y,5,2025-12-26 20:32:00,2025-12-26 20:32:00,Active,Imported from mountain_gardens_premium_import_final.csv,,Plant,19.95,,49.99,19.95,49.99,,Mountain Gardens,2025-12-26,,,
PLA-91797C2D,Plant,Plant,Plant,Plant,each,34.99,Y,5,2025-12-26 20:32:00,2025-12-26 20:32:00,Active,Imported from mountain_gardens_premium_import_final.csv,5 gal,Plant,8.5,,34.99,8.5,34.99,,Mountain Gardens,2025-12-26,,,
PLA-C57C360D,Plant,Plant,Plant,Plant,each,34.99,Y,5,2025-12-26 20:32:00,2025-12-26 20:32:00,Active,Imported from mountain_gardens_premium_import_final.csv,5 gal,Plant,15.5,,34.99,15.5,34.99,,Mountain Gardens,2025-12-26,,,
PLA-BEDDA3BB,Plant,Plant,Plant,Plant,each,39.99,Y,5,2025-12-26 20:32:00,2025-12-26 20:32:00,Active,Imported from mountain_gardens_premium_import_final.csv,,Plant,16.73,,39.99,16.73,39.99,,Mountain Gardens,2025-12-26,,,
PLA-CAC5F6EB,Plant,Plant,Plant,Plant,each,19.99,Y,5,2025-12-26 20:32:00,2025-12-26 20:32:00,Active,Imported from mountain_gardens_premium_import_final.csv,1 gal,Plant,6.45,,19.99,6.45,19.99,,Mountain Gardens,2025-12-26,,,
PLA-6860B401,Plant,Plant,Plant,Plant,each,39.99,Y,5,2025-12-26 20:32:00,2025-12-26 20:32:00,Active,Imported from mountain_gardens_premium_import_final.csv,5 gal,Plant,16.95,,39.99,16.95,39.99,,Mountain Gardens,2025-12-26,,,
PLA-C3BC5E0C,Plant,Plant,Plant,Plant,each,44.99,Y,5,2025-12-26 20:32:00,2025-12-26 20:32:00,Active,Imported from mountain_gardens_premium_import_final.csv,5 gal,Plant,18.95,,44.99,18.95,44.99,,Mountain Gardens,2025-12-26,,,
PLA-208A5DAD,Plant,Plant,Plant,Plant,each,14.99,Y,5,2025-12-26 20:32:00,2025-12-26 20:32:00,Active,Imported from mountain_gardens_premium_import_final.csv,1 gal,Plant,5.95,,14.99,5.95,14.99,,Mountain Gardens,2025-12-26,,,
PLA-5D7D02A9,Plant,Plant,Plant,Plant,each,39.99,Y,5,2025-12-26 20:32:00,2025-12-26 20:32:00,Active,Imported from mountain_gardens_premium_import_final.csv,,Plant,17.68,,39.99,17.68,39.99,,Mountain Gardens,2025-12-26,,,
PLA-11EAB8C3,Plant,Plant,Plant,Plant,each,9.99,Y,5,2025-12-26 20:32:00,2025-12-26 20:32:00,Active,Imported from mountain_gardens_premium_import_final.csv,,Plant,3.71,,9.99,3.71,9.99,,Mountain Gardens,2025-12-26,,,
PLA-8C693065,Plant,Plant,Plant,Plant,each,24.99,Y,5,2025-12-26 20:32:00,2025-12-26 20:32:00,Active,Imported from mountain_gardens_premium_import_final.csv,2 gal,Plant,8.5,,24.99,8.5,24.99,,Mountain Gardens,2025-12-26,,,
PLA-09C33B34,Plant,Plant,Plant,Plant,each,9.99,Y,5,2025-12-26 20:32:00,2025-12-26 20:32:00,Active,Imported from mountain_gardens_premium_import_final.csv,1 gal,Plant,4.25,,9.99,4.25,9.99,,Mountain Gardens,2025-12-26,,,
PLA-FCB77D21,Plant,Plant,Plant,Plant,each,14.99,Y,5,2025-12-26 20:32:00,2025-12-26 20:32:00,Active,Imported from mountain_gardens_premium_import_final.csv,1 gal,Plant,4.6,,14.99,4.6,14.99,,Mountain Gardens,2025-12-26,,,
PLA-F8F970E2,Plant,Plant,Plant,Plant,each,9.99,Y,5,2025-12-26 20:32:00,2025-12-26 20:32:00,Active,Imported from mountain_gardens_premium_import_final.csv,,Plant,4.45,,9.99,4.45,9.99,,Mountain Gardens,2025-12-26,,,
PLA-37DAEBBA,Plant,Plant,Plant,Plant,each,9.99,Y,5,2025-12-26 20:32:00,2025-12-26 20:32:00,Active,Imported from mountain_gardens_premium_import_final.csv,1 gal,Plant,4.45,,9.99,4.45,9.99,,Mountain Gardens,2025-12-26,,,
PLA-1CDA11C6,Plant,Plant,Plant,Plant,each,9.99,Y,5,2025-12-26 20:32:00,2025-12-26 20:32:00,Active,Imported from mountain_gardens_premium_import_final.csv,1 gal,Plant,4.45,,9.99,4.45,9.99,,Mountain Gardens,2025-12-26,,,
PLA-83D20DD6,Plant,Plant,Plant,Plant,each,34.99,Y,5,2025-12-26 20:32:00,2025-12-26 20:32:00,Active,Imported from mountain_gardens_premium_import_final.csv,5 gal,Plant,14.95,,34.99,14.95,34.99,,Mountain Gardens,2025-12-26,,,
PLA-0A5680FA,Plant,Plant,Plant,Plant,each,169.99,Y,5,2025-12-26 20:32:00,2025-12-26 20:32:00,Active,Imported from mountain_gardens_premium_import_final.csv,10 gal,Plant,53.0,,169.99,53.0,169.99,,Mountain Gardens,2025-12-26,,,
PLA-241B440E,Plant,Plant,Plant,Plant,each,359.99,Y,5,2025-12-26 20:32:00,2025-12-26 20:32:00,Active,Imported from mountain_gardens_premium_import_final.csv,25 gal,Plant,140.0,,359.99,140.0,359.99,,Mountain Gardens,2025-12-26,,,
PLA-3C045D32,Plant,Plant,Plant,Plant,each,199.99,Y,5,2025-12-26 20:32:00,2025-12-26 20:32:00,Active,Imported from mountain_gardens_premium_import_final.csv,15gal,Plant,100.0,,199.99,100.0,199.99,,Mountain Gardens,2025-12-26,,,
PLA-3A6ACDAE,Plant,Plant,Plant,Plant,each,19.99,Y,5,2025-12-26 20:32:00,2025-12-26 20:32:00,Active,Imported from mountain_gardens_premium_import_final.csv,1 gal,Plant,6.25,,19.99,6.25,19.99,,Mountain Gardens,2025-12-26,,,
PLA-74B24C9B,Plant,Plant,Plant,Plant,each,129.99,Y,5,2025-12-26 20:32:00,2025-12-26 20:32:00,Active,Imported from mountain_gardens_premium_import_final.csv,,Plant,47.5,,129.99,47.5,129.99,,Mountain Gardens,2025-12-26,,,
PLA-B632BE61,Plant,Plant,Plant,Plant,each,159.99,Y,5,2025-12-26 20:32:00,2025-12-26 20:32:00,Active,Imported from mountain_gardens_premium_import_final.csv,,Plant,73.0,,159.99,73.0,159.99,,Mountain Gardens,2025-12-26,,,
PLA-2716A8B8,Plant,Plant,Plant,Plant,each,89.99,Y,5,2025-12-26 20:32:00,2025-12-26 20:32:00,Active,Imported from mountain_gardens_premium_import_final.csv,7gal,Plant,10.0,,89.99,10.0,89.99,,Mountain Gardens,2025-12-26,,,
PLA-8076C418,Plant,Plant,Plant,Plant,each,199.99,Y,5,2025-12-26 20:32:00,2025-12-26 20:32:00,Active,Imported from mountain_gardens_premium_import_final.csv,,Plant,71.0,,199.99,71.0,199.99,,Mountain Gardens,2025-12-26,,,
PLA-D568A113,Plant,Plant,Plant,Plant,each,199.99,Y,5,2025-12-26 20:32:00,2025-12-26 20:32:00,Active,Imported from mountain_gardens_premium_import_final.csv,10 gal,Plant,,,199.99,,199.99,,Mountain Gardens,2025-12-26,,,
PLA-85D84075,Plant,Plant,Plant,Plant,each,19.99,Y,5,2025-12-26 20:32:00,2025-12-26 20:32:00,Active,Imported from mountain_gardens_premium_import_final.csv,1 gal,Plant,7.5,,19.99,7.5,19.99,,Mountain Gardens,2025-12-26,,,
PLA-A6FA35E1,Plant,Plant,Plant,Plant,each,189.99,Y,5,2025-12-26 20:32:00,2025-12-26 20:32:00,Active,Imported from mountain_gardens_premium_import_final.csv,15 gal,Plant,65.0,,189.99,65.0,189.99,,Mountain Gardens,2025-12-26,,,
PLA-C8A8A9A1,Plant,Plant,Plant,Plant,each,59.99,Y,5,2025-12-26 20:32:00,2025-12-26 20:32:00,Active,Imported from mountain_gardens_premium_import_final.csv,5 gal,Plant,23.1,,59.99,23.1,59.99,,Mountain Gardens,2025-12-26,,,
PLA-002B40C3,Plant,Plant,Plant,Plant,each,99.99,Y,5,2025-12-26 20:32:00,2025-12-26 20:32:00,Active,Imported from mountain_gardens_premium_import_final.csv,7 gal,Plant,43.2,,99.99,43.2,99.99,,Mountain Gardens,2025-12-26,,,
PLA-B61414FE,Plant,Plant,Plant,Plant,each,129.99,Y,5,2025-12-26 20:32:00,2025-12-26 20:32:00,Active,Imported from mountain_gardens_premium_import_final.csv,15 gal,Plant,39.99,,129.99,39.99,129.99,,Mountain Gardens,2025-12-26,,,
PLA-2F9C46EC,Plant,Plant,Plant,Plant,each,49.99,Y,5,2025-12-26 20:32:00,2025-12-26 20:32:00,Active,Imported from mountain_gardens_premium_import_final.csv,"4""",Plant,21.35,,49.99,21.35,49.99,,Mountain Gardens,2025-12-26,,,
PLA-A539F93D,Plant,Plant,Plant,Plant,each,49.99,Y,5,2025-12-26 20:32:00,2025-12-26 20:32:00,Active,Imported from mountain_gardens_premium_import_final.csv,"4""",Plant,19.4,,49.99,19.4,49.99,,Mountain Gardens,2025-12-26,,,
PLA-CDB8EDD7,Plant,Plant,Plant,Plant,each,39.99,Y,5,2025-12-26 20:32:00,2025-12-26 20:32:00,Active,Imported from mountain_gardens_premium_import_final.csv,"4""",Plant,15.0,,39.99,15.0,39.99,,Mountain Gardens,2025-12-26,,,
PLA-F159B5CD,Plant,Plant,Plant,Plant,each,44.99,Y,5,2025-12-26 20:32:00,2025-12-26 20:32:00,Active,Imported from mountain_gardens_premium_import_final.csv,,Plant,18.0,,44.99,18.0,44.99,,Mountain Gardens,2025-12-26,,,
PLA-AD588D12,Plant,Plant,Plant,Plant,each,99.99,Y,5,2025-12-26 20:32:00,2025-12-26 20:32:00,Active,Imported from mountain_gardens_premium_import_final.csv,10 gal,Plant,20.0,,99.99,20.0,99.99,,Mountain Gardens,2025-12-26,,,
PLA-AEB33B00,Plant,Plant,Plant,Plant,each,69.99,Y,5,2025-12-26 20:32:00,2025-12-26 20:32:00,Active,Imported from mountain_gardens_premium_import_final.csv,"2""",Plant,29.9,,69.99,29.9,69.99,,Mountain Gardens,2025-12-26,,,
PLA-1F5254ED,Plant,Plant,Plant,Plant,each,59.99,Y,5,2025-12-26 20:32:00,2025-12-26 20:32:00,Active,Imported from mountain_gardens_premium_import_final.csv,5 gal,Plant,32.0,,59.99,32.0,59.99,,Mountain Gardens,2025-12-26,,,
PLA-5EBCBB71,Plant,Plant,Plant,Plant,each,49.99,Y,5,2025-12-26 20:32:00,2025-12-26 20:32:00,Active,Imported from mountain_gardens_premium_import_final.csv,,Plant,19.4,,49.99,19.4,49.99,,Mountain Gardens,2025-12-26,,,
PLA-831578A0,Plant,Plant,Plant,Plant,each,129.99,Y,5,2025-12-26 20:32:00,2025-12-26 20:32:00,Active,Imported from mountain_gardens_premium_import_final.csv,"2""",Plant,60.0,,129.99,60.0,129.99,,Mountain Gardens,2025-12-26,,,
PLA-76F3EFFC,Plant,Plant,Plant,Plant,each,34.99,Y,5,2025-12-26 20:32:00,2025-12-26 20:32:00,Active,Imported from mountain_gardens_premium_import_final.csv,"8""",Plant,9.95,,34.99,9.95,34.99,,Mountain Gardens,2025-12-26,,,
PLA-25AA854A,Plant,Plant,Plant,Plant,each,69.99,Y,5,2025-12-26 20:32:00,2025-12-26 20:32:00,Active,Imported from mountain_gardens_premium_import_final.csv,5 gal,Plant,28.8,,69.99,28.8,69.99,,Mountain Gardens,2025-12-26,,,
PLA-D41E2B48,Plant,Plant,Plant,Plant,each,49.99,Y,5,2025-12-26 20:32:00,2025-12-26 20:32:00,Active,Imported from mountain_gardens_premium_import_final.csv,"1""",Plant,17.65,,49.99,17.65,49.99,,Mountain Gardens,2025-12-26,,,
PLA-2251348C,Plant,Plant,Plant,Plant,each,139.99,Y,5,2025-12-26 20:32:00,2025-12-26 20:32:00,Active,Imported from mountain_gardens_premium_import_final.csv,15 gal,Plant,60.0,,139.99,60.0,139.99,,Mountain Gardens,2025-12-26,,,
PLA-8BF106D6,Plant,Plant,Plant,Plant,each,119.99,Y,5,2025-12-26 20:32:00,2025-12-26 20:32:00,Active,Imported from mountain_gardens_premium_import_final.csv,15 gal,Plant,53.0,,119.99,53.0,119.99,,Mountain Gardens,2025-12-26,,,
PLA-C2C98D1E,Plant,Plant,Plant,Plant,each,39.99,Y,5,2025-12-26 20:32:01,2025-12-26 20:32:01,Active,Imported from mountain_gardens_premium_import_final.csv,5 gal,Plant,17.5,,39.99,17.5,39.99,,Mountain Gardens,2025-12-26,,,
PLA-7FEECD7C,Plant,Plant,Plant,Plant,each,119.99,Y,5,2025-12-26 20:32:01,2025-12-26 20:32:01,Active,Imported from mountain_gardens_premium_import_final.csv,15 gal,Plant,17.0,,119.99,17.0,119.99,,Mountain Gardens,2025-12-26,,,
PLA-0EF2323D,Plant,Plant,Plant,Plant,each,179.99,Y,5,2025-12-26 20:32:01,2025-12-26 20:32:01,Active,Imported from mountain_gardens_premium_import_final.csv,20 gal,Plant,17.0,,179.99,17.0,179.99,,Mountain Gardens,2025-12-26,,,
PLA-3004383C,Plant,Plant,Plant,Plant,each,34.99,Y,5,2025-12-26 20:32:01,2025-12-26 20:32:01,Active,Imported from mountain_gardens_premium_import_final.csv,5 gal,Plant,14.0,,34.99,14.0,34.99,,Mountain Gardens,2025-12-26,,,
PLA-62D3732D,Plant,Plant,Plant,Plant,each,59.99,Y,5,2025-12-26 20:32:01,2025-12-26 20:32:01,Active,Imported from mountain_gardens_premium_import_final.csv,"1""",Plant,23.8,,59.99,23.8,59.99,,Mountain Gardens,2025-12-26,,,
PLA-A9004991,Plant,Plant,Plant,Plant,each,34.99,Y,5,2025-12-26 20:32:01,2025-12-26 20:32:01,Active,Imported from mountain_gardens_premium_import_final.csv,5 gal,Plant,14.0,,34.99,14.0,34.99,,Mountain Gardens,2025-12-26,,,
PLA-DB3754C3,Plant,Plant,Plant,Plant,each,59.99,Y,5,2025-12-26 20:32:01,2025-12-26 20:32:01,Active,Imported from mountain_gardens_premium_import_final.csv,"1""",Plant,19.3,,59.99,19.3,59.99,,Mountain Gardens,2025-12-26,,,
PLA-2B5066C8,Plant,Plant,Plant,Plant,each,34.99,Y,5,2025-12-26 20:32:01,2025-12-26 20:32:01,Active,Imported from mountain_gardens_premium_import_final.csv,5 gal,Plant,14.95,,34.99,14.95,34.99,,Mountain Gardens,2025-12-26,,,
PLA-C292F73A,Plant,Plant,Plant,Plant,each,39.99,Y,5,2025-12-26 20:32:01,2025-12-26 20:32:01,Active,Imported from mountain_gardens_premium_import_final.csv,5 gal,Plant,17.0,,39.99,17.0,39.99,,Mountain Gardens,2025-12-26,,,
PLA-D4733A0A,plant,Plant,Plant,plant,each,14.99,Y,5,2025-12-26 20:32:01,2025-12-26 20:32:01,Active,Imported from mountain_gardens_premium_import_final.csv,1 gal,plant,4.75,,14.99,4.75,14.99,,Mountain Gardens,2025-12-26,,,
PLA-A7A74B28,plant,Plant,Plant,plant,each,39.99,Y,5,2025-12-26 20:32:01,2025-12-26 20:32:01,Active,Imported from mountain_gardens_premium_import_final.csv,,plant,15.88,,39.99,15.88,39.99,,Mountain Gardens,2025-12-26,,,
PLA-9C6BFCF1,Plant,Plant,Plant,Plant,each,34.99,Y,5,2025-12-26 20:32:01,2025-12-26 20:32:01,Active,Imported from mountain_gardens_premium_import_final.csv,5 gal,Plant,13.95,,34.99,13.95,34.99,,Mountain Gardens,2025-12-26,,,
PLA-E4467318,Plant,Plant,Plant,Plant,each,9.99,Y,5,2025-12-26 20:32:01,2025-12-26 20:32:01,Active,Imported from mountain_gardens_premium_import_final.csv,1 gal,Plant,3.95,,9.99,3.95,9.99,,Mountain Gardens,2025-12-26,,,
PLA-477E97DE,Plant,Plant,Plant,Plant,each,59.99,Y,5,2025-12-26 20:32:01,2025-12-26 20:32:01,Active,Imported from mountain_gardens_premium_import_final.csv,5 gal,Plant,24.0,,59.99,24.0,59.99,,Mountain Gardens,2025-12-26,,,
PLA-BC8350CB,Plant,Plant,Plant,Plant,each,10.99,Y,5,2025-12-26 20:32:01,2025-12-26 20:32:01,Active,Imported from mountain_gardens_premium_import_final.csv,,Plant,,,10.99,,10.99,,Mountain Gardens,2025-12-26,,,
PLA-6B53CD3C,Plant,Plant,Plant,Plant,each,44.99,Y,5,2025-12-26 20:32:01,2025-12-26 20:32:01,Active,Imported from mountain_gardens_premium_import_final.csv,5 gal,Plant,18.5,,44.99,18.5,44.99,,Mountain Gardens,2025-12-26,,,
PLA-FAE87204,Plant,Plant,Plant,Plant,each,19.99,Y,5,2025-12-26 20:32:01,2025-12-26 20:32:01,Active,Imported from mountain_gardens_premium_import_final.csv,1 gal,Plant,,,19.99,,19.99,,Mountain Gardens,2025-12-26,,,
PLA-32B8F075,Plant,Plant,Plant,Plant,each,44.99,Y,5,2025-12-26 20:32:01,2025-12-26 20:32:01,Active,Imported from mountain_gardens_premium_import_final.csv,5 gal,Plant,18.95,,44.99,18.95,44.99,,Mountain Gardens,2025-12-26,,,
PLA-F6ED8BC0,Plant,Plant,Plant,Plant,each,44.99,Y,5,2025-12-26 20:32:01,2025-12-26 20:32:01,Active,Imported from mountain_gardens_premium_import_final.csv,5 gal,Plant,18.5,,44.99,18.5,44.99,,Mountain Gardens,2025-12-26,,,
PLA-2A94B10F,Plant,Plant,Plant,Plant,each,44.99,Y,5,2025-12-26 20:32:01,2025-12-26 20:32:01,Active,Imported from mountain_gardens_premium_import_final.csv,5 gal,Plant,18.5,,44.99,18.5,44.99,,Mountain Gardens,2025-12-26,,,
PLA-580EABB6,Plant,Plant,Plant,Plant,each,39.99,Y,5,2025-12-26 20:32:01,2025-12-26 20:32:01,Active,Imported from mountain_gardens_premium_import_final.csv,5 gal,Plant,16.75,,39.99,16.75,39.99,,Mountain Gardens,2025-12-26,,,
PLA-6147CB01,Plant,Plant,Plant,Plant,each,59.99,Y,5,2025-12-26 20:32:01,2025-12-26 20:32:01,Active,Imported from mountain_gardens_premium_import_final.csv,5 gal,Plant,24.0,,59.99,24.0,59.99,,Mountain Gardens,2025-12-26,,,
PLA-869EFAA5,Plant,Plant,Plant,Plant,each,44.99,Y,5,2025-12-26 20:32:01,2025-12-26 20:32:01,Active,Imported from mountain_gardens_premium_import_final.csv,5 gal,Plant,18.95,,44.99,18.95,44.99,,Mountain Gardens,2025-12-26,,,
PLA-6AC9C3F3,Plant,Plant,Plant,Plant,each,19.99,Y,5,2025-12-26 20:32:01,2025-12-26 20:32:01,Active,Imported from mountain_gardens_premium_import_final.csv,1 gal,Plant,,,19.99,,19.99,,Mountain Gardens,2025-12-26,,,
PLA-587F6270,Plant,Plant,Plant,Plant,each,9.99,Y,5,2025-12-26 20:32:01,2025-12-26 20:32:01,Active,Imported from mountain_gardens_premium_import_final.csv,,Plant,3.45,,9.99,3.45,9.99,,Mountain Gardens,2025-12-26,,,
PLA-BAB2A273,Plant,Plant,Plant,Plant,each,14.99,Y,5,2025-12-26 20:32:01,2025-12-26 20:32:01,Active,Imported from mountain_gardens_premium_import_final.csv,,Plant,5.02,,14.99,5.02,14.99,,Mountain Gardens,2025-12-26,,,
PLA-4347575E,Plant,Plant,Plant,Plant,each,9.99,Y,5,2025-12-26 20:32:01,2025-12-26 20:32:01,Active,Imported from mountain_gardens_premium_import_final.csv,,Plant,3.45,,9.99,3.45,9.99,,Mountain Gardens,2025-12-26,,,
PLA-21EE4DE4,Plant,Plant,Plant,Plant,each,24.99,Y,5,2025-12-26 20:32:01,2025-12-26 20:32:01,Active,Imported from mountain_gardens_premium_import_final.csv,,Plant,11.0,,24.99,11.0,24.99,,Mountain Gardens,2025-12-26,,,
PLA-BDEC8A11,Plant,Plant,Plant,Plant,each,9.99,Y,5,2025-12-26 20:32:01,2025-12-26 20:32:01,Active,Imported from mountain_gardens_premium_import_final.csv,1 gal,Plant,3.95,,9.99,3.95,9.99,,Mountain Gardens,2025-12-26,,,
PLA-DCDFFB20,Plant,Plant,Plant,Plant,each,9.99,Y,5,2025-12-26 20:32:01,2025-12-26 20:32:01,Active,Imported from mountain_gardens_premium_import_final.csv,1 gal,Plant,4.35,,9.99,4.35,9.99,,Mountain Gardens,2025-12-26,,,
PLA-D4C0DE6A,Plant,Plant,Plant,Plant,each,8.99,Y,5,2025-12-26 20:32:01,2025-12-26 20:32:01,Active,Imported from mountain_gardens_premium_import_final.csv,1 gal,Plant,3.1,,8.99,3.1,8.99,,Mountain Gardens,2025-12-26,,,
PLA-7F3B31C8,Plant,Plant,Plant,Plant,each,24.99,Y,5,2025-12-26 20:32:01,2025-12-26 20:32:01,Active,Imported from mountain_gardens_premium_import_final.csv,5 gal,Plant,10.5,,24.99,10.5,24.99,,Mountain Gardens,2025-12-26,,,
PLA-F5E336F6,Plant,Plant,Plant,Plant,each,14.99,Y,5,2025-12-26 20:32:01,2025-12-26 20:32:01,Active,Imported from mountain_gardens_premium_import_final.csv,1 gal,Plant,4.8,,14.99,4.8,14.99,,Mountain Gardens,2025-12-26,,,
PLA-8F9F6902,Plant,Plant,Plant,Plant,each,29.99,Y,5,2025-12-26 20:32:01,2025-12-26 20:32:01,Active,Imported from mountain_gardens_premium_import_final.csv,5 gal,Plant,12.5,,29.99,12.5,29.99,,Mountain Gardens,2025-12-26,,,
PLA-EA1FE046,Plant,Plant,Plant,Plant,each,29.99,Y,5,2025-12-26 20:32:01,2025-12-26 20:32:01,Active,Imported from mountain_gardens_premium_import_final.csv,2 gal,Plant,9.99,,29.99,9.99,29.99,,Mountain Gardens,2025-12-26,,,
PLA-88112111,Plant,Plant,Plant,Plant,each,29.99,Y,5,2025-12-26 20:32:01,2025-12-26 20:32:01,Active,Imported from mountain_gardens_premium_import_final.csv,5 gal,Plant,13.0,,29.99,13.0,29.99,,Mountain Gardens,2025-12-26,,,
PLA-EA4D53B8,Plant,Plant,Plant,Plant,each,39.99,Y,5,2025-12-26 20:32:01,2025-12-26 20:32:01,Active,Imported from mountain_gardens_premium_import_final.csv,"4""",Plant,13.2,,39.99,13.2,39.99,,Mountain Gardens,2025-12-26,,,
PLA-1D25DD18,Plant,Plant,Plant,Plant,each,89.99,Y,5,2025-12-26 20:32:01,2025-12-26 20:32:01,Active,Imported from mountain_gardens_premium_import_final.csv,15 gal,Plant,12.9,,89.99,12.9,89.99,,Mountain Gardens,2025-12-26,,,
PLA-C613EEC8,Plant,Plant,Plant,Plant,each,69.99,Y,5,2025-12-26 20:32:01,2025-12-26 20:32:01,Active,Imported from mountain_gardens_premium_import_final.csv,7 gal,Plant,,,69.99,,69.99,,Mountain Gardens,2025-12-26,,,
PLA-609379E4,Plant,Plant,Plant,Plant,each,59.99,Y,5,2025-12-26 20:32:01,2025-12-26 20:32:01,Active,Imported from mountain_gardens_premium_import_final.csv,5 gal,Plant,23.0,,59.99,23.0,59.99,,Mountain Gardens,2025-12-26,,,
PLA-A3DC9511,Plant,Plant,Plant,Plant,each,59.99,Y,5,2025-12-26 20:32:01,2025-12-26 20:32:01,Active,Imported from mountain_gardens_premium_import_final.csv,7 gal,Plant,,,59.99,,59.99,,Mountain Gardens,2025-12-26,,,
PLA-69DC6CD4,Plant,Plant,Plant,Plant,each,39.99,Y,5,2025-12-26 20:32:01,2025-12-26 20:32:01,Active,Imported from mountain_gardens_premium_import_final.csv,"8""",Plant,11.75,,39.99,11.75,39.99,,Mountain Gardens,2025-12-26,,,
PLA-848BE338,Plant,Plant,Plant,Plant,each,119.99,Y,5,2025-12-26 20:32:01,2025-12-26 20:32:01,Active,Imported from mountain_gardens_premium_import_final.csv,15 gal,Plant,52.5,,119.99,52.5,119.99,,Mountain Gardens,2025-12-26,,,
PLA-C676C6B9,Plant,Plant,Plant,Plant,each,69.99,Y,5,2025-12-26 20:32:01,2025-12-26 20:32:01,Active,Imported from mountain_gardens_premium_import_final.csv,5 gal,Plant,23.0,,69.99,23.0,69.99,,Mountain Gardens,2025-12-26,,,
PLA-B8213F75,Plant,Plant,Plant,Plant,each,119.99,Y,5,2025-12-26 20:32:01,2025-12-26 20:32:01,Active,Imported from mountain_gardens_premium_import_final.csv,7 gal,Plant,36.5,,119.99,36.5,119.99,,Mountain Gardens,2025-12-26,,,
PLA-3DA34A1A,Plant,Plant,Plant,Plant,each,79.99,Y,5,2025-12-26 20:32:01,2025-12-26 20:32:01,Active,Imported from mountain_gardens_premium_import_final.csv,15 gal,Plant,,,79.99,,79.99,,Mountain Gardens,2025-12-26,,,
PLA-2CD5AA94,Plant,Plant,Plant,Plant,each,89.99,Y,5,2025-12-26 20:32:01,2025-12-26 20:32:01,Active,Imported from mountain_gardens_premium_import_final.csv,15 gal,Plant,40.0,,89.99,40.0,89.99,,Mountain Gardens,2025-12-26,,,
PLA-CF8FFD24,Plant,Plant,Plant,Plant,each,79.99,Y,5,2025-12-26 20:32:01,2025-12-26 20:32:01,Active,Imported from mountain_gardens_premium_import_final.csv,15gal,Plant,36.85,,79.99,36.85,79.99,,Mountain Gardens,2025-12-26,,,
PLA-49870226,Plant,Plant,Plant,Plant,each,89.99,Y,5,2025-12-26 20:32:01,2025-12-26 20:32:01,Active,Imported from mountain_gardens_premium_import_final.csv,15 gal,Plant,40.0,,89.99,40.0,89.99,,Mountain Gardens,2025-12-26,,,
PLA-F1F73100,Plant,Plant,Plant,Plant,each,39.99,Y,5,2025-12-26 20:32:01,2025-12-26 20:32:01,Active,Imported from mountain_gardens_premium_import_final.csv,5 gal,Plant,16.2,,39.99,16.2,39.99,,Mountain Gardens,2025-12-26,,,
PLA-3E9DB4FE,Plant,Plant,Plant,Plant,each,34.99,Y,5,2025-12-26 20:32:01,2025-12-26 20:32:01,Active,Imported from mountain_gardens_premium_import_final.csv,5 gal,Plant,14.4,,34.99,14.4,34.99,,Mountain Gardens,2025-12-26,,,
PLA-9AE5B64F,Plant,Plant,Plant,Plant,each,44.99,Y,5,2025-12-26 20:32:01,2025-12-26 20:32:01,Active,Imported from mountain_gardens_premium_import_final.csv,5 gal,Plant,18.9,,44.99,18.9,44.99,,Mountain Gardens,2025-12-26,,,
PLA-38025E16,Plant,Plant,Plant,Plant,each,59.99,Y,5,2025-12-26 20:32:01,2025-12-26 20:32:01,Active,Imported from mountain_gardens_premium_import_final.csv,7 gal,Plant,13.0,,59.99,13.0,59.99,,Mountain Gardens,2025-12-26,,,
PLA-83A51EA7,Plant,Plant,Plant,Plant,each,39.99,Y,5,2025-12-26 20:32:02,2025-12-26 20:32:02,Active,Imported from mountain_gardens_premium_import_final.csv,5 gal,Plant,14.4,,39.99,14.4,39.99,,Mountain Gardens,2025-12-26,,,
PLA-7F8A122B,Plant,Plant,Plant,Plant,each,29.99,Y,5,2025-12-26 20:32:02,2025-12-26 20:32:02,Active,Imported from mountain_gardens_premium_import_final.csv,5 gal,Plant,12.95,,29.99,12.95,29.99,,Mountain Gardens,2025-12-26,,,
PLA-0C51F29D,Plant,Plant,Plant,Plant,each,25.99,Y,5,2025-12-26 20:32:02,2025-12-26 20:32:02,Active,Imported from mountain_gardens_premium_import_final.csv,5 gal,Plant,,,25.99,,25.99,,Mountain Gardens,2025-12-26,,,
PLA-5F962DFC,Plant,Plant,Plant,Plant,each,59.99,Y,5,2025-12-26 20:32:02,2025-12-26 20:32:02,Active,Imported from mountain_gardens_premium_import_final.csv,7 gal,Plant,,,59.99,,59.99,,Mountain Gardens,2025-12-26,,,
PLA-68CC934C,Plant,Plant,Plant,Plant,each,59.99,Y,5,2025-12-26 20:32:02,2025-12-26 20:32:02,Active,Imported from mountain_gardens_premium_import_final.csv,7 gal,Plant,,,59.99,,59.99,,Mountain Gardens,2025-12-26,,,
PLA-D3EFE02F,Plant,Plant,Plant,Plant,each,99.99,Y,5,2025-12-26 20:32:02,2025-12-26 20:32:02,Active,Imported from mountain_gardens_premium_import_final.csv,15gal,Plant,46.5,,99.99,46.5,99.99,,Mountain Gardens,2025-12-26,,,
PLA-8BDB5E60,Plant,Plant,Plant,Plant,each,39.99,Y,5,2025-12-26 20:32:02,2025-12-26 20:32:02,Active,Imported from mountain_gardens_premium_import_final.csv,5 gal,Plant,14.4,,39.99,14.4,39.99,,Mountain Gardens,2025-12-26,,,
PLA-9818C745,plant,Plant,Plant,plant,each,29.99,Y,5,2025-12-26 20:32:02,2025-12-26 20:32:02,Active,Imported from mountain_gardens_premium_import_final.csv,,plant,13.26,,29.99,13.26,29.99,,Mountain Gardens,2025-12-26,,,
PLA-FBB9872B,Plant,Plant,Plant,Plant,each,24.99,Y,5,2025-12-26 20:32:02,2025-12-26 20:32:02,Active,Imported from mountain_gardens_premium_import_final.csv,,Plant,8.95,,24.99,8.95,24.99,,Mountain Gardens,2025-12-26,,,
PLA-27D3195D,Plant,Plant,Plant,Plant,each,9.99,Y,5,2025-12-26 20:32:02,2025-12-26 20:32:02,Active,Imported from mountain_gardens_premium_import_final.csv,1 gal,Plant,4.25,,9.99,4.25,9.99,,Mountain Gardens,2025-12-26,,,
PLA-3AE51481,Plant,Plant,Plant,Plant,each,34.99,Y,5,2025-12-26 20:32:02,2025-12-26 20:32:02,Active,Imported from mountain_gardens_premium_import_final.csv,5 gal,Plant,14.0,,34.99,14.0,34.99,,Mountain Gardens,2025-12-26,,,
PLA-E8FEFD14,Plant,Plant,Plant,Plant,each,39.99,Y,5,2025-12-26 20:32:02,2025-12-26 20:32:02,Active,Imported from mountain_gardens_premium_import_final.csv,5 gal,Plant,15.95,,39.99,15.95,39.99,,Mountain Gardens,2025-12-26,,,
PLA-031798DF,Plant,Plant,Plant,Plant,each,49.99,Y,5,2025-12-26 20:32:02,2025-12-26 20:32:02,Active,Imported from mountain_gardens_premium_import_final.csv,5 gal,Plant,21.05,,49.99,21.05,49.99,,Mountain Gardens,2025-12-26,,,
PLA-70D66147,Plant,Plant,Plant,Plant,each,39.99,Y,5,2025-12-26 20:32:02,2025-12-26 20:32:02,Active,Imported from mountain_gardens_premium_import_final.csv,5 gal,Plant,16.95,,39.99,16.95,39.99,,Mountain Gardens,2025-12-26,,,
PLA-BB1B3BAA,Plant,Plant,Plant,Plant,each,119.99,Y,5,2025-12-26 20:32:02,2025-12-26 20:32:02,Active,Imported from mountain_gardens_premium_import_final.csv,15gal,Plant,53.0,,119.99,53.0,119.99,,Mountain Gardens,2025-12-26,,,
PLA-DEDC5ED2,Plant,Plant,Plant,Plant,each,39.99,Y,5,2025-12-26 20:32:02,2025-12-26 20:32:02,Active,Imported from mountain_gardens_premium_import_final.csv,,Plant,16.5,,39.99,16.5,39.99,,Mountain Gardens,2025-12-26,,,
PLA-5215EC76,Plant,Plant,Plant,Plant,each,49.99,Y,5,2025-12-26 20:32:02,2025-12-26 20:32:02,Active,Imported from mountain_gardens_premium_import_final.csv,"18""",Plant,20.2,,49.99,20.2,49.99,,Mountain Gardens,2025-12-26,,,
PLA-61170276,Plant,Plant,Plant,Plant,each,24.99,Y,5,2025-12-26 20:32:02,2025-12-26 20:32:02,Active,Imported from mountain_gardens_premium_import_final.csv,1 gal,Plant,10.0,,24.99,10.0,24.99,,Mountain Gardens,2025-12-26,,,
PLA-804340C7,Plant,Plant,Plant,Plant,each,89.99,Y,5,2025-12-26 20:32:02,2025-12-26 20:32:02,Active,Imported from mountain_gardens_premium_import_final.csv,20 gal,Plant,34.55,,89.99,34.55,89.99,,Mountain Gardens,2025-12-26,,,
PLA-E68B6A1A,plant,Plant,Plant,plant,each,44.99,Y,5,2025-12-26 20:32:02,2025-12-26 20:32:02,Active,Imported from mountain_gardens_premium_import_final.csv,2 gal,plant,19.25,,44.99,19.25,44.99,,Mountain Gardens,2025-12-26,,,
PLA-B5F17CB6,Plant,Plant,Plant,Plant,each,24.99,Y,5,2025-12-26 20:32:02,2025-12-26 20:32:02,Active,Imported from mountain_gardens_premium_import_final.csv,5 gal,Plant,8.25,,24.99,8.25,24.99,,Mountain Gardens,2025-12-26,,,
PLA-0D08A1BE,Plant,Plant,Plant,Plant,each,34.99,Y,5,2025-12-26 20:32:02,2025-12-26 20:32:02,Active,Imported from mountain_gardens_premium_import_final.csv,5 gal,Plant,14.95,,34.99,14.95,34.99,,Mountain Gardens,2025-12-26,,,
PLA-6B310D38,plant,Plant,Plant,plant,each,3.99,Y,5,2025-12-26 20:32:02,2025-12-26 20:32:02,Active,Imported from mountain_gardens_premium_import_final.csv,,plant,1.25,,3.99,1.25,3.99,,Mountain Gardens,2025-12-26,,,
PLA-0D99E915,Plant,Plant,Plant,Plant,each,14.99,Y,5,2025-12-26 20:32:02,2025-12-26 20:32:02,Active,Imported from mountain_gardens_premium_import_final.csv,1 gal,Plant,5.1,,14.99,5.1,14.99,,Mountain Gardens,2025-12-26,,,
PLA-EB2ECD58,Plant,Plant,Plant,Plant,each,24.99,Y,5,2025-12-26 20:32:02,2025-12-26 20:32:02,Active,Imported from mountain_gardens_premium_import_final.csv,2 gal,Plant,8.75,,24.99,8.75,24.99,,Mountain Gardens,2025-12-26,,,
PLA-BE0B1FA8,Plant,Plant,Plant,Plant,each,14.99,Y,5,2025-12-26 20:32:02,2025-12-26 20:32:02,Active,Imported from mountain_gardens_premium_import_final.csv,1 gal,Plant,5.0,,14.99,5.0,14.99,,Mountain Gardens,2025-12-26,,,
PLA-CCEADC0A,Plant,Plant,Plant,Plant,each,9.99,Y,5,2025-12-26 20:32:02,2025-12-26 20:32:02,Active,Imported from mountain_gardens_premium_import_final.csv,1 gal,Plant,4.29,,9.99,4.29,9.99,,Mountain Gardens,2025-12-26,,,
PLA-787D7D27,Plant,Plant,Plant,Plant,each,99.99,Y,5,2025-12-26 20:32:02,2025-12-26 20:32:02,Active,Imported from mountain_gardens_premium_import_final.csv,15gal,Plant,11.0,,99.99,11.0,99.99,,Mountain Gardens,2025-12-26,,,
PLA-81A39C53,Plant,Plant,Plant,Plant,each,9.99,Y,5,2025-12-26 20:32:02,2025-12-26 20:32:02,Active,Imported from mountain_gardens_premium_import_final.csv,1 gal,Plant,3.65,,9.99,3.65,9.99,,Mountain Gardens,2025-12-26,,,
PLA-80A81616,Plant,Plant,Plant,Plant,each,39.99,Y,5,2025-12-26 20:32:02,2025-12-26 20:32:02,Active,Imported from mountain_gardens_premium_import_final.csv,5 gal,Plant,17.5,,39.99,17.5,39.99,,Mountain Gardens,2025-12-26,,,
PLA-8D437B2D,Plant,Plant,Plant,Plant,each,19.99,Y,5,2025-12-26 20:32:02,2025-12-26 20:32:02,Active,Imported from mountain_gardens_premium_import_final.csv,1 gal,Plant,6.45,,19.99,6.45,19.99,,Mountain Gardens,2025-12-26,,,
PLA-6C973D1F,Plant,Plant,Plant,Plant,each,109.99,Y,5,2025-12-26 20:32:02,2025-12-26 20:32:02,Active,Imported from mountain_gardens_premium_import_final.csv,,Plant,50.0,,109.99,50.0,109.99,,Mountain Gardens,2025-12-26,,,
PLA-893425B6,plant,Plant,Plant,plant,each,79.99,Y,5,2025-12-26 20:32:02,2025-12-26 20:32:02,Active,Imported from mountain_gardens_premium_import_final.csv,,plant,30.34,,79.99,30.34,79.99,,Mountain Gardens,2025-12-26,,,
PLA-6DC1DAAB,plant,Plant,Plant,plant,each,159.99,Y,5,2025-12-26 20:32:02,2025-12-26 20:32:02,Active,Imported from mountain_gardens_premium_import_final.csv,,plant,39.0,,159.99,39.0,159.99,,Mountain Gardens,2025-12-26,,,
PLA-57F3EFB7,Plant,Plant,Plant,Plant,each,14.99,Y,5,2025-12-26 20:32:02,2025-12-26 20:32:02,Active,Imported from mountain_gardens_premium_import_final.csv,1 gal,Plant,4.95,,14.99,4.95,14.99,,Mountain Gardens,2025-12-26,,,
PLA-E44BB06A,Plant,Plant,Plant,Plant,each,14.99,Y,5,2025-12-26 20:32:02,2025-12-26 20:32:02,Active,Imported from mountain_gardens_premium_import_final.csv,1 gal,Plant,4.7,,14.99,4.7,14.99,,Mountain Gardens,2025-12-26,,,
PLA-551CE343,Plant,Plant,Plant,Plant,each,14.99,Y,5,2025-12-26 20:32:02,2025-12-26 20:32:02,Active,Imported from mountain_gardens_premium_import_final.csv,1 gal,Plant,5.09,,14.99,5.09,14.99,,Mountain Gardens,2025-12-26,,,
PLA-CC20DE03,Plant,Plant,Plant,Plant,each,14.99,Y,5,2025-12-26 20:32:02,2025-12-26 20:32:02,Active,Imported from mountain_gardens_premium_import_final.csv,1 gal,Plant,4.6,,14.99,4.6,14.99,,Mountain Gardens,2025-12-26,,,
PLA-EFA28820,Plant,Plant,Plant,Plant,each,9.99,Y,5,2025-12-26 20:32:02,2025-12-26 20:32:02,Active,Imported from mountain_gardens_premium_import_final.csv,1 gal,Plant,3.75,,9.99,3.75,9.99,,Mountain Gardens,2025-12-26,,,
PLA-73513AA3,Plant,Plant,Plant,Plant,each,9.99,Y,5,2025-12-26 20:32:02,2025-12-26 20:32:02,Active,Imported from mountain_gardens_premium_import_final.csv,1 gal,Plant,4.45,,9.99,4.45,9.99,,Mountain Gardens,2025-12-26,,,
PLA-0B2C1B84,Plant,Plant,Plant,Plant,each,8.99,Y,5,2025-12-26 20:32:02,2025-12-26 20:32:02,Active,Imported from mountain_gardens_premium_import_final.csv,1 gal,Plant,,,8.99,,8.99,,Mountain Gardens,2025-12-26,,,
PLA-107D9DE8,Plant,Plant,Plant,Plant,each,29.99,Y,5,2025-12-26 20:32:02,2025-12-26 20:32:02,Active,Imported from mountain_gardens_premium_import_final.csv,5 gal,Plant,12.95,,29.99,12.95,29.99,,Mountain Gardens,2025-12-26,,,
PLA-5C6B5E22,Plant,Plant,Plant,Plant,each,14.99,Y,5,2025-12-26 20:32:02,2025-12-26 20:32:02,Active,Imported from mountain_gardens_premium_import_final.csv,1 gal,Plant,5.95,,14.99,5.95,14.99,,Mountain Gardens,2025-12-26,,,
PLA-319753B0,plant,Plant,Plant,plant,each,9.99,Y,5,2025-12-26 20:32:02,2025-12-26 20:32:02,Active,Imported from mountain_gardens_premium_import_final.csv,1 gal,plant,3.95,,9.99,3.95,9.99,,Mountain Gardens,2025-12-26,,,
PLA-E70DF4DA,plant,Plant,Plant,plant,each,9.99,Y,5,2025-12-26 20:32:02,2025-12-26 20:32:02,Active,Imported from mountain_gardens_premium_import_final.csv,1 gal,plant,3.95,,9.99,3.95,9.99,,Mountain Gardens,2025-12-26,,,
PLA-8A40E45A,plant,Plant,Plant,plant,each,24.99,Y,5,2025-12-26 20:32:02,2025-12-26 20:32:02,Active,Imported from mountain_gardens_premium_import_final.csv,,plant,9.0,,24.99,9.0,24.99,,Mountain Gardens,2025-12-26,,,
PLA-21FDF6A5,Plant,Plant,Plant,Plant,each,14.99,Y,5,2025-12-26 20:32:02,2025-12-26 20:32:02,Active,Imported from mountain_gardens_premium_import_final.csv,1 gal,Plant,4.6,,14.99,4.6,14.99,,Mountain Gardens,2025-12-26,,,
PLA-417BEB84,Plant,Plant,Plant,Plant,each,34.99,Y,5,2025-12-26 20:32:02,2025-12-26 20:32:02,Active,Imported from mountain_gardens_premium_import_final.csv,5 gal,Plant,10.85,,34.99,10.85,34.99,,Mountain Gardens,2025-12-26,,,
PLA-1A8F34C0,Plant,Plant,Plant,Plant,each,9.99,Y,5,2025-12-26 20:32:02,2025-12-26 20:32:02,Active,Imported from mountain_gardens_premium_import_final.csv,1 gal,Plant,3.8,,9.99,3.8,9.99,,Mountain Gardens,2025-12-26,,,
PLA-D350366C,Plant,Plant,Plant,Plant,each,25.99,Y,5,2025-12-26 20:32:02,2025-12-26 20:32:02,Active,Imported from mountain_gardens_premium_import_final.csv,5 gal,Plant,,,25.99,,25.99,,Mountain Gardens,2025-12-26,,,
PLA-3315E55D,Plant,Plant,Plant,Plant,each,9.99,Y,5,2025-12-26 20:32:02,2025-12-26 20:32:02,Active,Imported from mountain_gardens_premium_import_final.csv,1 gal,Plant,2.93,,9.99,2.93,9.99,,Mountain Gardens,2025-12-26,,,
PLA-04F36E16,Plant,Plant,Plant,Plant,each,24.99,Y,5,2025-12-26 20:32:02,2025-12-26 20:32:02,Active,Imported from mountain_gardens_premium_import_final.csv,5 gal,Plant,8.8,,24.99,8.8,24.99,,Mountain Gardens,2025-12-26,,,
PLA-063CE9F7,Plant,Plant,Plant,Plant,each,29.99,Y,5,2025-12-26 20:32:02,2025-12-26 20:32:02,Active,Imported from mountain_gardens_premium_import_final.csv,5 gal,Plant,12.5,,29.99,12.5,29.99,,Mountain Gardens,2025-12-26,,,
PLA-21BAC6D0,Plant,Plant,Plant,Plant,each,19.99,Y,5,2025-12-26 20:32:02,2025-12-26 20:32:02,Active,Imported from mountain_gardens_premium_import_final.csv,5 gal,Plant,7.95,,19.99,7.95,19.99,,Mountain Gardens,2025-12-26,,,
PLA-4F32E410,Plant,Plant,Plant,Plant,each,19.99,Y,5,2025-12-26 20:32:03,2025-12-26 20:32:03,Active,Imported from mountain_gardens_premium_import_final.csv,1 gal,Plant,7.4,,19.99,7.4,19.99,,Mountain Gardens,2025-12-26,,,
PLA-EF6E766D,Plant,Plant,Plant,Plant,each,14.99,Y,5,2025-12-26 20:32:03,2025-12-26 20:32:03,Active,Imported from mountain_gardens_premium_import_final.csv,1 gal,Plant,5.75,,14.99,5.75,14.99,,Mountain Gardens,2025-12-26,,,
PLA-0A9F3BEB,Plant,Plant,Plant,Plant,each,14.99,Y,5,2025-12-26 20:32:03,2025-12-26 20:32:03,Active,Imported from mountain_gardens_premium_import_final.csv,1 gal,Plant,5.35,,14.99,5.35,14.99,,Mountain Gardens,2025-12-26,,,
PLA-1D080A78,Plant,Plant,Plant,Plant,each,29.99,Y,5,2025-12-26 20:32:03,2025-12-26 20:32:03,Active,Imported from mountain_gardens_premium_import_final.csv,5 gal,Plant,13.1,,29.99,13.1,29.99,,Mountain Gardens,2025-12-26,,,
PLA-0817D925,Plant,Plant,Plant,Plant,each,14.99,Y,5,2025-12-26 20:32:03,2025-12-26 20:32:03,Active,Imported from mountain_gardens_premium_import_final.csv,1 gal,Plant,5.35,,14.99,5.35,14.99,,Mountain Gardens,2025-12-26,,,
PLA-0BB17AAA,Plant,Plant,Plant,Plant,each,19.99,Y,5,2025-12-26 20:32:03,2025-12-26 20:32:03,Active,Imported from mountain_gardens_premium_import_final.csv,2gal,Plant,6.5,,19.99,6.5,19.99,,Mountain Gardens,2025-12-26,,,
PLA-268CDD3A,Plant,Plant,Plant,Plant,each,29.99,Y,5,2025-12-26 20:32:03,2025-12-26 20:32:03,Active,Imported from mountain_gardens_premium_import_final.csv,2gal,Plant,9.99,,29.99,9.99,29.99,,Mountain Gardens,2025-12-26,,,
PLA-50484F0C,Plant,Plant,Plant,Plant,each,19.99,Y,5,2025-12-26 20:32:03,2025-12-26 20:32:03,Active,Imported from mountain_gardens_premium_import_final.csv,,Plant,6.25,,19.99,6.25,19.99,,Mountain Gardens,2025-12-26,,,
PLA-7BAEAF31,Plant,Plant,Plant,Plant,each,29.99,Y,5,2025-12-26 20:32:03,2025-12-26 20:32:03,Active,Imported from mountain_gardens_premium_import_final.csv,,Plant,11.6,,29.99,11.6,29.99,,Mountain Gardens,2025-12-26,,,
PLA-AE7E7DB4,Plant,Plant,Plant,Plant,each,39.99,Y,5,2025-12-26 20:32:03,2025-12-26 20:32:03,Active,Imported from mountain_gardens_premium_import_final.csv,,Plant,16.95,,39.99,16.95,39.99,,Mountain Gardens,2025-12-26,,,
PLA-880D916D,Plant,Plant,Plant,Plant,each,24.99,Y,5,2025-12-26 20:32:03,2025-12-26 20:32:03,Active,Imported from mountain_gardens_premium_import_final.csv,5 gal,Plant,10.5,,24.99,10.5,24.99,,Mountain Gardens,2025-12-26,,,
PLA-88FC812D,Plant,Plant,Plant,Plant,each,29.99,Y,5,2025-12-26 20:32:03,2025-12-26 20:32:03,Active,Imported from mountain_gardens_premium_import_final.csv,5 gal,Plant,13.5,,29.99,13.5,29.99,,Mountain Gardens,2025-12-26,,,
PLA-155167D5,Plant,Plant,Plant,Plant,each,9.99,Y,5,2025-12-26 20:32:03,2025-12-26 20:32:03,Active,Imported from mountain_gardens_premium_import_final.csv,1 gal,Plant,3.65,,9.99,3.65,9.99,,Mountain Gardens,2025-12-26,,,
PLA-84A0F8E6,Plant,Plant,Plant,Plant,each,29.99,Y,5,2025-12-26 20:32:03,2025-12-26 20:32:03,Active,Imported from mountain_gardens_premium_import_final.csv,5 gal,Plant,12.85,,29.99,12.85,29.99,,Mountain Gardens,2025-12-26,,,
PLA-BA78AD6D,Plant,Plant,Plant,Plant,each,14.99,Y,5,2025-12-26 20:32:03,2025-12-26 20:32:03,Active,Imported from mountain_gardens_premium_import_final.csv,1 gal,Plant,5.95,,14.99,5.95,14.99,,Mountain Gardens,2025-12-26,,,
PLA-D7095F78,Plant,Plant,Plant,Plant,each,9.99,Y,5,2025-12-26 20:32:03,2025-12-26 20:32:03,Active,Imported from mountain_gardens_premium_import_final.csv,1 gal,Plant,4.25,,9.99,4.25,9.99,,Mountain Gardens,2025-12-26,,,
PLA-F24EC2DB,Plant,Plant,Plant,Plant,each,9.99,Y,5,2025-12-26 20:32:03,2025-12-26 20:32:03,Active,Imported from mountain_gardens_premium_import_final.csv,1 gal,Plant,4.3,,9.99,4.3,9.99,,Mountain Gardens,2025-12-26,,,
PLA-D1DBA4AA,Plant,Plant,Plant,Plant,each,49.99,Y,5,2025-12-26 20:32:03,2025-12-26 20:32:03,Active,Imported from mountain_gardens_premium_import_final.csv,2 gal,Plant,13.95,,49.99,13.95,49.99,,Mountain Gardens,2025-12-26,,,
PLA-8C1625BD,Plant,Plant,Plant,Plant,each,269.99,Y,5,2025-12-26 20:32:03,2025-12-26 20:32:03,Active,Imported from mountain_gardens_premium_import_final.csv,25 gal,Plant,122.9,,269.99,122.9,269.99,,Mountain Gardens,2025-12-26,,,
PLA-6478C70E,Plant,Plant,Plant,Plant,each,14.99,Y,5,2025-12-26 20:32:03,2025-12-26 20:32:03,Active,Imported from mountain_gardens_premium_import_final.csv,1 gal,Plant,4.7,,14.99,4.7,14.99,,Mountain Gardens,2025-12-26,,,
PLA-1068B2D7,Plant,Plant,Plant,Plant,each,34.99,Y,5,2025-12-26 20:32:03,2025-12-26 20:32:03,Active,Imported from mountain_gardens_premium_import_final.csv,5 gal,Plant,13.0,,34.99,13.0,34.99,,Mountain Gardens,2025-12-26,,,
PLA-58502E95,Plant,Plant,Plant,Plant,each,34.99,Y,5,2025-12-26 20:32:03,2025-12-26 20:32:03,Active,Imported from mountain_gardens_premium_import_final.csv,5gal,Plant,15.0,,34.99,15.0,34.99,,Mountain Gardens,2025-12-26,,,
PLA-9B6359BF,Plant,Plant,Plant,Plant,each,32.99,Y,5,2025-12-26 20:32:03,2025-12-26 20:32:03,Active,Imported from mountain_gardens_premium_import_final.csv,5 gal,Plant,,,32.99,,32.99,,Mountain Gardens,2025-12-26,,,
PLA-809AB55C,Plant,Plant,Plant,Plant,each,39.99,Y,5,2025-12-26 20:32:03,2025-12-26 20:32:03,Active,Imported from mountain_gardens_premium_import_final.csv,5 gal,Plant,16.0,,39.99,16.0,39.99,,Mountain Gardens,2025-12-26,,,
PLA-360309B5,Plant,Plant,Plant,Plant,each,19.99,Y,5,2025-12-26 20:32:03,2025-12-26 20:32:03,Active,Imported from mountain_gardens_premium_import_final.csv,,Plant,7.09,,19.99,7.09,19.99,,Mountain Gardens,2025-12-26,,,
PLA-CE1E77CA,Plant,Plant,Plant,Plant,each,24.99,Y,5,2025-12-26 20:32:03,2025-12-26 20:32:03,Active,Imported from mountain_gardens_premium_import_final.csv,,Plant,9.1,,24.99,9.1,24.99,,Mountain Gardens,2025-12-26,,,
PLA-34F40A2E,Plant,Plant,Plant,Plant,each,34.99,Y,5,2025-12-26 20:32:03,2025-12-26 20:32:03,Active,Imported from mountain_gardens_premium_import_final.csv,,Plant,12.5,,34.99,12.5,34.99,,Mountain Gardens,2025-12-26,,,
PLA-EFA10894,Plant,Plant,Plant,Plant,each,79.99,Y,5,2025-12-26 20:32:03,2025-12-26 20:32:03,Active,Imported from mountain_gardens_premium_import_final.csv,15 gal,Plant,9.1,,79.99,9.1,79.99,,Mountain Gardens,2025-12-26,,,
PLA-087D55EE,Plant,Plant,Plant,Plant,each,59.99,Y,5,2025-12-26 20:32:03,2025-12-26 20:32:03,Active,Imported from mountain_gardens_premium_import_final.csv,,Plant,,,59.99,,59.99,,Mountain Gardens,2025-12-26,,,
PLA-FA118816,Plant,Plant,Plant,Plant,each,9.99,Y,5,2025-12-26 20:32:03,2025-12-26 20:32:03,Active,Imported from mountain_gardens_premium_import_final.csv,1 gal,Plant,4.2,,9.99,4.2,9.99,,Mountain Gardens,2025-12-26,,,
PLA-DFA68DEA,Plant,Plant,Plant,Plant,each,39.99,Y,5,2025-12-26 20:32:03,2025-12-26 20:32:03,Active,Imported from mountain_gardens_premium_import_final.csv,5 gal,Plant,16.0,,39.99,16.0,39.99,,Mountain Gardens,2025-12-26,,,
PLA-C604B397,Plant,Plant,Plant,Plant,each,19.99,Y,5,2025-12-26 20:32:03,2025-12-26 20:32:03,Active,Imported from mountain_gardens_premium_import_final.csv,,Plant,6.4,,19.99,6.4,19.99,,Mountain Gardens,2025-12-26,,,
PLA-378646E9,Plant,Plant,Plant,Plant,each,14.99,Y,5,2025-12-26 20:32:03,2025-12-26 20:32:03,Active,Imported from mountain_gardens_premium_import_final.csv,1 gal,Plant,4.9,,14.99,4.9,14.99,,Mountain Gardens,2025-12-26,,,
PLA-AD13F17D,Plant,Plant,Plant,Plant,each,29.99,Y,5,2025-12-26 20:32:03,2025-12-26 20:32:03,Active,Imported from mountain_gardens_premium_import_final.csv,2 gal,Plant,10.8,,29.99,10.8,29.99,,Mountain Gardens,2025-12-26,,,
PLA-6EC8B876,Plant,Plant,Plant,Plant,each,9.99,Y,5,2025-12-26 20:32:03,2025-12-26 20:32:03,Active,Imported from mountain_gardens_premium_import_final.csv,1 gal,Plant,3.75,,9.99,3.75,9.99,,Mountain Gardens,2025-12-26,,,
PLA-34E4CB51,Plant,Plant,Plant,Plant,each,29.99,Y,5,2025-12-26 20:32:03,2025-12-26 20:32:03,Active,Imported from mountain_gardens_premium_import_final.csv,2 gal,Plant,12.65,,29.99,12.65,29.99,,Mountain Gardens,2025-12-26,,,
PLA-7BDD47BB,Plant,Plant,Plant,Plant,each,9.99,Y,5,2025-12-26 20:32:03,2025-12-26 20:32:03,Active,Imported from mountain_gardens_premium_import_final.csv,,Plant,4.4,,9.99,4.4,9.99,,Mountain Gardens,2025-12-26,,,
PLA-D03F4C01,Plant,Plant,Plant,Plant,each,14.99,Y,5,2025-12-26 20:32:03,2025-12-26 20:32:03,Active,Imported from mountain_gardens_premium_import_final.csv,,Plant,4.39,,14.99,4.39,14.99,,Mountain Gardens,2025-12-26,,,
PLA-C42C8D59,Plant,Plant,Plant,Plant,each,8.99,Y,5,2025-12-26 20:32:03,2025-12-26 20:32:03,Active,Imported from mountain_gardens_premium_import_final.csv,,Plant,3.28,,8.99,3.28,8.99,,Mountain Gardens,2025-12-26,,,
PLA-C883E713,Plant,Plant,Plant,Plant,each,9.99,Y,5,2025-12-26 20:32:03,2025-12-26 20:32:03,Active,Imported from mountain_gardens_premium_import_final.csv,1 gal,Plant,3.75,,9.99,3.75,9.99,,Mountain Gardens,2025-12-26,,,
PLA-73F4B603,Plant,Plant,Plant,Plant,each,24.99,Y,5,2025-12-26 20:32:03,2025-12-26 20:32:03,Active,Imported from mountain_gardens_premium_import_final.csv,1 gal,Plant,8.95,,24.99,8.95,24.99,,Mountain Gardens,2025-12-26,,,
PLA-D377CFF3,Plant,Plant,Plant,Plant,each,29.99,Y,5,2025-12-26 20:32:03,2025-12-26 20:32:03,Active,Imported from mountain_gardens_premium_import_final.csv,2 gal,Plant,12.95,,29.99,12.95,29.99,,Mountain Gardens,2025-12-26,,,
PLA-07CB634A,Plant,Plant,Plant,Plant,each,24.99,Y,5,2025-12-26 20:32:03,2025-12-26 20:32:03,Active,Imported from mountain_gardens_premium_import_final.csv,1 gal,Plant,10.0,,24.99,10.0,24.99,,Mountain Gardens,2025-12-26,,,
PLA-DE4BD2F6,Plant,Plant,Plant,Plant,each,9.99,Y,5,2025-12-26 20:32:03,2025-12-26 20:32:03,Active,Imported from mountain_gardens_premium_import_final.csv,1 gal,Plant,4.25,,9.99,4.25,9.99,,Mountain Gardens,2025-12-26,,,
PLA-A76F0E67,Plant,Plant,Plant,Plant,each,9.99,Y,5,2025-12-26 20:32:03,2025-12-26 20:32:03,Active,Imported from mountain_gardens_premium_import_final.csv,1 gal,Plant,2.95,,9.99,2.95,9.99,,Mountain Gardens,2025-12-26,,,
PLA-9CE064A6,Plant,Plant,Plant,Plant,each,8.99,Y,5,2025-12-26 20:32:03,2025-12-26 20:32:03,Active,Imported from mountain_gardens_premium_import_final.csv,1 gal,Plant,3.04,,8.99,3.04,8.99,,Mountain Gardens,2025-12-26,,,
PLA-A288BA58,Plant,Plant,Plant,Plant,each,14.99,Y,5,2025-12-26 20:32:03,2025-12-26 20:32:03,Active,Imported from mountain_gardens_premium_import_final.csv,,Plant,4.86,,14.99,4.86,14.99,,Mountain Gardens,2025-12-26,,,
PLA-002BB348,Plant,Plant,Plant,Plant,each,369.99,Y,5,2025-12-26 20:32:03,2025-12-26 20:32:03,Active,Imported from mountain_gardens_premium_import_final.csv,"24""",Plant,175.0,,369.99,175.0,369.99,,Mountain Gardens,2025-12-26,,,
PLA-0C7340AF,Plant,Plant,Plant,Plant,each,9.99,Y,5,2025-12-26 20:32:03,2025-12-26 20:32:03,Active,Imported from mountain_gardens_premium_import_final.csv,,Plant,3.83,,9.99,3.83,9.99,,Mountain Gardens,2025-12-26,,,
PLA-980270A0,Plant,Plant,Plant,Plant,each,119.99,Y,5,2025-12-26 20:32:03,2025-12-26 20:32:03,Active,Imported from mountain_gardens_premium_import_final.csv,,Plant,45.3,,119.99,45.3,119.99,,Mountain Gardens,2025-12-26,,,
PLA-76D2B58C,Plant,Plant,Plant,Plant,each,59.99,Y,5,2025-12-26 20:32:03,2025-12-26 20:32:03,Active,Imported from mountain_gardens_premium_import_final.csv,5 gal,Plant,13.25,,59.99,13.25,59.99,,Mountain Gardens,2025-12-26,,,
PLA-4594389F,Plant,Plant,Plant,Plant,each,199.99,Y,5,2025-12-26 20:32:03,2025-12-26 20:32:03,Active,Imported from mountain_gardens_premium_import_final.csv,15gal,Plant,75.0,,199.99,75.0,199.99,,Mountain Gardens,2025-12-26,,,
PLA-1F745593,Plant,Plant,Plant,Plant,each,239.99,Y,5,2025-12-26 20:32:03,2025-12-26 20:32:03,Active,Imported from mountain_gardens_premium_import_final.csv,,Plant,,,239.99,,239.99,,Mountain Gardens,2025-12-26,,,
PLA-3FB80A2A,Plant,Plant,Plant,Plant,each,39.99,Y,5,2025-12-26 20:32:04,2025-12-26 20:32:04,Active,Imported from mountain_gardens_premium_import_final.csv,5 gal,Plant,15.95,,39.99,15.95,39.99,,Mountain Gardens,2025-12-26,,,
PLA-A82B1371,Plant,Plant,Plant,Plant,each,29.99,Y,5,2025-12-26 20:32:04,2025-12-26 20:32:04,Active,Imported from mountain_gardens_premium_import_final.csv,5 gal,Plant,10.0,,29.99,10.0,29.99,,Mountain Gardens,2025-12-26,,,
PLA-45335B53,Plant,Plant,Plant,Plant,each,7.99,Y,5,2025-12-26 20:32:04,2025-12-26 20:32:04,Active,Imported from mountain_gardens_premium_import_final.csv,#1,Plant,2.08,,7.99,2.08,7.99,,Mountain Gardens,2025-12-26,,,
PLA-79584E64,Plant,Plant,Plant,Plant,each,9.99,Y,5,2025-12-26 20:32:04,2025-12-26 20:32:04,Active,Imported from mountain_gardens_premium_import_final.csv,,Plant,4.0,,9.99,4.0,9.99,,Mountain Gardens,2025-12-26,,,
PLA-D64B3610,Plant,Plant,Plant,Plant,each,29.99,Y,5,2025-12-26 20:32:04,2025-12-26 20:32:04,Active,Imported from mountain_gardens_premium_import_final.csv,3 gal,Plant,11.25,,29.99,11.25,29.99,,Mountain Gardens,2025-12-26,,,
PLA-5964EDE6,Plant,Plant,Plant,Plant,each,44.99,Y,5,2025-12-26 20:32:04,2025-12-26 20:32:04,Active,Imported from mountain_gardens_premium_import_final.csv,5 gal,Plant,17.95,,44.99,17.95,44.99,,Mountain Gardens,2025-12-26,,,
PLA-10AE1917,Plant,Plant,Plant,Plant,each,9.99,Y,5,2025-12-26 20:32:04,2025-12-26 20:32:04,Active,Imported from mountain_gardens_premium_import_final.csv,,Plant,,,9.99,,9.99,,Mountain Gardens,2025-12-26,,,
PLA-9A3CD7D9,Plant,Plant,Plant,Plant,each,29.99,Y,5,2025-12-26 20:32:04,2025-12-26 20:32:04,Active,Imported from mountain_gardens_premium_import_final.csv,5 gal,Plant,,,29.99,,29.99,,Mountain Gardens,2025-12-26,,,
PLA-E3456864,Plant,Plant,Plant,Plant,each,49.99,Y,5,2025-12-26 20:32:04,2025-12-26 20:32:04,Active,Imported from mountain_gardens_premium_import_final.csv,5 gal,Plant,22.15,,49.99,22.15,49.99,,Mountain Gardens,2025-12-26,,,
PLA-E918F282,Plant,Plant,Plant,Plant,each,29.99,Y,5,2025-12-26 20:32:04,2025-12-26 20:32:04,Active,Imported from mountain_gardens_premium_import_final.csv,5 gal,Plant,,,29.99,,29.99,,Mountain Gardens,2025-12-26,,,
PLA-671DFD9D,Plant,Plant,Plant,Plant,each,9.99,Y,5,2025-12-26 20:32:04,2025-12-26 20:32:04,Active,Imported from mountain_gardens_premium_import_final.csv,#1,Plant,2.48,,9.99,2.48,9.99,,Mountain Gardens,2025-12-26,,,
PLA-8A20D45D,Plant,Plant,Plant,Plant,each,9.99,Y,5,2025-12-26 20:32:04,2025-12-26 20:32:04,Active,Imported from mountain_gardens_premium_import_final.csv,1 gal,Plant,4.2,,9.99,4.2,9.99,,Mountain Gardens,2025-12-26,,,
PLA-B363ABF7,Plant,Plant,Plant,Plant,each,14.99,Y,5,2025-12-26 20:32:04,2025-12-26 20:32:04,Active,Imported from mountain_gardens_premium_import_final.csv,1 gal,Plant,4.95,,14.99,4.95,14.99,,Mountain Gardens,2025-12-26,,,
PLA-85CE7550,Plant,Plant,Plant,Plant,each,19.99,Y,5,2025-12-26 20:32:04,2025-12-26 20:32:04,Active,Imported from mountain_gardens_premium_import_final.csv,1 gal,Plant,,,19.99,,19.99,,Mountain Gardens,2025-12-26,,,
PLA-FB07A4C9,Plant,Plant,Plant,Plant,each,14.99,Y,5,2025-12-26 20:32:04,2025-12-26 20:32:04,Active,Imported from mountain_gardens_premium_import_final.csv,1 gal,Plant,5.0,,14.99,5.0,14.99,,Mountain Gardens,2025-12-26,,,
PLA-56800126,Plant,Plant,Plant,Plant,each,14.99,Y,5,2025-12-26 20:32:04,2025-12-26 20:32:04,Active,Imported from mountain_gardens_premium_import_final.csv,1 gal,Plant,5.2,,14.99,5.2,14.99,,Mountain Gardens,2025-12-26,,,
PLA-F15336DE,Plant,Plant,Plant,Plant,each,34.99,Y,5,2025-12-26 20:32:04,2025-12-26 20:32:04,Active,Imported from mountain_gardens_premium_import_final.csv,5 gal,Plant,14.65,,34.99,14.65,34.99,,Mountain Gardens,2025-12-26,,,
PLA-091C3DD5,Plant,Plant,Plant,Plant,each,9.99,Y,5,2025-12-26 20:32:04,2025-12-26 20:32:04,Active,Imported from mountain_gardens_premium_import_final.csv,1 gal,Plant,3.15,,9.99,3.15,9.99,,Mountain Gardens,2025-12-26,,,
PLA-D08BA293,Plant,Plant,Plant,Plant,each,34.99,Y,5,2025-12-26 20:32:04,2025-12-26 20:32:04,Active,Imported from mountain_gardens_premium_import_final.csv,5 gal,Plant,14.95,,34.99,14.95,34.99,,Mountain Gardens,2025-12-26,,,
PLA-461A5928,Plant,Plant,Plant,Plant,each,14.99,Y,5,2025-12-26 20:32:04,2025-12-26 20:32:04,Active,Imported from mountain_gardens_premium_import_final.csv,1 gal,Plant,5.6,,14.99,5.6,14.99,,Mountain Gardens,2025-12-26,,,
PLA-2B242AEB,Plant,Plant,Plant,Plant,each,9.99,Y,5,2025-12-26 20:32:04,2025-12-26 20:32:04,Active,Imported from mountain_gardens_premium_import_final.csv,1 gal,Plant,4.0,,9.99,4.0,9.99,,Mountain Gardens,2025-12-26,,,
PLA-5C1D2C4E,Plant,Plant,Plant,Plant,each,29.99,Y,5,2025-12-26 20:32:04,2025-12-26 20:32:04,Active,Imported from mountain_gardens_premium_import_final.csv,5 gal,Plant,13.1,,29.99,13.1,29.99,,Mountain Gardens,2025-12-26,,,
PLA-E222394E,Plant,Plant,Plant,Plant,each,14.99,Y,5,2025-12-26 20:32:04,2025-12-26 20:32:04,Active,Imported from mountain_gardens_premium_import_final.csv,1 gal,Plant,6.15,,14.99,6.15,14.99,,Mountain Gardens,2025-12-26,,,
PLA-7F2D3E9D,Plant,Plant,Plant,Plant,each,34.99,Y,5,2025-12-26 20:32:04,2025-12-26 20:32:04,Active,Imported from mountain_gardens_premium_import_final.csv,5 gal,Plant,15.5,,34.99,15.5,34.99,,Mountain Gardens,2025-12-26,,,
PLA-C8B0CC5E,Plant,Plant,Plant,Plant,each,39.99,Y,5,2025-12-26 20:32:04,2025-12-26 20:32:04,Active,Imported from mountain_gardens_premium_import_final.csv,5 gal,Plant,16.0,,39.99,16.0,39.99,,Mountain Gardens,2025-12-26,,,
PLA-FE9047E9,Plant,Plant,Plant,Plant,each,14.99,Y,5,2025-12-26 20:32:04,2025-12-26 20:32:04,Active,Imported from mountain_gardens_premium_import_final.csv,1 gal,Plant,5.99,,14.99,5.99,14.99,,Mountain Gardens,2025-12-26,,,
PLA-1D3FAF34,Plant,Plant,Plant,Plant,each,14.99,Y,5,2025-12-26 20:32:04,2025-12-26 20:32:04,Active,Imported from mountain_gardens_premium_import_final.csv,1 gal,Plant,4.99,,14.99,4.99,14.99,,Mountain Gardens,2025-12-26,,,
PLA-637E2C05,Plant,Plant,Plant,Plant,each,34.99,Y,5,2025-12-26 20:32:04,2025-12-26 20:32:04,Active,Imported from mountain_gardens_premium_import_final.csv,5 gal,Plant,13.15,,34.99,13.15,34.99,,Mountain Gardens,2025-12-26,,,
PLA-0B7F19AF,Plant,Plant,Plant,Plant,each,14.99,Y,5,2025-12-26 20:32:04,2025-12-26 20:32:04,Active,Imported from mountain_gardens_premium_import_final.csv,1 gal,Plant,4.95,,14.99,4.95,14.99,,Mountain Gardens,2025-12-26,,,
PLA-B5966D4F,Plant,Plant,Plant,Plant,each,9.99,Y,5,2025-12-26 20:32:04,2025-12-26 20:32:04,Active,Imported from mountain_gardens_premium_import_final.csv,1 gal,Plant,4.25,,9.99,4.25,9.99,,Mountain Gardens,2025-12-26,,,
PLA-6B8E967B,Plant,Plant,Plant,Plant,each,9.99,Y,5,2025-12-26 20:32:04,2025-12-26 20:32:04,Active,Imported from mountain_gardens_premium_import_final.csv,1 gal,Plant,,,9.99,,9.99,,Mountain Gardens,2025-12-26,,,
PLA-D7AEEADF,Plant,Plant,Plant,Plant,each,9.99,Y,5,2025-12-26 20:32:04,2025-12-26 20:32:04,Active,Imported from mountain_gardens_premium_import_final.csv,,Plant,2.75,,9.99,2.75,9.99,,Mountain Gardens,2025-12-26,,,
PLA-CA196010,Plant,Plant,Plant,Plant,each,29.99,Y,5,2025-12-26 20:32:04,2025-12-26 20:32:04,Active,Imported from mountain_gardens_premium_import_final.csv,,Plant,,,29.99,,29.99,,Mountain Gardens,2025-12-26,,,
PLA-C7FC0ACB,Plant,Plant,Plant,Plant,each,39.99,Y,5,2025-12-26 20:32:04,2025-12-26 20:32:04,Active,Imported from mountain_gardens_premium_import_final.csv,,Plant,15.96,,39.99,15.96,39.99,,Mountain Gardens,2025-12-26,,,
PLA-5F2A32A2,plant,Plant,Plant,plant,each,29.99,Y,5,2025-12-26 20:32:04,2025-12-26 20:32:04,Active,Imported from mountain_gardens_premium_import_final.csv,5 gal,plant,13.1,,29.99,13.1,29.99,,Mountain Gardens,2025-12-26,,,
PLA-C0D63057,Plant,Plant,Plant,Plant,each,14.99,Y,5,2025-12-26 20:32:04,2025-12-26 20:32:04,Active,Imported from mountain_gardens_premium_import_final.csv,1 gal,Plant,4.95,,14.99,4.95,14.99,,Mountain Gardens,2025-12-26,,,
PLA-8CB8E8A1,Plant,Plant,Plant,Plant,each,9.99,Y,5,2025-12-26 20:32:04,2025-12-26 20:32:04,Active,Imported from mountain_gardens_premium_import_final.csv,,Plant,3.44,,9.99,3.44,9.99,,Mountain Gardens,2025-12-26,,,
PLA-D050CADB,Plant,Plant,Plant,Plant,each,39.99,Y,5,2025-12-26 20:32:04,2025-12-26 20:32:04,Active,Imported from mountain_gardens_premium_import_final.csv,6pk,Plant,16.24,,39.99,16.24,39.99,,Mountain Gardens,2025-12-26,,,
PLA-BEFFE34B,Plant,Plant,Plant,Plant,each,229.99,Y,5,2025-12-26 20:32:04,2025-12-26 20:32:04,Active,Imported from mountain_gardens_premium_import_final.csv,"20""",Plant,115.0,,229.99,115.0,229.99,,Mountain Gardens,2025-12-26,,,
PLA-F9F0EE0D,Plant,Plant,Plant,Plant,each,269.99,Y,5,2025-12-26 20:32:04,2025-12-26 20:32:04,Active,Imported from mountain_gardens_premium_import_final.csv,25 gal,Plant,103.0,,269.99,103.0,269.99,,Mountain Gardens,2025-12-26,,,
PLA-7CECA83C,Plant,Plant,Plant,Plant,each,179.99,Y,5,2025-12-26 20:32:04,2025-12-26 20:32:04,Active,Imported from mountain_gardens_premium_import_final.csv,15 gal,Plant,,,179.99,,179.99,,Mountain Gardens,2025-12-26,,,
PLA-3B4E4CE0,Plant,Plant,Plant,Plant,each,34.99,Y,5,2025-12-26 20:32:04,2025-12-26 20:32:04,Active,Imported from mountain_gardens_premium_import_final.csv,,Plant,15.5,,34.99,15.5,34.99,,Mountain Gardens,2025-12-26,,,
PLA-17430617,Plant,Plant,Plant,Plant,each,14.99,Y,5,2025-12-26 20:32:04,2025-12-26 20:32:04,Active,Imported from mountain_gardens_premium_import_final.csv,1 gal,Plant,4.95,,14.99,4.95,14.99,,Mountain Gardens,2025-12-26,,,
PLA-49C9D72C,Plant,Plant,Plant,Plant,each,9.99,Y,5,2025-12-26 20:32:04,2025-12-26 20:32:04,Active,Imported from mountain_gardens_premium_import_final.csv,1 gal,Plant,3.95,,9.99,3.95,9.99,,Mountain Gardens,2025-12-26,,,
PLA-D1E9B289,Plant,Plant,Plant,Plant,each,9.99,Y,5,2025-12-26 20:32:04,2025-12-26 20:32:04,Active,Imported from mountain_gardens_premium_import_final.csv,1 gal,Plant,3.95,,9.99,3.95,9.99,,Mountain Gardens,2025-12-26,,,
PLA-4021A047,Plant,Plant,Plant,Plant,each,9.99,Y,5,2025-12-26 20:32:04,2025-12-26 20:32:04,Active,Imported from mountain_gardens_premium_import_final.csv,1 gal,Plant,3.95,,9.99,3.95,9.99,,Mountain Gardens,2025-12-26,,,
PLA-D2182ED0,Plant,Plant,Plant,Plant,each,9.99,Y,5,2025-12-26 20:32:04,2025-12-26 20:32:04,Active,Imported from mountain_gardens_premium_import_final.csv,1 gal,Plant,3.65,,9.99,3.65,9.99,,Mountain Gardens,2025-12-26,,,
PLA-03BEAEB6,Plant,Plant,Plant,Plant,each,9.99,Y,5,2025-12-26 20:32:04,2025-12-26 20:32:04,Active,Imported from mountain_gardens_premium_import_final.csv,1 gal,Plant,3.95,,9.99,3.95,9.99,,Mountain Gardens,2025-12-26,,,
PLA-ABFF7542,Plant,Plant,Plant,Plant,each,9.99,Y,5,2025-12-26 20:32:04,2025-12-26 20:32:04,Active,Imported from mountain_gardens_premium_import_final.csv,1 gal,Plant,3.95,,9.99,3.95,9.99,,Mountain Gardens,2025-12-26,,,
PLA-4969F336,plant,Plant,Plant,plant,each,9.99,Y,5,2025-12-26 20:32:04,2025-12-26 20:32:04,Active,Imported from mountain_gardens_premium_import_final.csv,1 gal,plant,4.25,,9.99,4.25,9.99,,Mountain Gardens,2025-12-26,,,
PLA-26A14200,Plant,Plant,Plant,Plant,each,14.99,Y,5,2025-12-26 20:32:04,2025-12-26 20:32:04,Active,Imported from mountain_gardens_premium_import_final.csv,1 gal,Plant,5.45,,14.99,5.45,14.99,,Mountain Gardens,2025-12-26,,,
PLA-AE61B9C6,Plant,Plant,Plant,Plant,each,24.99,Y,5,2025-12-26 20:32:04,2025-12-26 20:32:04,Active,Imported from mountain_gardens_premium_import_final.csv,,Plant,9.2,,24.99,9.2,24.99,,Mountain Gardens,2025-12-26,,,
PLA-1532D303,Plant,Plant,Plant,Plant,each,14.99,Y,5,2025-12-26 20:32:04,2025-12-26 20:32:04,Active,Imported from mountain_gardens_premium_import_final.csv,,Plant,,,14.99,,14.99,,Mountain Gardens,2025-12-26,,,
PLA-0F4B8855,Plant,Plant,Plant,Plant,each,19.99,Y,5,2025-12-26 20:32:05,2025-12-26 20:32:05,Active,Imported from mountain_gardens_premium_import_final.csv,1 gal,Plant,6.85,,19.99,6.85,19.99,,Mountain Gardens,2025-12-26,,,
PLA-15A54651,Plant,Plant,Plant,Plant,each,14.99,Y,5,2025-12-26 20:32:05,2025-12-26 20:32:05,Active,Imported from mountain_gardens_premium_import_final.csv,,Plant,4.83,,14.99,4.83,14.99,,Mountain Gardens,2025-12-26,,,
PLA-C0A67807,Plant,Plant,Plant,Plant,each,4.99,Y,5,2025-12-26 20:32:05,2025-12-26 20:32:05,Active,Imported from mountain_gardens_premium_import_final.csv,"4""",Plant,1.29,,4.99,1.29,4.99,,Mountain Gardens,2025-12-26,,,
PLA-9EB2D3EF,Plant,Plant,Plant,Plant,each,9.99,Y,5,2025-12-26 20:32:05,2025-12-26 20:32:05,Active,Imported from mountain_gardens_premium_import_final.csv,,Plant,2.79,,9.99,2.79,9.99,,Mountain Gardens,2025-12-26,,,
PLA-4B963F79,Plant,Plant,Plant,Plant,each,99.99,Y,5,2025-12-26 20:32:05,2025-12-26 20:32:05,Active,Imported from mountain_gardens_premium_import_final.csv,15 gal,Plant,50.0,,99.99,50.0,99.99,,Mountain Gardens,2025-12-26,,,
PLA-F285697C,plant,Plant,Plant,plant,each,34.99,Y,5,2025-12-26 20:32:05,2025-12-26 20:32:05,Active,Imported from mountain_gardens_premium_import_final.csv,5 gal,plant,14.65,,34.99,14.65,34.99,,Mountain Gardens,2025-12-26,,,
PLA-ABC8123E,Plant,Plant,Plant,Plant,each,9.99,Y,5,2025-12-26 20:32:05,2025-12-26 20:32:05,Active,Imported from mountain_gardens_premium_import_final.csv,1 gal,Plant,4.35,,9.99,4.35,9.99,,Mountain Gardens,2025-12-26,,,
PLA-749C7559,Plant,Plant,Plant,Plant,each,9.99,Y,5,2025-12-26 20:32:05,2025-12-26 20:32:05,Active,Imported from mountain_gardens_premium_import_final.csv,1 gal,Plant,3.95,,9.99,3.95,9.99,,Mountain Gardens,2025-12-26,,,
PLA-4A8237AB,Plant,Plant,Plant,Plant,each,14.99,Y,5,2025-12-26 20:32:05,2025-12-26 20:32:05,Active,Imported from mountain_gardens_premium_import_final.csv,1 gal,Plant,5.4,,14.99,5.4,14.99,,Mountain Gardens,2025-12-26,,,
PLA-A65E84D9,Plant,Plant,Plant,Plant,each,14.99,Y,5,2025-12-26 20:32:05,2025-12-26 20:32:05,Active,Imported from mountain_gardens_premium_import_final.csv,1 gal,Plant,4.95,,14.99,4.95,14.99,,Mountain Gardens,2025-12-26,,,
PLA-13EBEEF1,Plant,Plant,Plant,Plant,each,9.99,Y,5,2025-12-26 20:32:05,2025-12-26 20:32:05,Active,Imported from mountain_gardens_premium_import_final.csv,1 gal,Plant,3.95,,9.99,3.95,9.99,,Mountain Gardens,2025-12-26,,,
PLA-0EB52F4C,Plant,Plant,Plant,Plant,each,14.99,Y,5,2025-12-26 20:32:05,2025-12-26 20:32:05,Active,Imported from mountain_gardens_premium_import_final.csv,1 gal,Plant,5.8,,14.99,5.8,14.99,,Mountain Gardens,2025-12-26,,,
PLA-7CA11E78,Plant,Plant,Plant,Plant,each,9.99,Y,5,2025-12-26 20:32:05,2025-12-26 20:32:05,Active,Imported from mountain_gardens_premium_import_final.csv,1 gal,Plant,3.4,,9.99,3.4,9.99,,Mountain Gardens,2025-12-26,,,
PLA-9CC985D0,Plant,Plant,Plant,Plant,each,14.99,Y,5,2025-12-26 20:32:05,2025-12-26 20:32:05,Active,Imported from mountain_gardens_premium_import_final.csv,1 gal,Plant,6.05,,14.99,6.05,14.99,,Mountain Gardens,2025-12-26,,,
PLA-104EDD25,Plant,Plant,Plant,Plant,each,14.99,Y,5,2025-12-26 20:32:05,2025-12-26 20:32:05,Active,Imported from mountain_gardens_premium_import_final.csv,1 gal,Plant,4.75,,14.99,4.75,14.99,,Mountain Gardens,2025-12-26,,,
PLA-D9303E52,Plant,Plant,Plant,Plant,each,14.99,Y,5,2025-12-26 20:32:05,2025-12-26 20:32:05,Active,Imported from mountain_gardens_premium_import_final.csv,1 gal,Plant,5.37,,14.99,5.37,14.99,,Mountain Gardens,2025-12-26,,,
PLA-6DD387B8,Plant,Plant,Plant,Plant,each,14.99,Y,5,2025-12-26 20:32:05,2025-12-26 20:32:05,Active,Imported from mountain_gardens_premium_import_final.csv,1 gal,Plant,5.75,,14.99,5.75,14.99,,Mountain Gardens,2025-12-26,,,
PLA-F9DC1F36,Plant,Plant,Plant,Plant,each,9.99,Y,5,2025-12-26 20:32:05,2025-12-26 20:32:05,Active,Imported from mountain_gardens_premium_import_final.csv,1 gal,Plant,3.0,,9.99,3.0,9.99,,Mountain Gardens,2025-12-26,,,
PLA-5FB85D03,Plant,Plant,Plant,Plant,each,14.99,Y,5,2025-12-26 20:32:05,2025-12-26 20:32:05,Active,Imported from mountain_gardens_premium_import_final.csv,1 gal,Plant,4.65,,14.99,4.65,14.99,,Mountain Gardens,2025-12-26,,,
PLA-3B133237,Plant,Plant,Plant,Plant,each,14.99,Y,5,2025-12-26 20:32:05,2025-12-26 20:32:05,Active,Imported from mountain_gardens_premium_import_final.csv,1 gal,Plant,6.2,,14.99,6.2,14.99,,Mountain Gardens,2025-12-26,,,
PLA-B1EEEB7A,Plant,Plant,Plant,Plant,each,14.99,Y,5,2025-12-26 20:32:05,2025-12-26 20:32:05,Active,Imported from mountain_gardens_premium_import_final.csv,1 gal,Plant,5.37,,14.99,5.37,14.99,,Mountain Gardens,2025-12-26,,,
PLA-1A8FB817,Plant,Plant,Plant,Plant,each,29.99,Y,5,2025-12-26 20:32:05,2025-12-26 20:32:05,Active,Imported from mountain_gardens_premium_import_final.csv,2 gal,Plant,,,29.99,,29.99,,Mountain Gardens,2025-12-26,,,
PLA-119E11AA,Plant,Plant,Plant,Plant,each,39.99,Y,5,2025-12-26 20:32:05,2025-12-26 20:32:05,Active,Imported from mountain_gardens_premium_import_final.csv,5 gal,Plant,17.0,,39.99,17.0,39.99,,Mountain Gardens,2025-12-26,,,
PLA-7C377F27,Plant,Plant,Plant,Plant,each,44.99,Y,5,2025-12-26 20:32:05,2025-12-26 20:32:05,Active,Imported from mountain_gardens_premium_import_final.csv,5 gal,Plant,18.0,,44.99,18.0,44.99,,Mountain Gardens,2025-12-26,,,
PLA-78FF45EA,Plant,Plant,Plant,Plant,each,49.99,Y,5,2025-12-26 20:32:05,2025-12-26 20:32:05,Active,Imported from mountain_gardens_premium_import_final.csv,5 gal,Plant,19.65,,49.99,19.65,49.99,,Mountain Gardens,2025-12-26,,,
PLA-C4ACA714,Plant,Plant,Plant,Plant,each,44.99,Y,5,2025-12-26 20:32:05,2025-12-26 20:32:05,Active,Imported from mountain_gardens_premium_import_final.csv,2 gal,Plant,17.3,,44.99,17.3,44.99,,Mountain Gardens,2025-12-26,,,
PLA-CE472FA9,Plant,Plant,Plant,Plant,each,39.99,Y,5,2025-12-26 20:32:05,2025-12-26 20:32:05,Active,Imported from mountain_gardens_premium_import_final.csv,3 gal,Plant,16.5,,39.99,16.5,39.99,,Mountain Gardens,2025-12-26,,,
PLA-CD8A0AC5,Plant,Plant,Plant,Plant,each,49.99,Y,5,2025-12-26 20:32:05,2025-12-26 20:32:05,Active,Imported from mountain_gardens_premium_import_final.csv,5 gal,Plant,19.65,,49.99,19.65,49.99,,Mountain Gardens,2025-12-26,,,
PLA-24189ECA,Plant,Plant,Plant,Plant,each,34.99,Y,5,2025-12-26 20:32:05,2025-12-26 20:32:05,Active,Imported from mountain_gardens_premium_import_final.csv,3 gal,Plant,15.45,,34.99,15.45,34.99,,Mountain Gardens,2025-12-26,,,
PLA-F26B1B41,Plant,Plant,Plant,Plant,each,49.99,Y,5,2025-12-26 20:32:05,2025-12-26 20:32:05,Active,Imported from mountain_gardens_premium_import_final.csv,,Plant,17.5,,49.99,17.5,49.99,,Mountain Gardens,2025-12-26,,,
PLA-09A562AA,Plant,Plant,Plant,Plant,each,39.99,Y,5,2025-12-26 20:32:05,2025-12-26 20:32:05,Active,Imported from mountain_gardens_premium_import_final.csv,5 gal,Plant,11.25,,39.99,11.25,39.99,,Mountain Gardens,2025-12-26,,,
PLA-0135AE65,Plant,Plant,Plant,Plant,each,9.99,Y,5,2025-12-26 20:32:05,2025-12-26 20:32:05,Active,Imported from mountain_gardens_premium_import_final.csv,1 gal,Plant,4.15,,9.99,4.15,9.99,,Mountain Gardens,2025-12-26,,,
PLA-D910AFD9,Plant,Plant,Plant,Plant,each,9.99,Y,5,2025-12-26 20:32:05,2025-12-26 20:32:05,Active,Imported from mountain_gardens_premium_import_final.csv,1 gal,Plant,2.0,,9.99,2.0,9.99,,Mountain Gardens,2025-12-26,,,
PLA-4131A673,Plant,Plant,Plant,Plant,each,24.99,Y,5,2025-12-26 20:32:05,2025-12-26 20:32:05,Active,Imported from mountain_gardens_premium_import_final.csv,2 gal,Plant,10.55,,24.99,10.55,24.99,,Mountain Gardens,2025-12-26,,,
PLA-62D896E9,Plant,Plant,Plant,Plant,each,39.99,Y,5,2025-12-26 20:32:05,2025-12-26 20:32:05,Active,Imported from mountain_gardens_premium_import_final.csv,5gal,Plant,17.25,,39.99,17.25,39.99,,Mountain Gardens,2025-12-26,,,
PLA-8411BA5E,Plant,Plant,Plant,Plant,each,29.99,Y,5,2025-12-26 20:32:05,2025-12-26 20:32:05,Active,Imported from mountain_gardens_premium_import_final.csv,5 gal,Plant,11.5,,29.99,11.5,29.99,,Mountain Gardens,2025-12-26,,,
PLA-7729709D,Plant,Plant,Plant,Plant,each,29.99,Y,5,2025-12-26 20:32:05,2025-12-26 20:32:05,Active,Imported from mountain_gardens_premium_import_final.csv,2 gal,Plant,8.0,,29.99,8.0,29.99,,Mountain Gardens,2025-12-26,,,
PLA-12FE9BC9,Plant,Plant,Plant,Plant,each,44.99,Y,5,2025-12-26 20:32:05,2025-12-26 20:32:05,Active,Imported from mountain_gardens_premium_import_final.csv,5 gal,Plant,19.5,,44.99,19.5,44.99,,Mountain Gardens,2025-12-26,,,
PLA-1BE835F9,Plant,Plant,Plant,Plant,each,49.99,Y,5,2025-12-26 20:32:05,2025-12-26 20:32:05,Active,Imported from mountain_gardens_premium_import_final.csv,6gal,Plant,22.5,,49.99,22.5,49.99,,Mountain Gardens,2025-12-26,,,
PLA-D82DB5E5,Plant,Plant,Plant,Plant,each,129.99,Y,5,2025-12-26 20:32:05,2025-12-26 20:32:05,Active,Imported from mountain_gardens_premium_import_final.csv,15 gal,Plant,49.0,,129.99,49.0,129.99,,Mountain Gardens,2025-12-26,,,
PLA-E4CB62C0,Plant,Plant,Plant,Plant,each,24.99,Y,5,2025-12-26 20:32:05,2025-12-26 20:32:05,Active,Imported from mountain_gardens_premium_import_final.csv,5 gal,Plant,10.0,,24.99,10.0,24.99,,Mountain Gardens,2025-12-26,,,
PLA-0EAB5B88,Plant,Plant,Plant,Plant,each,39.99,Y,5,2025-12-26 20:32:05,2025-12-26 20:32:05,Active,Imported from mountain_gardens_premium_import_final.csv,5 gal,Plant,16.5,,39.99,16.5,39.99,,Mountain Gardens,2025-12-26,,,
PLA-7AB31D4F,Plant,Plant,Plant,Plant,each,2.99,Y,5,2025-12-26 20:32:05,2025-12-26 20:32:05,Active,Imported from mountain_gardens_premium_import_final.csv,,Plant,0.92,,2.99,0.92,2.99,,Mountain Gardens,2025-12-26,,,
PLA-72AE804F,Plant,Plant,Plant,Plant,each,9.99,Y,5,2025-12-26 20:32:05,2025-12-26 20:32:05,Active,Imported from mountain_gardens_premium_import_final.csv,1 gal,Plant,3.8,,9.99,3.8,9.99,,Mountain Gardens,2025-12-26,,,
PLA-6332707B,Plant,Plant,Plant,Plant,each,14.99,Y,5,2025-12-26 20:32:05,2025-12-26 20:32:05,Active,Imported from mountain_gardens_premium_import_final.csv,1 gal,Plant,4.95,,14.99,4.95,14.99,,Mountain Gardens,2025-12-26,,,
PLA-A96276AA,Plant,Plant,Plant,Plant,each,14.99,Y,5,2025-12-26 20:32:05,2025-12-26 20:32:05,Active,Imported from mountain_gardens_premium_import_final.csv,1 gal,Plant,4.5,,14.99,4.5,14.99,,Mountain Gardens,2025-12-26,,,
PLA-518B4E1E,Plant,Plant,Plant,Plant,each,9.99,Y,5,2025-12-26 20:32:05,2025-12-26 20:32:05,Active,Imported from mountain_gardens_premium_import_final.csv,1 gal,Plant,3.8,,9.99,3.8,9.99,,Mountain Gardens,2025-12-26,,,
PLA-9F751863,Plant,Plant,Plant,Plant,each,14.99,Y,5,2025-12-26 20:32:05,2025-12-26 20:32:05,Active,Imported from mountain_gardens_premium_import_final.csv,1 gal,Plant,5.45,,14.99,5.45,14.99,,Mountain Gardens,2025-12-26,,,
PLA-3278D75D,Plant,Plant,Plant,Plant,each,39.99,Y,5,2025-12-26 20:32:05,2025-12-26 20:32:05,Active,Imported from mountain_gardens_premium_import_final.csv,,Plant,16.5,,39.99,16.5,39.99,,Mountain Gardens,2025-12-26,,,
PLA-64DC9AC8,Plant,Plant,Plant,Plant,each,49.99,Y,5,2025-12-26 20:32:05,2025-12-26 20:32:05,Active,Imported from mountain_gardens_premium_import_final.csv,2 gal,Plant,13.5,,49.99,13.5,49.99,,Mountain Gardens,2025-12-26,,,
PLA-3956CD5C,Plant,Plant,Plant,Plant,each,39.99,Y,5,2025-12-26 20:32:05,2025-12-26 20:32:05,Active,Imported from mountain_gardens_premium_import_final.csv,2 gal,Plant,5.95,,39.99,5.95,39.99,,Mountain Gardens,2025-12-26,,,
PLA-762EDB5E,Plant,Plant,Plant,Plant,each,39.99,Y,5,2025-12-26 20:32:05,2025-12-26 20:32:05,Active,Imported from mountain_gardens_premium_import_final.csv,2 gal,Plant,14.4,,39.99,14.4,39.99,,Mountain Gardens,2025-12-26,,,
PLA-2FF182D8,Plant,Plant,Plant,Plant,each,49.99,Y,5,2025-12-26 20:32:05,2025-12-26 20:32:05,Active,Imported from mountain_gardens_premium_import_final.csv,5 gal,Plant,19.95,,49.99,19.95,49.99,,Mountain Gardens,2025-12-26,,,
PLA-18AFBAE4,Plant,Plant,Plant,Plant,each,44.99,Y,5,2025-12-26 20:32:05,2025-12-26 20:32:05,Active,Imported from mountain_gardens_premium_import_final.csv,5 gal,Plant,18.35,,44.99,18.35,44.99,,Mountain Gardens,2025-12-26,,,
PLA-69F5F40C,Plant,Plant,Plant,Plant,each,39.99,Y,5,2025-12-26 20:32:05,2025-12-26 20:32:05,Active,Imported from mountain_gardens_premium_import_final.csv,5 gal,Plant,16.99,,39.99,16.99,39.99,,Mountain Gardens,2025-12-26,,,
PLA-7D4A6EB7,Plant,Plant,Plant,Plant,each,9.99,Y,5,2025-12-26 20:32:05,2025-12-26 20:32:05,Active,Imported from mountain_gardens_premium_import_final.csv,1 gal,Plant,3.75,,9.99,3.75,9.99,,Mountain Gardens,2025-12-26,,,
PLA-CB8F89C5,Plant,Plant,Plant,Plant,each,39.99,Y,5,2025-12-26 20:32:05,2025-12-26 20:32:05,Active,Imported from mountain_gardens_premium_import_final.csv,3 gal,Plant,16.5,,39.99,16.5,39.99,,Mountain Gardens,2025-12-26,,,
PLA-EED51834,Plant,Plant,Plant,Plant,each,24.99,Y,5,2025-12-26 20:32:06,2025-12-26 20:32:06,Active,Imported from mountain_gardens_premium_import_final.csv,2 gal,Plant,9.5,,24.99,9.5,24.99,,Mountain Gardens,2025-12-26,,,
PLA-D6C74DB7,Plant,Plant,Plant,Plant,each,19.99,Y,5,2025-12-26 20:32:06,2025-12-26 20:32:06,Active,Imported from mountain_gardens_premium_import_final.csv,,Plant,7.0,,19.99,7.0,19.99,,Mountain Gardens,2025-12-26,,,
PLA-149077C7,Plant,Plant,Plant,Plant,each,199.99,Y,5,2025-12-26 20:32:06,2025-12-26 20:32:06,Active,Imported from mountain_gardens_premium_import_final.csv,15 gal,Plant,88.0,,199.99,88.0,199.99,,Mountain Gardens,2025-12-26,,,
PLA-9FDF1FEA,Plant,Plant,Plant,Plant,each,14.99,Y,5,2025-12-26 20:32:06,2025-12-26 20:32:06,Active,Imported from mountain_gardens_premium_import_final.csv,1 gal,Plant,4.35,,14.99,4.35,14.99,,Mountain Gardens,2025-12-26,,,
PLA-A190E8AD,Plant,Plant,Plant,Plant,each,49.99,Y,5,2025-12-26 20:32:06,2025-12-26 20:32:06,Active,Imported from mountain_gardens_premium_import_final.csv,5 gal,Plant,20.0,,49.99,20.0,49.99,,Mountain Gardens,2025-12-26,,,
PLA-8AE20F43,Plant,Plant,Plant,Plant,each,9.99,Y,5,2025-12-26 20:32:06,2025-12-26 20:32:06,Active,Imported from mountain_gardens_premium_import_final.csv,1 gal,Plant,4.35,,9.99,4.35,9.99,,Mountain Gardens,2025-12-26,,,
PLA-F23D73B9,Plant,Plant,Plant,Plant,each,14.99,Y,5,2025-12-26 20:32:06,2025-12-26 20:32:06,Active,Imported from mountain_gardens_premium_import_final.csv,1 gal,Plant,5.45,,14.99,5.45,14.99,,Mountain Gardens,2025-12-26,,,
PLA-D3F55883,Plant,Plant,Plant,Plant,each,14.99,Y,5,2025-12-26 20:32:06,2025-12-26 20:32:06,Active,Imported from mountain_gardens_premium_import_final.csv,1 gal,Plant,4.75,,14.99,4.75,14.99,,Mountain Gardens,2025-12-26,,,
PLA-8E46ACE0,Plant,Plant,Plant,Plant,each,14.99,Y,5,2025-12-26 20:32:06,2025-12-26 20:32:06,Active,Imported from mountain_gardens_premium_import_final.csv,1 gal,Plant,4.95,,14.99,4.95,14.99,,Mountain Gardens,2025-12-26,,,
PLA-95477217,Plant,Plant,Plant,Plant,each,19.99,Y,5,2025-12-26 20:32:06,2025-12-26 20:32:06,Active,Imported from mountain_gardens_premium_import_final.csv,5 gal,Plant,7.5,,19.99,7.5,19.99,,Mountain Gardens,2025-12-26,,,
PLA-C917EE9F,Plant,Plant,Plant,Plant,each,59.99,Y,5,2025-12-26 20:32:06,2025-12-26 20:32:06,Active,Imported from mountain_gardens_premium_import_final.csv,7gal,Plant,30.0,,59.99,30.0,59.99,,Mountain Gardens,2025-12-26,,,
PLA-4982A108,Plant,Plant,Plant,Plant,each,34.99,Y,5,2025-12-26 20:32:06,2025-12-26 20:32:06,Active,Imported from mountain_gardens_premium_import_final.csv,2 gal,Plant,11.0,,34.99,11.0,34.99,,Mountain Gardens,2025-12-26,,,
PLA-6C478D74,Plant,Plant,Plant,Plant,each,169.99,Y,5,2025-12-26 20:32:06,2025-12-26 20:32:06,Active,Imported from mountain_gardens_premium_import_final.csv,15 gal,Plant,65.0,,169.99,65.0,169.99,,Mountain Gardens,2025-12-26,,,
PLA-F2841C81,Plant,Plant,Plant,Plant,each,14.99,Y,5,2025-12-26 20:32:06,2025-12-26 20:32:06,Active,Imported from mountain_gardens_premium_import_final.csv,1 gal,Plant,5.0,,14.99,5.0,14.99,,Mountain Gardens,2025-12-26,,,
PLA-DF1661BF,Plant,Plant,Plant,Plant,each,59.99,Y,5,2025-12-26 20:32:06,2025-12-26 20:32:06,Active,Imported from mountain_gardens_premium_import_final.csv,15 gal,Plant,32.0,,59.99,32.0,59.99,,Mountain Gardens,2025-12-26,,,
PLA-2C664CCB,Plant,Plant,Plant,Plant,each,69.99,Y,5,2025-12-26 20:32:06,2025-12-26 20:32:06,Active,Imported from mountain_gardens_premium_import_final.csv,,Plant,19.73,,69.99,19.73,69.99,,Mountain Gardens,2025-12-26,,,
PLA-B2AFED9D,Plant,Plant,Plant,Plant,each,44.99,Y,5,2025-12-26 20:32:06,2025-12-26 20:32:06,Active,Imported from mountain_gardens_premium_import_final.csv,5 gal,Plant,18.25,,44.99,18.25,44.99,,Mountain Gardens,2025-12-26,,,
PLA-3397B0F5,Plant,Plant,Plant,Plant,each,6.99,Y,5,2025-12-26 20:32:06,2025-12-26 20:32:06,Active,Imported from mountain_gardens_premium_import_final.csv,1gal,Plant,2.0,,6.99,2.0,6.99,,Mountain Gardens,2025-12-26,,,
PLA-727BF9EC,Plant,Plant,Plant,Plant,each,19.99,Y,5,2025-12-26 20:32:06,2025-12-26 20:32:06,Active,Imported from mountain_gardens_premium_import_final.csv,1 gal,Plant,6.25,,19.99,6.25,19.99,,Mountain Gardens,2025-12-26,,,
PLA-F7AB7413,Plant,Plant,Plant,Plant,each,14.99,Y,5,2025-12-26 20:32:06,2025-12-26 20:32:06,Active,Imported from mountain_gardens_premium_import_final.csv,1 gal,Plant,5.45,,14.99,5.45,14.99,,Mountain Gardens,2025-12-26,,,
PLA-AA35E063,Plant,Plant,Plant,Plant,each,9.99,Y,5,2025-12-26 20:32:06,2025-12-26 20:32:06,Active,Imported from mountain_gardens_premium_import_final.csv,1 gal,Plant,3.85,,9.99,3.85,9.99,,Mountain Gardens,2025-12-26,,,
PLA-0BC73DFA,Plant,Plant,Plant,Plant,each,24.99,Y,5,2025-12-26 20:32:06,2025-12-26 20:32:06,Active,Imported from mountain_gardens_premium_import_final.csv,5 gal,Plant,9.72,,24.99,9.72,24.99,,Mountain Gardens,2025-12-26,,,
PLA-B54E39F3,Plant,Plant,Plant,Plant,each,24.99,Y,5,2025-12-26 20:32:06,2025-12-26 20:32:06,Active,Imported from mountain_gardens_premium_import_final.csv,5 gal,Plant,8.97,,24.99,8.97,24.99,,Mountain Gardens,2025-12-26,,,
PLA-0294FD95,Plant,Plant,Plant,Plant,each,24.99,Y,5,2025-12-26 20:32:06,2025-12-26 20:32:06,Active,Imported from mountain_gardens_premium_import_final.csv,,Plant,5.5,,24.99,5.5,24.99,,Mountain Gardens,2025-12-26,,,
PLA-4E5E9430,Plant,Plant,Plant,Plant,each,34.99,Y,5,2025-12-26 20:32:06,2025-12-26 20:32:06,Active,Imported from mountain_gardens_premium_import_final.csv,5 gal,Plant,13.25,,34.99,13.25,34.99,,Mountain Gardens,2025-12-26,,,
PLA-FD88CB66,Plant,Plant,Plant,Plant,each,34.99,Y,5,2025-12-26 20:32:06,2025-12-26 20:32:06,Active,Imported from mountain_gardens_premium_import_final.csv,5 gal,Plant,15.0,,34.99,15.0,34.99,,Mountain Gardens,2025-12-26,,,
PLA-C2418F4D,Plant,Plant,Plant,Plant,each,14.99,Y,5,2025-12-26 20:32:06,2025-12-26 20:32:06,Active,Imported from mountain_gardens_premium_import_final.csv,1 gal,Plant,5.95,,14.99,5.95,14.99,,Mountain Gardens,2025-12-26,,,
PLA-850BFD6E,Plant,Plant,Plant,Plant,each,29.99,Y,5,2025-12-26 20:32:06,2025-12-26 20:32:06,Active,Imported from mountain_gardens_premium_import_final.csv,2 gal,Plant,12.25,,29.99,12.25,29.99,,Mountain Gardens,2025-12-26,,,
PLA-47A4CD0C,Plant,Plant,Plant,Plant,each,34.99,Y,5,2025-12-26 20:32:06,2025-12-26 20:32:06,Active,Imported from mountain_gardens_premium_import_final.csv,5 gal,Plant,15.0,,34.99,15.0,34.99,,Mountain Gardens,2025-12-26,,,
PLA-1269D43F,Plant,Plant,Plant,Plant,each,34.99,Y,5,2025-12-26 20:32:06,2025-12-26 20:32:06,Active,Imported from mountain_gardens_premium_import_final.csv,5 gal,Plant,13.75,,34.99,13.75,34.99,,Mountain Gardens,2025-12-26,,,
PLA-E22A98A7,Plant,Plant,Plant,Plant,each,9.99,Y,5,2025-12-26 20:32:06,2025-12-26 20:32:06,Active,Imported from mountain_gardens_premium_import_final.csv,1 gal,Plant,4.35,,9.99,4.35,9.99,,Mountain Gardens,2025-12-26,,,
PLA-E4C079A0,Plant,Plant,Plant,Plant,each,34.99,Y,5,2025-12-26 20:32:06,2025-12-26 20:32:06,Active,Imported from mountain_gardens_premium_import_final.csv,5 gal,Plant,15.0,,34.99,15.0,34.99,,Mountain Gardens,2025-12-26,,,
PLA-FEEBAF90,Plant,Plant,Plant,Plant,each,9.99,Y,5,2025-12-26 20:32:06,2025-12-26 20:32:06,Active,Imported from mountain_gardens_premium_import_final.csv,1 gal,Plant,3.95,,9.99,3.95,9.99,,Mountain Gardens,2025-12-26,,,
PLA-36CC8048,Plant,Plant,Plant,Plant,each,14.99,Y,5,2025-12-26 20:32:06,2025-12-26 20:32:06,Active,Imported from mountain_gardens_premium_import_final.csv,,Plant,3.75,,14.99,3.75,14.99,,Mountain Gardens,2025-12-26,,,
PLA-F04A68F4,Plant,Plant,Plant,Plant,each,29.99,Y,5,2025-12-26 20:32:06,2025-12-26 20:32:06,Active,Imported from mountain_gardens_premium_import_final.csv,5 gal,Plant,10.75,,29.99,10.75,29.99,,Mountain Gardens,2025-12-26,,,
PLA-8F398EC8,Plant,Plant,Plant,Plant,each,9.99,Y,5,2025-12-26 20:32:06,2025-12-26 20:32:06,Active,Imported from mountain_gardens_premium_import_final.csv,1 gal,Plant,2.95,,9.99,2.95,9.99,,Mountain Gardens,2025-12-26,,,
PLA-E4E24BA5,Plant,Plant,Plant,Plant,each,19.99,Y,5,2025-12-26 20:32:06,2025-12-26 20:32:06,Active,Imported from mountain_gardens_premium_import_final.csv,2 gal,Plant,7.6,,19.99,7.6,19.99,,Mountain Gardens,2025-12-26,,,
PLA-3B13688F,Plant,Plant,Plant,Plant,each,9.99,Y,5,2025-12-26 20:32:06,2025-12-26 20:32:06,Active,Imported from mountain_gardens_premium_import_final.csv,1 gal,Plant,2.85,,9.99,2.85,9.99,,Mountain Gardens,2025-12-26,,,
PLA-07007CA6,Plant,Plant,Plant,Plant,each,9.99,Y,5,2025-12-26 20:32:06,2025-12-26 20:32:06,Active,Imported from mountain_gardens_premium_import_final.csv,1 gal,Plant,4.2,,9.99,4.2,9.99,,Mountain Gardens,2025-12-26,,,
PLA-C75D814B,Plant,Plant,Plant,Plant,each,39.99,Y,5,2025-12-26 20:32:06,2025-12-26 20:32:06,Active,Imported from mountain_gardens_premium_import_final.csv,5 gal,Plant,15.75,,39.99,15.75,39.99,,Mountain Gardens,2025-12-26,,,
PLA-969901A7,Plant,Plant,Plant,Plant,each,79.99,Y,5,2025-12-26 20:32:06,2025-12-26 20:32:06,Active,Imported from mountain_gardens_premium_import_final.csv,15 gal,Plant,40.0,,79.99,40.0,79.99,,Mountain Gardens,2025-12-26,,,
PLA-45CC0B08,Plant,Plant,Plant,Plant,each,29.99,Y,5,2025-12-26 20:32:06,2025-12-26 20:32:06,Active,Imported from mountain_gardens_premium_import_final.csv,5 gal,Plant,12.56,,29.99,12.56,29.99,,Mountain Gardens,2025-12-26,,,
PLA-ED49BED3,Plant,Plant,Plant,Plant,each,19.99,Y,5,2025-12-26 20:32:06,2025-12-26 20:32:06,Active,Imported from mountain_gardens_premium_import_final.csv,1 gal,Plant,5.63,,19.99,5.63,19.99,,Mountain Gardens,2025-12-26,,,
PLA-0B518899,Plant,Plant,Plant,Plant,each,34.99,Y,5,2025-12-26 20:32:06,2025-12-26 20:32:06,Active,Imported from mountain_gardens_premium_import_final.csv,,Plant,12.65,,34.99,12.65,34.99,,Mountain Gardens,2025-12-26,,,
PLA-73E64172,Plant,Plant,Plant,Plant,each,29.99,Y,5,2025-12-26 20:32:06,2025-12-26 20:32:06,Active,Imported from mountain_gardens_premium_import_final.csv,1 gal,Plant,12.56,,29.99,12.56,29.99,,Mountain Gardens,2025-12-26,,,
PLA-D1D11FA6,Plant,Plant,Plant,Plant,each,34.99,Y,5,2025-12-26 20:32:06,2025-12-26 20:32:06,Active,Imported from mountain_gardens_premium_import_final.csv,,Plant,11.5,,34.99,11.5,34.99,,Mountain Gardens,2025-12-26,,,
PLA-68A0D280,Plant,Plant,Plant,Plant,each,14.99,Y,5,2025-12-26 20:32:06,2025-12-26 20:32:06,Active,Imported from mountain_gardens_premium_import_final.csv,1 gal,Plant,3.75,,14.99,3.75,14.99,,Mountain Gardens,2025-12-26,,,
PLA-0A4EA2DE,Plant,Plant,Plant,Plant,each,44.99,Y,5,2025-12-26 20:32:06,2025-12-26 20:32:06,Active,Imported from mountain_gardens_premium_import_final.csv,5 gal,Plant,8.25,,44.99,8.25,44.99,,Mountain Gardens,2025-12-26,,,
PLA-0713A5FF,Plant,Plant,Plant,Plant,each,49.99,Y,5,2025-12-26 20:32:06,2025-12-26 20:32:06,Active,Imported from mountain_gardens_premium_import_final.csv,5 gal,Plant,21.7,,49.99,21.7,49.99,,Mountain Gardens,2025-12-26,,,
PLA-4A1EC4D2,Plant,Plant,Plant,Plant,each,34.99,Y,5,2025-12-26 20:32:06,2025-12-26 20:32:06,Active,Imported from mountain_gardens_premium_import_final.csv,2 gal,Plant,14.0,,34.99,14.0,34.99,,Mountain Gardens,2025-12-26,,,
PLA-38BF6369,Plant,Plant,Plant,Plant,each,44.99,Y,5,2025-12-26 20:32:06,2025-12-26 20:32:06,Active,Imported from mountain_gardens_premium_import_final.csv,5 gal,Plant,17.5,,44.99,17.5,44.99,,Mountain Gardens,2025-12-26,,,
PLA-C88F3880,Plant,Plant,Plant,Plant,each,99.99,Y,5,2025-12-26 20:32:06,2025-12-26 20:32:06,Active,Imported from mountain_gardens_premium_import_final.csv,,Plant,40.0,,99.99,40.0,99.99,,Mountain Gardens,2025-12-26,,,
PLA-5B412C2A,Plant,Plant,Plant,Plant,each,24.99,Y,5,2025-12-26 20:32:06,2025-12-26 20:32:06,Active,Imported from mountain_gardens_premium_import_final.csv,,Plant,9.1,,24.99,9.1,24.99,,Mountain Gardens,2025-12-26,,,
PLA-CF672D65,Plant,Plant,Plant,Plant,each,19.99,Y,5,2025-12-26 20:32:06,2025-12-26 20:32:06,Active,Imported from mountain_gardens_premium_import_final.csv,,Plant,7.4,,19.99,7.4,19.99,,Mountain Gardens,2025-12-26,,,
PLA-D6B9B33C,Plant,Plant,Plant,Plant,each,19.99,Y,5,2025-12-26 20:32:06,2025-12-26 20:32:06,Active,Imported from mountain_gardens_premium_import_final.csv,"18""",Plant,6.65,,19.99,6.65,19.99,,Mountain Gardens,2025-12-26,,,
PLA-03B45406,Plant,Plant,Plant,Plant,each,14.99,Y,5,2025-12-26 20:32:06,2025-12-26 20:32:06,Active,Imported from mountain_gardens_premium_import_final.csv,1 gal,Plant,6.0,,14.99,6.0,14.99,,Mountain Gardens,2025-12-26,,,
PLA-CC41B577,Plant,Plant,Plant,Plant,each,44.99,Y,5,2025-12-26 20:32:07,2025-12-26 20:32:07,Active,Imported from mountain_gardens_premium_import_final.csv,5 gal,Plant,17.25,,44.99,17.25,44.99,,Mountain Gardens,2025-12-26,,,
PLA-C5D67DA6,Plant,Plant,Plant,Plant,each,24.99,Y,5,2025-12-26 20:32:07,2025-12-26 20:32:07,Active,Imported from mountain_gardens_premium_import_final.csv,"18""",Plant,9.5,,24.99,9.5,24.99,,Mountain Gardens,2025-12-26,,,
PLA-6F589267,Plant,Plant,Plant,Plant,each,19.99,Y,5,2025-12-26 20:32:07,2025-12-26 20:32:07,Active,Imported from mountain_gardens_premium_import_final.csv,"18""",Plant,6.95,,19.99,6.95,19.99,,Mountain Gardens,2025-12-26,,,
PLA-3AFFF4CA,Plant,Plant,Plant,Plant,each,79.99,Y,5,2025-12-26 20:32:07,2025-12-26 20:32:07,Active,Imported from mountain_gardens_premium_import_final.csv,5 gal,Plant,40.0,,79.99,40.0,79.99,,Mountain Gardens,2025-12-26,,,
PLA-12318F1C,Plant,Plant,Plant,Plant,each,19.99,Y,5,2025-12-26 20:32:07,2025-12-26 20:32:07,Active,Imported from mountain_gardens_premium_import_final.csv,"18""",Plant,6.65,,19.99,6.65,19.99,,Mountain Gardens,2025-12-26,,,
PLA-7A5D6BFF,Plant,Plant,Plant,Plant,each,44.99,Y,5,2025-12-26 20:32:07,2025-12-26 20:32:07,Active,Imported from mountain_gardens_premium_import_final.csv,5 gal,Plant,15.35,,44.99,15.35,44.99,,Mountain Gardens,2025-12-26,,,
PLA-2EFBD857,Plant,Plant,Plant,Plant,each,49.99,Y,5,2025-12-26 20:32:07,2025-12-26 20:32:07,Active,Imported from mountain_gardens_premium_import_final.csv,5 gal,Plant,21.0,,49.99,21.0,49.99,,Mountain Gardens,2025-12-26,,,
PLA-28D3D847,Plant,Plant,Plant,Plant,each,44.99,Y,5,2025-12-26 20:32:07,2025-12-26 20:32:07,Active,Imported from mountain_gardens_premium_import_final.csv,5 gal,Plant,13.5,,44.99,13.5,44.99,,Mountain Gardens,2025-12-26,,,
PLA-7A6C4A9D,Plant,Plant,Plant,Plant,each,14.99,Y,5,2025-12-26 20:32:07,2025-12-26 20:32:07,Active,Imported from mountain_gardens_premium_import_final.csv,1 gal,Plant,4.6,,14.99,4.6,14.99,,Mountain Gardens,2025-12-26,,,
PLA-DF8CB6FA,Plant,Plant,Plant,Plant,each,29.99,Y,5,2025-12-26 20:32:07,2025-12-26 20:32:07,Active,Imported from mountain_gardens_premium_import_final.csv,2 gal,Plant,10.0,,29.99,10.0,29.99,,Mountain Gardens,2025-12-26,,,
PLA-141424EB,Plant,Plant,Plant,Plant,each,44.99,Y,5,2025-12-26 20:32:07,2025-12-26 20:32:07,Active,Imported from mountain_gardens_premium_import_final.csv,5 gal,Plant,17.5,,44.99,17.5,44.99,,Mountain Gardens,2025-12-26,,,
PLA-47F75E34,Plant,Plant,Plant,Plant,each,19.99,Y,5,2025-12-26 20:32:07,2025-12-26 20:32:07,Active,Imported from mountain_gardens_premium_import_final.csv,,Plant,7.95,,19.99,7.95,19.99,,Mountain Gardens,2025-12-26,,,
PLA-BF9C8A9D,Plant,Plant,Plant,Plant,each,19.99,Y,5,2025-12-26 20:32:07,2025-12-26 20:32:07,Active,Imported from mountain_gardens_premium_import_final.csv,"18""",Plant,6.85,,19.99,6.85,19.99,,Mountain Gardens,2025-12-26,,,
PLA-C6A950E7,Plant,Plant,Plant,Plant,each,89.99,Y,5,2025-12-26 20:32:07,2025-12-26 20:32:07,Active,Imported from mountain_gardens_premium_import_final.csv,10 gal,Plant,,,89.99,,89.99,,Mountain Gardens,2025-12-26,,,
PLA-3EC57553,Plant,Plant,Plant,Plant,each,14.99,Y,5,2025-12-26 20:32:07,2025-12-26 20:32:07,Active,Imported from mountain_gardens_premium_import_final.csv,1 gal,Plant,4.9,,14.99,4.9,14.99,,Mountain Gardens,2025-12-26,,,
PLA-07A7683D,Plant,Plant,Plant,Plant,each,99.99,Y,5,2025-12-26 20:32:07,2025-12-26 20:32:07,Active,Imported from mountain_gardens_premium_import_final.csv,10 gal,Plant,50.0,,99.99,50.0,99.99,,Mountain Gardens,2025-12-26,,,
PLA-22605CD1,Plant,Plant,Plant,Plant,each,29.99,Y,5,2025-12-26 20:32:07,2025-12-26 20:32:07,Active,Imported from mountain_gardens_premium_import_final.csv,5 gal,Plant,13.5,,29.99,13.5,29.99,,Mountain Gardens,2025-12-26,,,
PLA-AC7F9C90,Plant,Plant,Plant,Plant,each,19.99,Y,5,2025-12-26 20:32:07,2025-12-26 20:32:07,Active,Imported from mountain_gardens_premium_import_final.csv,"18""",Plant,7.7,,19.99,7.7,19.99,,Mountain Gardens,2025-12-26,,,
PLA-613A5C04,Plant,Plant,Plant,Plant,each,9.99,Y,5,2025-12-26 20:32:07,2025-12-26 20:32:07,Active,Imported from mountain_gardens_premium_import_final.csv,1 gal,Plant,,,9.99,,9.99,,Mountain Gardens,2025-12-26,,,
PLA-71BC3FBB,Plant,Plant,Plant,Plant,each,159.99,Y,5,2025-12-26 20:32:07,2025-12-26 20:32:07,Active,Imported from mountain_gardens_premium_import_final.csv,15 gal,Plant,14.0,,159.99,14.0,159.99,,Mountain Gardens,2025-12-26,,,
PLA-00BF50E7,Plant,Plant,Plant,Plant,each,159.99,Y,5,2025-12-26 20:32:07,2025-12-26 20:32:07,Active,Imported from mountain_gardens_premium_import_final.csv,15 gal,Plant,14.0,,159.99,14.0,159.99,,Mountain Gardens,2025-12-26,,,
PLA-39498FC8,Plant,Plant,Plant,Plant,each,99.99,Y,5,2025-12-26 20:32:07,2025-12-26 20:32:07,Active,Imported from mountain_gardens_premium_import_final.csv,15 gal,Plant,28.0,,99.99,28.0,99.99,,Mountain Gardens,2025-12-26,,,
PLA-91E9D397,Plant,Plant,Plant,Plant,each,34.99,Y,5,2025-12-26 20:32:07,2025-12-26 20:32:07,Active,Imported from mountain_gardens_premium_import_final.csv,5 gal,Plant,12.0,,34.99,12.0,34.99,,Mountain Gardens,2025-12-26,,,
PLA-23B1ACF1,Plant,Plant,Plant,Plant,each,319.99,Y,5,2025-12-26 20:32:07,2025-12-26 20:32:07,Active,Imported from mountain_gardens_premium_import_final.csv,"24""",Plant,,,319.99,,319.99,,Mountain Gardens,2025-12-26,,,
PLA-47CF3ED0,Plant,Plant,Plant,Plant,each,69.99,Y,5,2025-12-26 20:32:07,2025-12-26 20:32:07,Active,Imported from mountain_gardens_premium_import_final.csv,5 gal,Plant,25.0,,69.99,25.0,69.99,,Mountain Gardens,2025-12-26,,,
PLA-DC054342,Plant,Plant,Plant,Plant,each,24.99,Y,5,2025-12-26 20:32:07,2025-12-26 20:32:07,Active,Imported from mountain_gardens_premium_import_final.csv,5 gal,Plant,9.4,,24.99,9.4,24.99,,Mountain Gardens,2025-12-26,,,
PLA-49A9D677,Plant,Plant,Plant,Plant,each,9.99,Y,5,2025-12-26 20:32:07,2025-12-26 20:32:07,Active,Imported from mountain_gardens_premium_import_final.csv,1 gal,Plant,2.9,,9.99,2.9,9.99,,Mountain Gardens,2025-12-26,,,
PLA-A5624013,Plant,Plant,Plant,Plant,each,9.99,Y,5,2025-12-26 20:32:07,2025-12-26 20:32:07,Active,Imported from mountain_gardens_premium_import_final.csv,1 gal,Plant,4.45,,9.99,4.45,9.99,,Mountain Gardens,2025-12-26,,,
PLA-04A2709C,Plant,Plant,Plant,Plant,each,7.99,Y,5,2025-12-26 20:32:07,2025-12-26 20:32:07,Active,Imported from mountain_gardens_premium_import_final.csv,,Plant,2.19,,7.99,2.19,7.99,,Mountain Gardens,2025-12-26,,,
PLA-881BD246,Plant,Plant,Plant,Plant,each,6.99,Y,5,2025-12-26 20:32:07,2025-12-26 20:32:07,Active,Imported from mountain_gardens_premium_import_final.csv,"5""",Plant,2.02,,6.99,2.02,6.99,,Mountain Gardens,2025-12-26,,,
PLA-68B234D5,Plant,Plant,Plant,Plant,each,7.99,Y,5,2025-12-26 20:32:07,2025-12-26 20:32:07,Active,Imported from mountain_gardens_premium_import_final.csv,"5""",Plant,2.39,,7.99,2.39,7.99,,Mountain Gardens,2025-12-26,,,
PLA-C5992AA7,Plant,Plant,Plant,Plant,each,14.99,Y,5,2025-12-26 20:32:07,2025-12-26 20:32:07,Active,Imported from mountain_gardens_premium_import_final.csv,,Plant,5.79,,14.99,5.79,14.99,,Mountain Gardens,2025-12-26,,,
PLA-F6247F18,Plant,Plant,Plant,Plant,each,69.99,Y,5,2025-12-26 20:32:07,2025-12-26 20:32:07,Active,Imported from mountain_gardens_premium_import_final.csv,,Plant,20.5,,69.99,20.5,69.99,,Mountain Gardens,2025-12-26,,,
PLA-108312BA,Plant,Plant,Plant,Plant,each,19.99,Y,5,2025-12-26 20:32:07,2025-12-26 20:32:07,Active,Imported from mountain_gardens_premium_import_final.csv,3 gal,Plant,,,19.99,,19.99,,Mountain Gardens,2025-12-26,,,
PLA-2C27C884,Plant,Plant,Plant,Plant,each,14.99,Y,5,2025-12-26 20:32:07,2025-12-26 20:32:07,Active,Imported from mountain_gardens_premium_import_final.csv,6 gal,Plant,,,14.99,,14.99,,Mountain Gardens,2025-12-26,,,
PLA-4FD7BEBD,Plant,Plant,Plant,Plant,each,49.99,Y,5,2025-12-26 20:32:07,2025-12-26 20:32:07,Active,Imported from mountain_gardens_premium_import_final.csv,5 gal,Plant,20.0,,49.99,20.0,49.99,,Mountain Gardens,2025-12-26,,,
PLA-C7A48E49,plant,Plant,Plant,plant,each,14.99,Y,5,2025-12-26 20:32:07,2025-12-26 20:32:07,Active,Imported from mountain_gardens_premium_import_final.csv,,plant,5.49,,14.99,5.49,14.99,,Mountain Gardens,2025-12-26,,,
PLA-2B32F9F5,Plant,Plant,Plant,Plant,each,199.99,Y,5,2025-12-26 20:32:07,2025-12-26 20:32:07,Active,Imported from mountain_gardens_premium_import_final.csv,,Plant,77.0,,199.99,77.0,199.99,,Mountain Gardens,2025-12-26,,,
PLA-7F79DE9B,Plant,Plant,Plant,Plant,each,159.99,Y,5,2025-12-26 20:32:07,2025-12-26 20:32:07,Active,Imported from mountain_gardens_premium_import_final.csv,,Plant,63.0,,159.99,63.0,159.99,,Mountain Gardens,2025-12-26,,,
PLA-125E19DB,Plant,Plant,Plant,Plant,each,169.99,Y,5,2025-12-26 20:32:07,2025-12-26 20:32:07,Active,Imported from mountain_gardens_premium_import_final.csv,15 gal,Plant,65.0,,169.99,65.0,169.99,,Mountain Gardens,2025-12-26,,,
PLA-7477207B,Plant,Plant,Plant,Plant,each,79.99,Y,5,2025-12-26 20:32:07,2025-12-26 20:32:07,Active,Imported from mountain_gardens_premium_import_final.csv,6 gal,Plant,36.0,,79.99,36.0,79.99,,Mountain Gardens,2025-12-26,,,
PLA-C93B17CA,Plant,Plant,Plant,Plant,each,34.99,Y,5,2025-12-26 20:32:07,2025-12-26 20:32:07,Active,Imported from mountain_gardens_premium_import_final.csv,3 gal,Plant,14.95,,34.99,14.95,34.99,,Mountain Gardens,2025-12-26,,,
PLA-B5AF3B35,Plant,Plant,Plant,Plant,each,24.99,Y,5,2025-12-26 20:32:07,2025-12-26 20:32:07,Active,Imported from mountain_gardens_premium_import_final.csv,5 gal,Plant,10.3,,24.99,10.3,24.99,,Mountain Gardens,2025-12-26,,,
PLA-54902F94,Plant,Plant,Plant,Plant,each,39.99,Y,5,2025-12-26 20:32:07,2025-12-26 20:32:07,Active,Imported from mountain_gardens_premium_import_final.csv,5 gal,Plant,15.5,,39.99,15.5,39.99,,Mountain Gardens,2025-12-26,,,
PLA-65D321ED,Plant,Plant,Plant,Plant,each,44.99,Y,5,2025-12-26 20:32:07,2025-12-26 20:32:07,Active,Imported from mountain_gardens_premium_import_final.csv,,Plant,19.23,,44.99,19.23,44.99,,Mountain Gardens,2025-12-26,,,
PLA-6E19FB84,Plant,Plant,Plant,Plant,each,9.99,Y,5,2025-12-26 20:32:07,2025-12-26 20:32:07,Active,Imported from mountain_gardens_premium_import_final.csv,,Plant,4.12,,9.99,4.12,9.99,,Mountain Gardens,2025-12-26,,,
PLA-23D90E7F,Plant,Plant,Plant,Plant,each,129.99,Y,5,2025-12-26 20:32:07,2025-12-26 20:32:07,Active,Imported from mountain_gardens_premium_import_final.csv,15 gal,Plant,45.5,,129.99,45.5,129.99,,Mountain Gardens,2025-12-26,,,
PLA-64311EE6,Plant,Plant,Plant,Plant,each,359.99,Y,5,2025-12-26 20:32:07,2025-12-26 20:32:07,Active,Imported from mountain_gardens_premium_import_final.csv,"24""",Plant,155.0,,359.99,155.0,359.99,,Mountain Gardens,2025-12-26,,,
PLA-AF1769F6,Plant,Plant,Plant,Plant,each,22.99,Y,5,2025-12-26 20:32:07,2025-12-26 20:32:07,Active,Imported from mountain_gardens_premium_import_final.csv,1 gal,Plant,,,22.99,,22.99,,Mountain Gardens,2025-12-26,,,
PLA-4E640553,Plant,Plant,Plant,Plant,each,49.99,Y,5,2025-12-26 20:32:07,2025-12-26 20:32:07,Active,Imported from mountain_gardens_premium_import_final.csv,5 gal,Plant,15.0,,49.99,15.0,49.99,,Mountain Gardens,2025-12-26,,,
PLA-A9F05E00,Plant,Plant,Plant,Plant,each,79.99,Y,5,2025-12-26 20:32:07,2025-12-26 20:32:07,Active,Imported from mountain_gardens_premium_import_final.csv,,Plant,31.95,,79.99,31.95,79.99,,Mountain Gardens,2025-12-26,,,
PLA-C87AA218,Plant,Plant,Plant,Plant,each,129.99,Y,5,2025-12-26 20:32:07,2025-12-26 20:32:07,Active,Imported from mountain_gardens_premium_import_final.csv,15 gal,Plant,14.0,,129.99,14.0,129.99,,Mountain Gardens,2025-12-26,,,
PLA-EE0083C0,Plant,Plant,Plant,Plant,each,22.99,Y,5,2025-12-26 20:32:07,2025-12-26 20:32:07,Active,Imported from mountain_gardens_premium_import_final.csv,1 gal,Plant,,,22.99,,22.99,,Mountain Gardens,2025-12-26,,,
PLA-D52AA4E7,Plant,Plant,Plant,Plant,each,359.99,Y,5,2025-12-26 20:32:07,2025-12-26 20:32:07,Active,Imported from mountain_gardens_premium_import_final.csv,"24""",Plant,145.0,,359.99,145.0,359.99,,Mountain Gardens,2025-12-26,,,
PLA-78D8138C,Plant,Plant,Plant,Plant,each,199.99,Y,5,2025-12-26 20:32:08,2025-12-26 20:32:08,Active,Imported from mountain_gardens_premium_import_final.csv,25 gal,Plant,,,199.99,,199.99,,Mountain Gardens,2025-12-26,,,
PLA-D3B3094E,Plant,Plant,Plant,Plant,each,59.99,Y,5,2025-12-26 20:32:08,2025-12-26 20:32:08,Active,Imported from mountain_gardens_premium_import_final.csv,"4""",Plant,22.05,,59.99,22.05,59.99,,Mountain Gardens,2025-12-26,,,
PLA-39922282,Plant,Plant,Plant,Plant,each,69.99,Y,5,2025-12-26 20:32:08,2025-12-26 20:32:08,Active,Imported from mountain_gardens_premium_import_final.csv,5 gal,Plant,28.0,,69.99,28.0,69.99,,Mountain Gardens,2025-12-26,,,
PLA-7C86C140,Plant,Plant,Plant,Plant,each,129.99,Y,5,2025-12-26 20:32:08,2025-12-26 20:32:08,Active,Imported from mountain_gardens_premium_import_final.csv,15 gal,Plant,45.5,,129.99,45.5,129.99,,Mountain Gardens,2025-12-26,,,
PLA-C23853FA,Plant,Plant,Plant,Plant,each,129.99,Y,5,2025-12-26 20:32:08,2025-12-26 20:32:08,Active,Imported from mountain_gardens_premium_import_final.csv,15 gal,Plant,39.85,,129.99,39.85,129.99,,Mountain Gardens,2025-12-26,,,
PLA-916FAD7B,Plant,Plant,Plant,Plant,each,49.99,Y,5,2025-12-26 20:32:08,2025-12-26 20:32:08,Active,Imported from mountain_gardens_premium_import_final.csv,5 gal,Plant,12.49,,49.99,12.49,49.99,,Mountain Gardens,2025-12-26,,,
PLA-8F4F95F5,Plant,Plant,Plant,Plant,each,9.99,Y,5,2025-12-26 20:32:08,2025-12-26 20:32:08,Active,Imported from mountain_gardens_premium_import_final.csv,1 gal,Plant,3.7,,9.99,3.7,9.99,,Mountain Gardens,2025-12-26,,,
PLA-D33A4C67,Plant,Plant,Plant,Plant,each,9.99,Y,5,2025-12-26 20:32:08,2025-12-26 20:32:08,Active,Imported from mountain_gardens_premium_import_final.csv,1 gal,Plant,3.75,,9.99,3.75,9.99,,Mountain Gardens,2025-12-26,,,
PLA-5C5BBF77,Plant,Plant,Plant,Plant,each,59.99,Y,5,2025-12-26 20:32:08,2025-12-26 20:32:08,Active,Imported from mountain_gardens_premium_import_final.csv,,Plant,22.15,,59.99,22.15,59.99,,Mountain Gardens,2025-12-26,,,
PLA-6996392A,Plant,Plant,Plant,Plant,each,49.99,Y,5,2025-12-26 20:32:08,2025-12-26 20:32:08,Active,Imported from mountain_gardens_premium_import_final.csv,5 gal,Plant,22.0,,49.99,22.0,49.99,,Mountain Gardens,2025-12-26,,,
PLA-12713E61,Plant,Plant,Plant,Plant,each,129.99,Y,5,2025-12-26 20:32:08,2025-12-26 20:32:08,Active,Imported from mountain_gardens_premium_import_final.csv,,Plant,50.0,,129.99,50.0,129.99,,Mountain Gardens,2025-12-26,,,
PLA-41559540,Plant,Plant,Plant,Plant,each,9.99,Y,5,2025-12-26 20:32:08,2025-12-26 20:32:08,Active,Imported from mountain_gardens_premium_import_final.csv,,Plant,3.41,,9.99,3.41,9.99,,Mountain Gardens,2025-12-26,,,
PLA-22AE97AB,Plant,Plant,Plant,Plant,each,29.99,Y,5,2025-12-26 20:32:08,2025-12-26 20:32:08,Active,Imported from mountain_gardens_premium_import_final.csv,5gal,Plant,9.99,,29.99,9.99,29.99,,Mountain Gardens,2025-12-26,,,
PLA-DF0462C6,plant,Plant,Plant,plant,each,39.99,Y,5,2025-12-26 20:32:08,2025-12-26 20:32:08,Active,Imported from mountain_gardens_premium_import_final.csv,,plant,,,39.99,,39.99,,Mountain Gardens,2025-12-26,,,
PLA-DA8B17C5,Plant,Plant,Plant,Plant,each,19.99,Y,5,2025-12-26 20:32:08,2025-12-26 20:32:08,Active,Imported from mountain_gardens_premium_import_final.csv,1 gal,Plant,7.0,,19.99,7.0,19.99,,Mountain Gardens,2025-12-26,,,
PLA-D9FC407D,Plant,Plant,Plant,Plant,each,9.99,Y,5,2025-12-26 20:32:08,2025-12-26 20:32:08,Active,Imported from mountain_gardens_premium_import_final.csv,1 gal,Plant,4.25,,9.99,4.25,9.99,,Mountain Gardens,2025-12-26,,,
PLA-187F5542,Plant,Plant,Plant,Plant,each,14.99,Y,5,2025-12-26 20:32:08,2025-12-26 20:32:08,Active,Imported from mountain_gardens_premium_import_final.csv,1 gal,Plant,4.75,,14.99,4.75,14.99,,Mountain Gardens,2025-12-26,,,
PLA-A4EF413D,plant,Plant,Plant,plant,each,29.99,Y,5,2025-12-26 20:32:08,2025-12-26 20:32:08,Active,Imported from mountain_gardens_premium_import_final.csv,5gal,plant,8.99,,29.99,8.99,29.99,,Mountain Gardens,2025-12-26,,,
PLA-273FB5BC,plant,Plant,Plant,plant,each,24.99,Y,5,2025-12-26 20:32:08,2025-12-26 20:32:08,Active,Imported from mountain_gardens_premium_import_final.csv,,plant,9.11,,24.99,9.11,24.99,,Mountain Gardens,2025-12-26,,,
PLA-7E113191,Plant,Plant,Plant,Plant,each,14.99,Y,5,2025-12-26 20:32:08,2025-12-26 20:32:08,Active,Imported from mountain_gardens_premium_import_final.csv,1 gal,Plant,4.75,,14.99,4.75,14.99,,Mountain Gardens,2025-12-26,,,
PLA-8B568AF0,plant,Plant,Plant,plant,each,34.99,Y,5,2025-12-26 20:32:08,2025-12-26 20:32:08,Active,Imported from mountain_gardens_premium_import_final.csv,,plant,14.0,,34.99,14.0,34.99,,Mountain Gardens,2025-12-26,,,
PLA-7C08369F,Plant,Plant,Plant,Plant,each,14.99,Y,5,2025-12-26 20:32:08,2025-12-26 20:32:08,Active,Imported from mountain_gardens_premium_import_final.csv,,Plant,4.95,,14.99,4.95,14.99,,Mountain Gardens,2025-12-26,,,
PLA-E1CA6919,Plant,Plant,Plant,Plant,each,29.99,Y,5,2025-12-26 20:32:08,2025-12-26 20:32:08,Active,Imported from mountain_gardens_premium_import_final.csv,"4""",Plant,10.25,,29.99,10.25,29.99,,Mountain Gardens,2025-12-26,,,
PLA-A5757C5E,Plant,Plant,Plant,Plant,each,49.99,Y,5,2025-12-26 20:32:08,2025-12-26 20:32:08,Active,Imported from mountain_gardens_premium_import_final.csv,5 gal,Plant,22.0,,49.99,22.0,49.99,,Mountain Gardens,2025-12-26,,,
PLA-BCAA51A2,Plant,Plant,Plant,Plant,each,79.99,Y,5,2025-12-26 20:32:08,2025-12-26 20:32:08,Active,Imported from mountain_gardens_premium_import_final.csv,5 gal,Plant,40.0,,79.99,40.0,79.99,,Mountain Gardens,2025-12-26,,,
PLA-386AAE99,Plant,Plant,Plant,Plant,each,44.99,Y,5,2025-12-26 20:32:08,2025-12-26 20:32:08,Active,Imported from mountain_gardens_premium_import_final.csv,5 gal,Plant,13.0,,44.99,13.0,44.99,,Mountain Gardens,2025-12-26,,,
PLA-BD92AED4,Plant,Plant,Plant,Plant,each,2.99,Y,5,2025-12-26 20:32:08,2025-12-26 20:32:08,Active,Imported from mountain_gardens_premium_import_final.csv,,Plant,0.73,,2.99,0.73,2.99,,Mountain Gardens,2025-12-26,,,
PLA-E770854C,Plant,Plant,Plant,Plant,each,9.99,Y,5,2025-12-26 20:32:08,2025-12-26 20:32:08,Active,Imported from mountain_gardens_premium_import_final.csv,1 gal,Plant,2.08,,9.99,2.08,9.99,,Mountain Gardens,2025-12-26,,,
PLA-6223C1E1,Plant,Plant,Plant,Plant,each,119.99,Y,5,2025-12-26 20:32:08,2025-12-26 20:32:08,Active,Imported from mountain_gardens_premium_import_final.csv,15 gal,Plant,60.0,,119.99,60.0,119.99,,Mountain Gardens,2025-12-26,,,
PLA-CED93A6A,Plant,Plant,Plant,Plant,each,49.99,Y,5,2025-12-26 20:32:08,2025-12-26 20:32:08,Active,Imported from mountain_gardens_premium_import_final.csv,"8""",Plant,22.45,,49.99,22.45,49.99,,Mountain Gardens,2025-12-26,,,
PLA-1E1AF0BE,Plant,Plant,Plant,Plant,each,299.99,Y,5,2025-12-26 20:32:08,2025-12-26 20:32:08,Active,Imported from mountain_gardens_premium_import_final.csv,"24""",Plant,152.0,,299.99,152.0,299.99,,Mountain Gardens,2025-12-26,,,
PLA-BE423DA3,Plant,Plant,Plant,Plant,each,59.99,Y,5,2025-12-26 20:32:08,2025-12-26 20:32:08,Active,Imported from mountain_gardens_premium_import_final.csv,5 gal,Plant,23.4,,59.99,23.4,59.99,,Mountain Gardens,2025-12-26,,,
PLA-6246CA88,Plant,Plant,Plant,Plant,each,9.99,Y,5,2025-12-26 20:32:08,2025-12-26 20:32:08,Active,Imported from mountain_gardens_premium_import_final.csv,1 gal,Plant,3.71,,9.99,3.71,9.99,,Mountain Gardens,2025-12-26,,,
PLA-7C312C76,Plant,Plant,Plant,Plant,each,9.99,Y,5,2025-12-26 20:32:08,2025-12-26 20:32:08,Active,Imported from mountain_gardens_premium_import_final.csv,1 gal,Plant,3.75,,9.99,3.75,9.99,,Mountain Gardens,2025-12-26,,,
PLA-71C69C8E,Plant,Plant,Plant,Plant,each,9.99,Y,5,2025-12-26 20:32:08,2025-12-26 20:32:08,Active,Imported from mountain_gardens_premium_import_final.csv,1 gal,Plant,4.25,,9.99,4.25,9.99,,Mountain Gardens,2025-12-26,,,
PLA-72C69C0A,Plant,Plant,Plant,Plant,each,8.99,Y,5,2025-12-26 20:32:08,2025-12-26 20:32:08,Active,Imported from mountain_gardens_premium_import_final.csv,1 gal,Plant,3.25,,8.99,3.25,8.99,,Mountain Gardens,2025-12-26,,,
PLA-F2856AFF,Plant,Plant,Plant,Plant,each,9.99,Y,5,2025-12-26 20:32:08,2025-12-26 20:32:08,Active,Imported from mountain_gardens_premium_import_final.csv,1 gal,Plant,4.05,,9.99,4.05,9.99,,Mountain Gardens,2025-12-26,,,
PLA-7FD76E64,Plant,Plant,Plant,Plant,each,29.99,Y,5,2025-12-26 20:32:08,2025-12-26 20:32:08,Active,Imported from mountain_gardens_premium_import_final.csv,5gal,Plant,11.25,,29.99,11.25,29.99,,Mountain Gardens,2025-12-26,,,
PLA-5E4A7F24,Plant,Plant,Plant,Plant,each,19.99,Y,5,2025-12-26 20:32:08,2025-12-26 20:32:08,Active,Imported from mountain_gardens_premium_import_final.csv,,Plant,8.0,,19.99,8.0,19.99,,Mountain Gardens,2025-12-26,,,
PLA-4821AEEA,Plant,Plant,Plant,Plant,each,8.99,Y,5,2025-12-26 20:32:08,2025-12-26 20:32:08,Active,Imported from mountain_gardens_premium_import_final.csv,1 gal,Plant,3.15,,8.99,3.15,8.99,,Mountain Gardens,2025-12-26,,,
PLA-053EEABC,Plant,Plant,Plant,Plant,each,14.99,Y,5,2025-12-26 20:32:08,2025-12-26 20:32:08,Active,Imported from mountain_gardens_premium_import_final.csv,1 gal,Plant,5.8,,14.99,5.8,14.99,,Mountain Gardens,2025-12-26,,,
PLA-B1DB6425,Plant,Plant,Plant,Plant,each,9.99,Y,5,2025-12-26 20:32:08,2025-12-26 20:32:08,Active,Imported from mountain_gardens_premium_import_final.csv,1 gal,Plant,3.99,,9.99,3.99,9.99,,Mountain Gardens,2025-12-26,,,
PLA-E602A030,Plant,Plant,Plant,Plant,each,24.99,Y,5,2025-12-26 20:32:08,2025-12-26 20:32:08,Active,Imported from mountain_gardens_premium_import_final.csv,,Plant,9.5,,24.99,9.5,24.99,,Mountain Gardens,2025-12-26,,,
PLA-A7E6993A,Plant,Plant,Plant,Plant,each,299.99,Y,5,2025-12-26 20:32:08,2025-12-26 20:32:08,Active,Imported from mountain_gardens_premium_import_final.csv,"24""",Plant,150.0,,299.99,150.0,299.99,,Mountain Gardens,2025-12-26,,,
PLA-95A13296,Plant,Plant,Plant,Plant,each,99.99,Y,5,2025-12-26 20:32:08,2025-12-26 20:32:08,Active,Imported from mountain_gardens_premium_import_final.csv,15 gal,Plant,11.45,,99.99,11.45,99.99,,Mountain Gardens,2025-12-26,,,
PLA-2446400B,Plant,Plant,Plant,Plant,each,59.99,Y,5,2025-12-26 20:32:08,2025-12-26 20:32:08,Active,Imported from mountain_gardens_premium_import_final.csv,5 gal,Plant,27.5,,59.99,27.5,59.99,,Mountain Gardens,2025-12-26,,,
PLA-8A407633,Plant,Plant,Plant,Plant,each,29.99,Y,5,2025-12-26 20:32:08,2025-12-26 20:32:08,Active,Imported from mountain_gardens_premium_import_final.csv,#1,Plant,12.85,,29.99,12.85,29.99,,Mountain Gardens,2025-12-26,,,
PLA-B91093D8,Plant,Plant,Plant,Plant,each,49.99,Y,5,2025-12-26 20:32:08,2025-12-26 20:32:08,Active,Imported from mountain_gardens_premium_import_final.csv,,Plant,21.5,,49.99,21.5,49.99,,Mountain Gardens,2025-12-26,,,
PLA-768E79CC,Plant,Plant,Plant,Plant,each,34.99,Y,5,2025-12-26 20:32:08,2025-12-26 20:32:08,Active,Imported from mountain_gardens_premium_import_final.csv,"4""",Plant,12.6,,34.99,12.6,34.99,,Mountain Gardens,2025-12-26,,,
PLA-ACA1C259,Plant,Plant,Plant,Plant,each,159.99,Y,5,2025-12-26 20:32:08,2025-12-26 20:32:08,Active,Imported from mountain_gardens_premium_import_final.csv,15 gal,Plant,15.0,,159.99,15.0,159.99,,Mountain Gardens,2025-12-26,,,
PLA-5FBE8C21,Plant,Plant,Plant,Plant,each,69.99,Y,5,2025-12-26 20:32:08,2025-12-26 20:32:08,Active,Imported from mountain_gardens_premium_import_final.csv,5 gal,Plant,17.5,,69.99,17.5,69.99,,Mountain Gardens,2025-12-26,,,
PLA-E9BBA1F3,Plant,Plant,Plant,Plant,each,34.99,Y,5,2025-12-26 20:32:08,2025-12-26 20:32:08,Active,Imported from mountain_gardens_premium_import_final.csv,5 gal,Plant,10.9,,34.99,10.9,34.99,,Mountain Gardens,2025-12-26,,,
PLA-23E9C2AA,Plant,Plant,Plant,Plant,each,59.99,Y,5,2025-12-26 20:32:08,2025-12-26 20:32:08,Active,Imported from mountain_gardens_premium_import_final.csv,5 gal,Plant,28.8,,59.99,28.8,59.99,,Mountain Gardens,2025-12-26,,,
PLA-5DBE25D8,Plant,Plant,Plant,Plant,each,39.99,Y,5,2025-12-26 20:32:08,2025-12-26 20:32:08,Active,Imported from mountain_gardens_premium_import_final.csv,,Plant,17.35,,39.99,17.35,39.99,,Mountain Gardens,2025-12-26,,,
PLA-12D8CE2D,Plant,Plant,Plant,Plant,each,79.99,Y,5,2025-12-26 20:32:09,2025-12-26 20:32:09,Active,Imported from mountain_gardens_premium_import_final.csv,10 gal,Plant,32.0,,79.99,32.0,79.99,,Mountain Gardens,2025-12-26,,,
PLA-6EDF5057,Plant,Plant,Plant,Plant,each,59.99,Y,5,2025-12-26 20:32:09,2025-12-26 20:32:09,Active,Imported from mountain_gardens_premium_import_final.csv,5 gal,Plant,15.0,,59.99,15.0,59.99,,Mountain Gardens,2025-12-26,,,
PLA-E7018CE4,Plant,Plant,Plant,Plant,each,59.99,Y,5,2025-12-26 20:32:09,2025-12-26 20:32:09,Active,Imported from mountain_gardens_premium_import_final.csv,5 gal,Plant,24.0,,59.99,24.0,59.99,,Mountain Gardens,2025-12-26,,,
PLA-D3130BE1,Plant,Plant,Plant,Plant,each,99.99,Y,5,2025-12-26 20:32:09,2025-12-26 20:32:09,Active,Imported from mountain_gardens_premium_import_final.csv,15 gal,Plant,48.0,,99.99,48.0,99.99,,Mountain Gardens,2025-12-26,,,
PLA-7217EB21,Plant,Plant,Plant,Plant,each,49.99,Y,5,2025-12-26 20:32:09,2025-12-26 20:32:09,Active,Imported from mountain_gardens_premium_import_final.csv,5 gal,Plant,22.0,,49.99,22.0,49.99,,Mountain Gardens,2025-12-26,,,
PLA-911B6EBB,Plant,Plant,Plant,Plant,each,89.99,Y,5,2025-12-26 20:32:09,2025-12-26 20:32:09,Active,Imported from mountain_gardens_premium_import_final.csv,15 gal,Plant,28.0,,89.99,28.0,89.99,,Mountain Gardens,2025-12-26,,,
PLA-5EB11DD7,Plant,Plant,Plant,Plant,each,49.99,Y,5,2025-12-26 20:32:09,2025-12-26 20:32:09,Active,Imported from mountain_gardens_premium_import_final.csv,5 gal,Plant,13.0,,49.99,13.0,49.99,,Mountain Gardens,2025-12-26,,,
PLA-6AF7E53B,Plant,Plant,Plant,Plant,each,34.99,Y,5,2025-12-26 20:32:09,2025-12-26 20:32:09,Active,Imported from mountain_gardens_premium_import_final.csv,"4""",Plant,12.95,,34.99,12.95,34.99,,Mountain Gardens,2025-12-26,,,
PLA-CE8A1BF3,Plant,Plant,Plant,Plant,each,29.99,Y,5,2025-12-26 20:32:09,2025-12-26 20:32:09,Active,Imported from mountain_gardens_premium_import_final.csv,,Plant,11.1,,29.99,11.1,29.99,,Mountain Gardens,2025-12-26,,,
PLA-90645880,Plant,Plant,Plant,Plant,each,49.99,Y,5,2025-12-26 20:32:09,2025-12-26 20:32:09,Active,Imported from mountain_gardens_premium_import_final.csv,"1""",Plant,18.3,,49.99,18.3,49.99,,Mountain Gardens,2025-12-26,,,
PLA-6E38D033,Plant,Plant,Plant,Plant,each,89.99,Y,5,2025-12-26 20:32:09,2025-12-26 20:32:09,Active,Imported from mountain_gardens_premium_import_final.csv,10 gal,Plant,24.0,,89.99,24.0,89.99,,Mountain Gardens,2025-12-26,,,
PLA-6FEFC379,Plant,Plant,Plant,Plant,each,39.99,Y,5,2025-12-26 20:32:09,2025-12-26 20:32:09,Active,Imported from mountain_gardens_premium_import_final.csv,"4""",Plant,17.35,,39.99,17.35,39.99,,Mountain Gardens,2025-12-26,,,
PLA-D51A1EFE,Plant,Plant,Plant,Plant,each,59.99,Y,5,2025-12-26 20:32:09,2025-12-26 20:32:09,Active,Imported from mountain_gardens_premium_import_final.csv,5 gal,Plant,24.0,,59.99,24.0,59.99,,Mountain Gardens,2025-12-26,,,
PLA-87DF8A6E,Plant,Plant,Plant,Plant,each,119.99,Y,5,2025-12-26 20:32:09,2025-12-26 20:32:09,Active,Imported from mountain_gardens_premium_import_final.csv,15 gal,Plant,48.0,,119.99,48.0,119.99,,Mountain Gardens,2025-12-26,,,
PLA-96BF1D93,Plant,Plant,Plant,Plant,each,99.99,Y,5,2025-12-26 20:32:09,2025-12-26 20:32:09,Active,Imported from mountain_gardens_premium_import_final.csv,15 gal,Plant,18.3,,99.99,18.3,99.99,,Mountain Gardens,2025-12-26,,,
PLA-7D4E891D,Plant,Plant,Plant,Plant,each,49.99,Y,5,2025-12-26 20:32:09,2025-12-26 20:32:09,Active,Imported from mountain_gardens_premium_import_final.csv,"1""",Plant,16.5,,49.99,16.5,49.99,,Mountain Gardens,2025-12-26,,,
PLA-CA048A36,Plant,Plant,Plant,Plant,each,59.99,Y,5,2025-12-26 20:32:09,2025-12-26 20:32:09,Active,Imported from mountain_gardens_premium_import_final.csv,5 gal,Plant,24.3,,59.99,24.3,59.99,,Mountain Gardens,2025-12-26,,,
PLA-A5AB74AE,Plant,Plant,Plant,Plant,each,34.99,Y,5,2025-12-26 20:32:09,2025-12-26 20:32:09,Active,Imported from mountain_gardens_premium_import_final.csv,5 gal,Plant,15.0,,34.99,15.0,34.99,,Mountain Gardens,2025-12-26,,,
PLA-D99CD6C3,Plant,Plant,Plant,Plant,each,89.99,Y,5,2025-12-26 20:32:09,2025-12-26 20:32:09,Active,Imported from mountain_gardens_premium_import_final.csv,15 gal,Plant,34.5,,89.99,34.5,89.99,,Mountain Gardens,2025-12-26,,,
PLA-B5566444,Plant,Plant,Plant,Plant,each,259.99,Y,5,2025-12-26 20:32:09,2025-12-26 20:32:09,Active,Imported from mountain_gardens_premium_import_final.csv,,Plant,122.0,,259.99,122.0,259.99,,Mountain Gardens,2025-12-26,,,
PLA-B618EDEF,Plant,Plant,Plant,Plant,each,59.99,Y,5,2025-12-26 20:32:09,2025-12-26 20:32:09,Active,Imported from mountain_gardens_premium_import_final.csv,5gal,Plant,27.1,,59.99,27.1,59.99,,Mountain Gardens,2025-12-26,,,
PLA-DADB792B,Plant,Plant,Plant,Plant,each,89.99,Y,5,2025-12-26 20:32:09,2025-12-26 20:32:09,Active,Imported from mountain_gardens_premium_import_final.csv,10 gal,Plant,32.0,,89.99,32.0,89.99,,Mountain Gardens,2025-12-26,,,
PLA-5B15B6B8,Plant,Plant,Plant,Plant,each,24.99,Y,5,2025-12-26 20:32:09,2025-12-26 20:32:09,Active,Imported from mountain_gardens_premium_import_final.csv,,Plant,9.06,,24.99,9.06,24.99,,Mountain Gardens,2025-12-26,,,
PLA-8E987121,Plant,Plant,Plant,Plant,each,14.99,Y,5,2025-12-26 20:32:09,2025-12-26 20:32:09,Active,Imported from mountain_gardens_premium_import_final.csv,1 gal,Plant,4.5,,14.99,4.5,14.99,,Mountain Gardens,2025-12-26,,,
PLA-FAB0DA3F,Plant,Plant,Plant,Plant,each,9.99,Y,5,2025-12-26 20:32:09,2025-12-26 20:32:09,Active,Imported from mountain_gardens_premium_import_final.csv,1 gal,Plant,2.8,,9.99,2.8,9.99,,Mountain Gardens,2025-12-26,,,
PLA-96F40210,Plant,Plant,Plant,Plant,each,14.99,Y,5,2025-12-26 20:32:09,2025-12-26 20:32:09,Active,Imported from mountain_gardens_premium_import_final.csv,1 gal,Plant,4.5,,14.99,4.5,14.99,,Mountain Gardens,2025-12-26,,,
PLA-24ECA5D1,Plant,Plant,Plant,Plant,each,9.99,Y,5,2025-12-26 20:32:09,2025-12-26 20:32:09,Active,Imported from mountain_gardens_premium_import_final.csv,1 gal,Plant,4.0,,9.99,4.0,9.99,,Mountain Gardens,2025-12-26,,,
PLA-2C0CCEFB,Plant,Plant,Plant,Plant,each,24.99,Y,5,2025-12-26 20:32:09,2025-12-26 20:32:09,Active,Imported from mountain_gardens_premium_import_final.csv,,Plant,10.55,,24.99,10.55,24.99,,Mountain Gardens,2025-12-26,,,
PLA-4B699DD0,Plant,Plant,Plant,Plant,each,9.99,Y,5,2025-12-26 20:32:09,2025-12-26 20:32:09,Active,Imported from mountain_gardens_premium_import_final.csv,1 gal,Plant,4.1,,9.99,4.1,9.99,,Mountain Gardens,2025-12-26,,,
PLA-9C42285F,Plant,Plant,Plant,Plant,each,9.99,Y,5,2025-12-26 20:32:09,2025-12-26 20:32:09,Active,Imported from mountain_gardens_premium_import_final.csv,1 gal,Plant,3.75,,9.99,3.75,9.99,,Mountain Gardens,2025-12-26,,,
PLA-11941BB0,Plant,Plant,Plant,Plant,each,29.99,Y,5,2025-12-26 20:32:09,2025-12-26 20:32:09,Active,Imported from mountain_gardens_premium_import_final.csv,5 gal,Plant,12.95,,29.99,12.95,29.99,,Mountain Gardens,2025-12-26,,,
PLA-3CE2CDF1,Plant,Plant,Plant,Plant,each,14.99,Y,5,2025-12-26 20:32:09,2025-12-26 20:32:09,Active,Imported from mountain_gardens_premium_import_final.csv,1 gal,Plant,5.1,,14.99,5.1,14.99,,Mountain Gardens,2025-12-26,,,
PLA-04A332BF,Plant,Plant,Plant,Plant,each,9.99,Y,5,2025-12-26 20:32:09,2025-12-26 20:32:09,Active,Imported from mountain_gardens_premium_import_final.csv,1 gal,Plant,3.75,,9.99,3.75,9.99,,Mountain Gardens,2025-12-26,,,
PLA-7BEA7338,Plant,Plant,Plant,Plant,each,9.99,Y,5,2025-12-26 20:32:09,2025-12-26 20:32:09,Active,Imported from mountain_gardens_premium_import_final.csv,1 gal,Plant,4.45,,9.99,4.45,9.99,,Mountain Gardens,2025-12-26,,,
PLA-6C5B3CA0,Plant,Plant,Plant,Plant,each,9.99,Y,5,2025-12-26 20:32:09,2025-12-26 20:32:09,Active,Imported from mountain_gardens_premium_import_final.csv,1 gal,Plant,3.75,,9.99,3.75,9.99,,Mountain Gardens,2025-12-26,,,
PLA-DD86E74E,Plant,Plant,Plant,Plant,each,8.99,Y,5,2025-12-26 20:32:09,2025-12-26 20:32:09,Active,Imported from mountain_gardens_premium_import_final.csv,1 gal,Plant,3.0,,8.99,3.0,8.99,,Mountain Gardens,2025-12-26,,,
PLA-95106AC8,Plant,Plant,Plant,Plant,each,9.99,Y,5,2025-12-26 20:32:09,2025-12-26 20:32:09,Active,Imported from mountain_gardens_premium_import_final.csv,1 gal,Plant,3.85,,9.99,3.85,9.99,,Mountain Gardens,2025-12-26,,,
PLA-B87923A6,Plant,Plant,Plant,Plant,each,9.99,Y,5,2025-12-26 20:32:09,2025-12-26 20:32:09,Active,Imported from mountain_gardens_premium_import_final.csv,1 gal,Plant,3.75,,9.99,3.75,9.99,,Mountain Gardens,2025-12-26,,,
PLA-CC5E9673,Plant,Plant,Plant,Plant,each,24.99,Y,5,2025-12-26 20:32:09,2025-12-26 20:32:09,Active,Imported from mountain_gardens_premium_import_final.csv,5 gal,Plant,8.22,,24.99,8.22,24.99,,Mountain Gardens,2025-12-26,,,
PLA-521AF497,Plant,Plant,Plant,Plant,each,8.99,Y,5,2025-12-26 20:32:09,2025-12-26 20:32:09,Active,Imported from mountain_gardens_premium_import_final.csv,1 gal,Plant,3.1,,8.99,3.1,8.99,,Mountain Gardens,2025-12-26,,,
PLA-46ADFBA3,Plant,Plant,Plant,Plant,each,9.99,Y,5,2025-12-26 20:32:09,2025-12-26 20:32:09,Active,Imported from mountain_gardens_premium_import_final.csv,1 gal,Plant,2.8,,9.99,2.8,9.99,,Mountain Gardens,2025-12-26,,,
PLA-2AF8CFD2,Plant,Plant,Plant,Plant,each,14.99,Y,5,2025-12-26 20:32:09,2025-12-26 20:32:09,Active,Imported from mountain_gardens_premium_import_final.csv,1 gal,Plant,4.75,,14.99,4.75,14.99,,Mountain Gardens,2025-12-26,,,
PLA-12EF38C9,Plant,Plant,Plant,Plant,each,29.99,Y,5,2025-12-26 20:32:09,2025-12-26 20:32:09,Active,Imported from mountain_gardens_premium_import_final.csv,2 gal,Plant,11.5,,29.99,11.5,29.99,,Mountain Gardens,2025-12-26,,,
PLA-AB0A7DDF,plant,Plant,Plant,plant,each,9.99,Y,5,2025-12-26 20:32:09,2025-12-26 20:32:09,Active,Imported from mountain_gardens_premium_import_final.csv,,plant,3.4,,9.99,3.4,9.99,,Mountain Gardens,2025-12-26,,,
PLA-43E080D2,Plant,Plant,Plant,Plant,each,34.99,Y,5,2025-12-26 20:32:09,2025-12-26 20:32:09,Active,Imported from mountain_gardens_premium_import_final.csv,5 gal,Plant,15.5,,34.99,15.5,34.99,,Mountain Gardens,2025-12-26,,,
PLA-7A2DFDA8,Plant,Plant,Plant,Plant,each,8.99,Y,5,2025-12-26 20:32:09,2025-12-26 20:32:09,Active,Imported from mountain_gardens_premium_import_final.csv,1 gal,Plant,3.35,,8.99,3.35,8.99,,Mountain Gardens,2025-12-26,,,
PLA-EF4AFFD6,Plant,Plant,Plant,Plant,each,44.99,Y,5,2025-12-26 20:32:09,2025-12-26 20:32:09,Active,Imported from mountain_gardens_premium_import_final.csv,5 gal,Plant,17.95,,44.99,17.95,44.99,,Mountain Gardens,2025-12-26,,,
PLA-1DC34147,Plant,Plant,Plant,Plant,each,39.99,Y,5,2025-12-26 20:32:09,2025-12-26 20:32:09,Active,Imported from mountain_gardens_premium_import_final.csv,3 gal,Plant,14.05,,39.99,14.05,39.99,,Mountain Gardens,2025-12-26,,,
PLA-273A0D99,plant,Plant,Plant,plant,each,24.99,Y,5,2025-12-26 20:32:09,2025-12-26 20:32:09,Active,Imported from mountain_gardens_premium_import_final.csv,,plant,9.14,,24.99,9.14,24.99,,Mountain Gardens,2025-12-26,,,
PLA-1BB47FE7,plant,Plant,Plant,plant,each,9.99,Y,5,2025-12-26 20:32:09,2025-12-26 20:32:09,Active,Imported from mountain_gardens_premium_import_final.csv,,plant,3.75,,9.99,3.75,9.99,,Mountain Gardens,2025-12-26,,,
PLA-E9B4EEBC,plant,Plant,Plant,plant,each,14.99,Y,5,2025-12-26 20:32:09,2025-12-26 20:32:09,Active,Imported from mountain_gardens_premium_import_final.csv,1 gal,plant,4.95,,14.99,4.95,14.99,,Mountain Gardens,2025-12-26,,,
PLA-9460833F,Plant,Plant,Plant,Plant,each,14.99,Y,5,2025-12-26 20:32:09,2025-12-26 20:32:09,Active,Imported from mountain_gardens_premium_import_final.csv,2 gal,Plant,5.4,,14.99,5.4,14.99,,Mountain Gardens,2025-12-26,,,
PLA-8E7EB2E7,Plant,Plant,Plant,Plant,each,44.99,Y,5,2025-12-26 20:32:09,2025-12-26 20:32:09,Active,Imported from mountain_gardens_premium_import_final.csv,5 gal,Plant,18.95,,44.99,18.95,44.99,,Mountain Gardens,2025-12-26,,,
PLA-D31CE536,Plant,Plant,Plant,Plant,each,7.99,Y,5,2025-12-26 20:32:10,2025-12-26 20:32:10,Active,Imported from mountain_gardens_premium_import_final.csv,,Plant,3.0,,7.99,3.0,7.99,,Mountain Gardens,2025-12-26,,,
PLA-D62CCF35,Plant,Plant,Plant,Plant,each,9.99,Y,5,2025-12-26 20:32:10,2025-12-26 20:32:10,Active,Imported from mountain_gardens_premium_import_final.csv,1 gal,Plant,4.45,,9.99,4.45,9.99,,Mountain Gardens,2025-12-26,,,
PLA-E446DA27,Plant,Plant,Plant,Plant,each,159.99,Y,5,2025-12-26 20:32:10,2025-12-26 20:32:10,Active,Imported from mountain_gardens_premium_import_final.csv,,Plant,42.0,,159.99,42.0,159.99,,Mountain Gardens,2025-12-26,,,
PLA-1854A75C,Plant,Plant,Plant,Plant,each,24.99,Y,5,2025-12-26 20:32:10,2025-12-26 20:32:10,Active,Imported from mountain_gardens_premium_import_final.csv,2 gal,Plant,11.0,,24.99,11.0,24.99,,Mountain Gardens,2025-12-26,,,
PLA-C473444E,Plant,Plant,Plant,Plant,each,19.99,Y,5,2025-12-26 20:32:10,2025-12-26 20:32:10,Active,Imported from mountain_gardens_premium_import_final.csv,,Plant,8.0,,19.99,8.0,19.99,,Mountain Gardens,2025-12-26,,,
PLA-3BE9D506,Plant,Plant,Plant,Plant,each,34.99,Y,5,2025-12-26 20:32:10,2025-12-26 20:32:10,Active,Imported from mountain_gardens_premium_import_final.csv,2 gal,Plant,15.0,,34.99,15.0,34.99,,Mountain Gardens,2025-12-26,,,
PLA-ECE1AA61,Plant,Plant,Plant,Plant,each,14.99,Y,5,2025-12-26 20:32:10,2025-12-26 20:32:10,Active,Imported from mountain_gardens_premium_import_final.csv,1 gal,Plant,0.52,,14.99,0.52,14.99,,Mountain Gardens,2025-12-26,,,
PLA-A8710EAC,Plant,Plant,Plant,Plant,each,359.99,Y,5,2025-12-26 20:32:10,2025-12-26 20:32:10,Active,Imported from mountain_gardens_premium_import_final.csv,15 gal,Plant,60.0,,359.99,60.0,359.99,,Mountain Gardens,2025-12-26,,,
PLA-0FD99F3F,Plant,Plant,Plant,Plant,each,59.99,Y,5,2025-12-26 20:32:10,2025-12-26 20:32:10,Active,Imported from mountain_gardens_premium_import_final.csv,3 gal,Plant,20.0,,59.99,20.0,59.99,,Mountain Gardens,2025-12-26,,,
PLA-EA78D856,Plant,Plant,Plant,Plant,each,179.99,Y,5,2025-12-26 20:32:10,2025-12-26 20:32:10,Active,Imported from mountain_gardens_premium_import_final.csv,,Plant,60.0,,179.99,60.0,179.99,,Mountain Gardens,2025-12-26,,,
PLA-CF52A26B,Plant,Plant,Plant,Plant,each,99.99,Y,5,2025-12-26 20:32:10,2025-12-26 20:32:10,Active,Imported from mountain_gardens_premium_import_final.csv,10 gal,Plant,39.2,,99.99,39.2,99.99,,Mountain Gardens,2025-12-26,,,
PLA-02F7512E,Plant,Plant,Plant,Plant,each,169.99,Y,5,2025-12-26 20:32:10,2025-12-26 20:32:10,Active,Imported from mountain_gardens_premium_import_final.csv,15 gal,Plant,82.4,,169.99,82.4,169.99,,Mountain Gardens,2025-12-26,,,
PLA-3284F9B5,Plant,Plant,Plant,Plant,each,119.99,Y,5,2025-12-26 20:32:10,2025-12-26 20:32:10,Active,Imported from mountain_gardens_premium_import_final.csv,10 gal,Plant,45.0,,119.99,45.0,119.99,,Mountain Gardens,2025-12-26,,,
PLA-60CCBCA2,Plant,Plant,Plant,Plant,each,9.99,Y,5,2025-12-26 20:32:10,2025-12-26 20:32:10,Active,Imported from mountain_gardens_premium_import_final.csv,1gal,Plant,4.25,,9.99,4.25,9.99,,Mountain Gardens,2025-12-26,,,
PLA-ACCEAE13,Plant,Plant,Plant,Plant,each,139.99,Y,5,2025-12-26 20:32:10,2025-12-26 20:32:10,Active,Imported from mountain_gardens_premium_import_final.csv,"30""",Plant,39.4,,139.99,39.4,139.99,,Mountain Gardens,2025-12-26,,,
PLA-651AEBFB,Plant,Plant,Plant,Plant,each,69.99,Y,5,2025-12-26 20:32:10,2025-12-26 20:32:10,Active,Imported from mountain_gardens_premium_import_final.csv,2 gal,Plant,,,69.99,,69.99,,Mountain Gardens,2025-12-26,,,
PLA-6FEB6BBF,Plant,Plant,Plant,Plant,each,159.99,Y,5,2025-12-26 20:32:10,2025-12-26 20:32:10,Active,Imported from mountain_gardens_premium_import_final.csv,20 gal,Plant,15.0,,159.99,15.0,159.99,,Mountain Gardens,2025-12-26,,,
PLA-C108073C,Plant,Plant,Plant,Plant,each,79.99,Y,5,2025-12-26 20:32:10,2025-12-26 20:32:10,Active,Imported from mountain_gardens_premium_import_final.csv,5 gal,Plant,39.0,,79.99,39.0,79.99,,Mountain Gardens,2025-12-26,,,
PLA-123B9384,Plant,Plant,Plant,Plant,each,79.99,Y,5,2025-12-26 20:32:10,2025-12-26 20:32:10,Active,Imported from mountain_gardens_premium_import_final.csv,5 gal,Plant,38.5,,79.99,38.5,79.99,,Mountain Gardens,2025-12-26,,,
PLA-4734B274,Plant,Plant,Plant,Plant,each,14.99,Y,5,2025-12-26 20:32:10,2025-12-26 20:32:10,Active,Imported from mountain_gardens_premium_import_final.csv,1 gal,Plant,3.8,,14.99,3.8,14.99,,Mountain Gardens,2025-12-26,,,
PLA-432EAD7A,Plant,Plant,Plant,Plant,each,99.99,Y,5,2025-12-26 20:32:10,2025-12-26 20:32:10,Active,Imported from mountain_gardens_premium_import_final.csv,15 gal,Plant,48.0,,99.99,48.0,99.99,,Mountain Gardens,2025-12-26,,,
PLA-CD852320,Plant,Plant,Plant,Plant,each,34.99,Y,5,2025-12-26 20:32:10,2025-12-26 20:32:10,Active,Imported from mountain_gardens_premium_import_final.csv,3 gal,Plant,12.5,,34.99,12.5,34.99,,Mountain Gardens,2025-12-26,,,
PLA-0EA35695,Plant,Plant,Plant,Plant,each,19.99,Y,5,2025-12-26 20:32:10,2025-12-26 20:32:10,Active,Imported from mountain_gardens_premium_import_final.csv,1 gal,Plant,6.8,,19.99,6.8,19.99,,Mountain Gardens,2025-12-26,,,
PLA-2A95BD36,Plant,Plant,Plant,Plant,each,59.99,Y,5,2025-12-26 20:32:10,2025-12-26 20:32:10,Active,Imported from mountain_gardens_premium_import_final.csv,3 gal,Plant,21.2,,59.99,21.2,59.99,,Mountain Gardens,2025-12-26,,,
PLA-9B573060,Plant,Plant,Plant,Plant,each,39.99,Y,5,2025-12-26 20:32:10,2025-12-26 20:32:10,Active,Imported from mountain_gardens_premium_import_final.csv,5 gal,Plant,10.3,,39.99,10.3,39.99,,Mountain Gardens,2025-12-26,,,
PLA-764F8775,Plant,Plant,Plant,Plant,each,49.99,Y,5,2025-12-26 20:32:10,2025-12-26 20:32:10,Active,Imported from mountain_gardens_premium_import_final.csv,6 gal,Plant,18.5,,49.99,18.5,49.99,,Mountain Gardens,2025-12-26,,,
PLA-23E144D7,Plant,Plant,Plant,Plant,each,79.99,Y,5,2025-12-26 20:32:10,2025-12-26 20:32:10,Active,Imported from mountain_gardens_premium_import_final.csv,7 gal,Plant,28.0,,79.99,28.0,79.99,,Mountain Gardens,2025-12-26,,,
PLA-1C4C1698,Plant,Plant,Plant,Plant,each,49.99,Y,5,2025-12-26 20:32:10,2025-12-26 20:32:10,Active,Imported from mountain_gardens_premium_import_final.csv,3gal,Plant,,,49.99,,49.99,,Mountain Gardens,2025-12-26,,,
PLA-FE3837E9,Plant,Plant,Plant,Plant,each,99.99,Y,5,2025-12-26 20:32:10,2025-12-26 20:32:10,Active,Imported from mountain_gardens_premium_import_final.csv,,Plant,35.6,,99.99,35.6,99.99,,Mountain Gardens,2025-12-26,,,
PLA-89D589D9,Plant,Plant,Plant,Plant,each,299.99,Y,5,2025-12-26 20:32:10,2025-12-26 20:32:10,Active,Imported from mountain_gardens_premium_import_final.csv,15 gal,Plant,50.0,,299.99,50.0,299.99,,Mountain Gardens,2025-12-26,,,
PLA-3640F561,Plant,Plant,Plant,Plant,each,29.99,Y,5,2025-12-26 20:32:10,2025-12-26 20:32:10,Active,Imported from mountain_gardens_premium_import_final.csv,2 gal,Plant,8.6,,29.99,8.6,29.99,,Mountain Gardens,2025-12-26,,,
PLA-37FB37F7,Plant,Plant,Plant,Plant,each,99.99,Y,5,2025-12-26 20:32:10,2025-12-26 20:32:10,Active,Imported from mountain_gardens_premium_import_final.csv,15gal,Plant,50.0,,99.99,50.0,99.99,,Mountain Gardens,2025-12-26,,,
PLA-07F421EE,Plant,Plant,Plant,Plant,each,24.99,Y,5,2025-12-26 20:32:10,2025-12-26 20:32:10,Active,Imported from mountain_gardens_premium_import_final.csv,5 gal,Plant,10.5,,24.99,10.5,24.99,,Mountain Gardens,2025-12-26,,,
PLA-A7E1B062,Plant,Plant,Plant,Plant,each,9.99,Y,5,2025-12-26 20:32:10,2025-12-26 20:32:10,Active,Imported from mountain_gardens_premium_import_final.csv,1gal,Plant,3.5,,9.99,3.5,9.99,,Mountain Gardens,2025-12-26,,,
PLA-CA09FAE3,Plant,Plant,Plant,Plant,each,,Y,5,2025-12-26 20:32:10,2025-12-26 20:32:10,Active,Imported from mountain_gardens_premium_import_final.csv,,Plant,0.05,,,0.05,,,Mountain Gardens,2025-12-26,,,
PLA-148557F5,Plant,Plant,Plant,Plant,each,14.99,Y,5,2025-12-26 20:32:10,2025-12-26 20:32:10,Active,Imported from mountain_gardens_premium_import_final.csv,,Plant,3.5,,14.99,3.5,14.99,,Mountain Gardens,2025-12-26,,,
PLA-F40299CB,plant,Plant,Plant,plant,each,9.99,Y,5,2025-12-26 20:32:10,2025-12-26 20:32:10,Active,Imported from mountain_gardens_premium_import_final.csv,,plant,3.75,,9.99,3.75,9.99,,Mountain Gardens,2025-12-26,,,
PLA-929CC6CA,Plant,Plant,Plant,Plant,each,44.99,Y,5,2025-12-26 20:32:10,2025-12-26 20:32:10,Active,Imported from mountain_gardens_premium_import_final.csv,15gal,Plant,15.0,,44.99,15.0,44.99,,Mountain Gardens,2025-12-26,,,
PLA-67E66D2D,Plant,Plant,Plant,Plant,each,109.99,Y,5,2025-12-26 20:32:10,2025-12-26 20:32:10,Active,Imported from mountain_gardens_premium_import_final.csv,15 gal,Plant,47.0,,109.99,47.0,109.99,,Mountain Gardens,2025-12-26,,,
PLA-9422ECBE,Plant,Plant,Plant,Plant,each,39.99,Y,5,2025-12-26 20:32:10,2025-12-26 20:32:10,Active,Imported from mountain_gardens_premium_import_final.csv,#1,Plant,16.05,,39.99,16.05,39.99,,Mountain Gardens,2025-12-26,,,
PLA-B73FB55D,Plant,Plant,Plant,Plant,each,299.99,Y,5,2025-12-26 20:32:10,2025-12-26 20:32:10,Active,Imported from mountain_gardens_premium_import_final.csv,"24""",Plant,135.0,,299.99,135.0,299.99,,Mountain Gardens,2025-12-26,,,
PLA-43952233,Plant,Plant,Plant,Plant,each,34.99,Y,5,2025-12-26 20:32:10,2025-12-26 20:32:10,Active,Imported from mountain_gardens_premium_import_final.csv,"4""",Plant,14.55,,34.99,14.55,34.99,,Mountain Gardens,2025-12-26,,,
PLA-82601E00,Plant,Plant,Plant,Plant,each,34.99,Y,5,2025-12-26 20:32:10,2025-12-26 20:32:10,Active,Imported from mountain_gardens_premium_import_final.csv,"4""",Plant,13.9,,34.99,13.9,34.99,,Mountain Gardens,2025-12-26,,,
PLA-0F58C043,Plant,Plant,Plant,Plant,each,89.99,Y,5,2025-12-26 20:32:10,2025-12-26 20:32:10,Active,Imported from mountain_gardens_premium_import_final.csv,15 gal,Plant,,,89.99,,89.99,,Mountain Gardens,2025-12-26,,,
PLA-7F43BEDB,Plant,Plant,Plant,Plant,each,49.99,Y,5,2025-12-26 20:32:10,2025-12-26 20:32:10,Active,Imported from mountain_gardens_premium_import_final.csv,5 gal,Plant,22.0,,49.99,22.0,49.99,,Mountain Gardens,2025-12-26,,,
PLA-58CA24B1,Plant,Plant,Plant,Plant,each,44.99,Y,5,2025-12-26 20:32:10,2025-12-26 20:32:10,Active,Imported from mountain_gardens_premium_import_final.csv,5 gal,Plant,14.0,,44.99,14.0,44.99,,Mountain Gardens,2025-12-26,,,
PLA-DE351EFC,Plant,Plant,Plant,Plant,each,29.99,Y,5,2025-12-26 20:32:10,2025-12-26 20:32:10,Active,Imported from mountain_gardens_premium_import_final.csv,"4""",Plant,10.75,,29.99,10.75,29.99,,Mountain Gardens,2025-12-26,,,
PLA-FB7C29B1,Plant,Plant,Plant,Plant,each,89.99,Y,5,2025-12-26 20:32:10,2025-12-26 20:32:10,Active,Imported from mountain_gardens_premium_import_final.csv,15gal,Plant,14.0,,89.99,14.0,89.99,,Mountain Gardens,2025-12-26,,,
PLA-42640DC7,Plant,Plant,Plant,Plant,each,29.99,Y,5,2025-12-26 20:32:10,2025-12-26 20:32:10,Active,Imported from mountain_gardens_premium_import_final.csv,"4""",Plant,10.75,,29.99,10.75,29.99,,Mountain Gardens,2025-12-26,,,
PLA-59371F59,Plant,Plant,Plant,Plant,each,29.99,Y,5,2025-12-26 20:32:10,2025-12-26 20:32:10,Active,Imported from mountain_gardens_premium_import_final.csv,,Plant,10.95,,29.99,10.95,29.99,,Mountain Gardens,2025-12-26,,,
PLA-037B710A,Plant,Plant,Plant,Plant,each,39.99,Y,5,2025-12-26 20:32:10,2025-12-26 20:32:10,Active,Imported from mountain_gardens_premium_import_final.csv,5 gal,Plant,15.0,,39.99,15.0,39.99,,Mountain Gardens,2025-12-26,,,
PLA-91AA5AD8,Plant,Plant,Plant,Plant,each,24.99,Y,5,2025-12-26 20:32:10,2025-12-26 20:32:10,Active,Imported from mountain_gardens_premium_import_final.csv,,Plant,10.25,,24.99,10.25,24.99,,Mountain Gardens,2025-12-26,,,
PLA-0A235C8B,Plant,Plant,Plant,Plant,each,49.99,Y,5,2025-12-26 20:32:10,2025-12-26 20:32:10,Active,Imported from mountain_gardens_premium_import_final.csv,5 gal,Plant,22.65,,49.99,22.65,49.99,,Mountain Gardens,2025-12-26,,,
PLA-3E7BFC5B,Plant,Plant,Plant,Plant,each,44.99,Y,5,2025-12-26 20:32:10,2025-12-26 20:32:10,Active,Imported from mountain_gardens_premium_import_final.csv,5 gal,Plant,14.0,,44.99,14.0,44.99,,Mountain Gardens,2025-12-26,,,
PLA-39D650F4,Plant,Plant,Plant,Plant,each,24.99,Y,5,2025-12-26 20:32:11,2025-12-26 20:32:11,Active,Imported from mountain_gardens_premium_import_final.csv,,Plant,9.0,,24.99,9.0,24.99,,Mountain Gardens,2025-12-26,,,
PLA-93299F23,Plant,Plant,Plant,Plant,each,1.99,Y,5,2025-12-26 20:32:11,2025-12-26 20:32:11,Active,Imported from mountain_gardens_premium_import_final.csv,,Plant,0.6,,1.99,0.6,1.99,,Mountain Gardens,2025-12-26,,,
PLA-1E8D5C40,Plant,Plant,Plant,Plant,each,19.99,Y,5,2025-12-26 20:32:11,2025-12-26 20:32:11,Active,Imported from mountain_gardens_premium_import_final.csv,,Plant,6.5,,19.99,6.5,19.99,,Mountain Gardens,2025-12-26,,,
PLA-67EC4BCD,plant,Plant,Plant,plant,each,14.99,Y,5,2025-12-26 20:32:11,2025-12-26 20:32:11,Active,Imported from mountain_gardens_premium_import_final.csv,1 gal,plant,4.95,,14.99,4.95,14.99,,Mountain Gardens,2025-12-26,,,
PLA-B7B12040,Plant,Plant,Plant,Plant,each,9.99,Y,5,2025-12-26 20:32:11,2025-12-26 20:32:11,Active,Imported from mountain_gardens_premium_import_final.csv,1 gal,Plant,3.95,,9.99,3.95,9.99,,Mountain Gardens,2025-12-26,,,
PLA-BE83C14F,Plant,Plant,Plant,Plant,each,7.99,Y,5,2025-12-26 20:32:11,2025-12-26 20:32:11,Active,Imported from mountain_gardens_premium_import_final.csv,#1,Plant,,,7.99,,7.99,,Mountain Gardens,2025-12-26,,,
PLA-94DA44AB,Plant,Plant,Plant,Plant,each,7.99,Y,5,2025-12-26 20:32:11,2025-12-26 20:32:11,Active,Imported from mountain_gardens_premium_import_final.csv,,Plant,0.75,,7.99,0.75,7.99,,Mountain Gardens,2025-12-26,,,
PLA-588CC6DE,Plant,Plant,Plant,Plant,each,9.99,Y,5,2025-12-26 20:32:11,2025-12-26 20:32:11,Active,Imported from mountain_gardens_premium_import_final.csv,1 gal,Plant,4.45,,9.99,4.45,9.99,,Mountain Gardens,2025-12-26,,,
PLA-16D4C231,Plant,Plant,Plant,Plant,each,9.99,Y,5,2025-12-26 20:32:11,2025-12-26 20:32:11,Active,Imported from mountain_gardens_premium_import_final.csv,1 gal,Plant,4.45,,9.99,4.45,9.99,,Mountain Gardens,2025-12-26,,,
PLA-38A1772F,Plant,Plant,Plant,Plant,each,14.99,Y,5,2025-12-26 20:32:11,2025-12-26 20:32:11,Active,Imported from mountain_gardens_premium_import_final.csv,1 gal,Plant,5.8,,14.99,5.8,14.99,,Mountain Gardens,2025-12-26,,,
PLA-97E9276D,Plant,Plant,Plant,Plant,each,19.99,Y,5,2025-12-26 20:32:11,2025-12-26 20:32:11,Active,Imported from mountain_gardens_premium_import_final.csv,2 gal,Plant,8.0,,19.99,8.0,19.99,,Mountain Gardens,2025-12-26,,,
PLA-02B03654,Plant,Plant,Plant,Plant,each,14.99,Y,5,2025-12-26 20:32:11,2025-12-26 20:32:11,Active,Imported from mountain_gardens_premium_import_final.csv,1 gal,Plant,5.35,,14.99,5.35,14.99,,Mountain Gardens,2025-12-26,,,
PLA-29022EB4,Plant,Plant,Plant,Plant,each,29.99,Y,5,2025-12-26 20:32:11,2025-12-26 20:32:11,Active,Imported from mountain_gardens_premium_import_final.csv,5 gal,Plant,12.0,,29.99,12.0,29.99,,Mountain Gardens,2025-12-26,,,
PLA-7C7D10E1,Plant,Plant,Plant,Plant,each,14.99,Y,5,2025-12-26 20:32:11,2025-12-26 20:32:11,Active,Imported from mountain_gardens_premium_import_final.csv,1 gal,Plant,4.95,,14.99,4.95,14.99,,Mountain Gardens,2025-12-26,,,
PLA-00256EF0,Plant,Plant,Plant,Plant,each,29.99,Y,5,2025-12-26 20:32:11,2025-12-26 20:32:11,Active,Imported from mountain_gardens_premium_import_final.csv,5 gal,Plant,12.5,,29.99,12.5,29.99,,Mountain Gardens,2025-12-26,,,
PLA-AA483480,Plant,Plant,Plant,Plant,each,9.99,Y,5,2025-12-26 20:32:11,2025-12-26 20:32:11,Active,Imported from mountain_gardens_premium_import_final.csv,,Plant,3.66,,9.99,3.66,9.99,,Mountain Gardens,2025-12-26,,,
PLA-D23C15C0,Plant,Plant,Plant,Plant,each,149.99,Y,5,2025-12-26 20:32:11,2025-12-26 20:32:11,Active,Imported from mountain_gardens_premium_import_final.csv,15 gal,Plant,64.5,,149.99,64.5,149.99,,Mountain Gardens,2025-12-26,,,
PLA-D2AA8E0D,Plant,Plant,Plant,Plant,each,9.99,Y,5,2025-12-26 20:32:11,2025-12-26 20:32:11,Active,Imported from mountain_gardens_premium_import_final.csv,1 gal,Plant,2.95,,9.99,2.95,9.99,,Mountain Gardens,2025-12-26,,,
PLA-E1777CEE,Plant,Plant,Plant,Plant,each,9.99,Y,5,2025-12-26 20:32:11,2025-12-26 20:32:11,Active,Imported from mountain_gardens_premium_import_final.csv,1 gal,Plant,3.6,,9.99,3.6,9.99,,Mountain Gardens,2025-12-26,,,
PLA-944E9278,Plant,Plant,Plant,Plant,each,29.99,Y,5,2025-12-26 20:32:11,2025-12-26 20:32:11,Active,Imported from mountain_gardens_premium_import_final.csv,5 gal,Plant,6.5,,29.99,6.5,29.99,,Mountain Gardens,2025-12-26,,,
PLA-385FADA6,Plant,Plant,Plant,Plant,each,8.99,Y,5,2025-12-26 20:32:11,2025-12-26 20:32:11,Active,Imported from mountain_gardens_premium_import_final.csv,1 gal,Plant,2.0,,8.99,2.0,8.99,,Mountain Gardens,2025-12-26,,,
PLA-7183AF9A,Plant,Plant,Plant,Plant,each,7.99,Y,5,2025-12-26 20:32:11,2025-12-26 20:32:11,Active,Imported from mountain_gardens_premium_import_final.csv,,Plant,2.35,,7.99,2.35,7.99,,Mountain Gardens,2025-12-26,,,
PLA-1E2F5C37,Plant,Plant,Plant,Plant,each,34.99,Y,5,2025-12-26 20:32:11,2025-12-26 20:32:11,Active,Imported from mountain_gardens_premium_import_final.csv,"1""",Plant,12.8,,34.99,12.8,34.99,,Mountain Gardens,2025-12-26,,,
PLA-BFF36A1A,Plant,Plant,Plant,Plant,each,39.99,Y,5,2025-12-26 20:32:11,2025-12-26 20:32:11,Active,Imported from mountain_gardens_premium_import_final.csv,5 gal,Plant,17.0,,39.99,17.0,39.99,,Mountain Gardens,2025-12-26,,,
PLA-2F4A3382,Plant,Plant,Plant,Plant,each,39.99,Y,5,2025-12-26 20:32:11,2025-12-26 20:32:11,Active,Imported from mountain_gardens_premium_import_final.csv,5 gal,Plant,15.95,,39.99,15.95,39.99,,Mountain Gardens,2025-12-26,,,
PLA-6AC96BB0,Plant,Plant,Plant,Plant,each,24.99,Y,5,2025-12-26 20:32:11,2025-12-26 20:32:11,Active,Imported from mountain_gardens_premium_import_final.csv,2 gal,Plant,2.0,,24.99,2.0,24.99,,Mountain Gardens,2025-12-26,,,
PLA-95E76713,Plant,Plant,Plant,Plant,each,8.99,Y,5,2025-12-26 20:32:11,2025-12-26 20:32:11,Active,Imported from mountain_gardens_premium_import_final.csv,1 gal,Plant,3.05,,8.99,3.05,8.99,,Mountain Gardens,2025-12-26,,,
PLA-A5C591B7,Plant,Plant,Plant,Plant,each,9.99,Y,5,2025-12-26 20:32:11,2025-12-26 20:32:11,Active,Imported from mountain_gardens_premium_import_final.csv,1 gal,Plant,3.95,,9.99,3.95,9.99,,Mountain Gardens,2025-12-26,,,
PLA-F462CD66,Plant,Plant,Plant,Plant,each,24.99,Y,5,2025-12-26 20:32:11,2025-12-26 20:32:11,Active,Imported from mountain_gardens_premium_import_final.csv,5 gal,Plant,8.95,,24.99,8.95,24.99,,Mountain Gardens,2025-12-26,,,
PLA-FC44FD28,Plant,Plant,Plant,Plant,each,9.99,Y,5,2025-12-26 20:32:12,2025-12-26 20:32:12,Active,Imported from mountain_gardens_premium_import_final.csv,1gal,Plant,3.8,,9.99,3.8,9.99,,Mountain Gardens,2025-12-26,,,
PLA-6C4F4823,Plant,Plant,Plant,Plant,each,29.99,Y,5,2025-12-26 20:32:12,2025-12-26 20:32:12,Active,Imported from mountain_gardens_premium_import_final.csv,2 gal,Plant,11.6,,29.99,11.6,29.99,,Mountain Gardens,2025-12-26,,,
PLA-590B7E6D,Plant,Plant,Plant,Plant,each,4.99,Y,5,2025-12-26 20:32:12,2025-12-26 20:32:12,Active,Imported from mountain_gardens_premium_import_final.csv,,Plant,1.43,,4.99,1.43,4.99,,Mountain Gardens,2025-12-26,,,
PLA-252444EF,Plant,Plant,Plant,Plant,each,4.99,Y,5,2025-12-26 20:32:12,2025-12-26 20:32:12,Active,Imported from mountain_gardens_premium_import_final.csv,,Plant,1.43,,4.99,1.43,4.99,,Mountain Gardens,2025-12-26,,,
PLA-554DF90B,Plant,Plant,Plant,Plant,each,14.99,Y,5,2025-12-26 20:32:12,2025-12-26 20:32:12,Active,Imported from mountain_gardens_premium_import_final.csv,,Plant,5.04,,14.99,5.04,14.99,,Mountain Gardens,2025-12-26,,,
PLA-10818C00,Plant,Plant,Plant,Plant,each,6.99,Y,5,2025-12-26 20:32:12,2025-12-26 20:32:12,Active,Imported from mountain_gardens_premium_import_final.csv,,Plant,2.02,,6.99,2.02,6.99,,Mountain Gardens,2025-12-26,,,
PLA-7C4734A1,Plant,Plant,Plant,Plant,each,49.99,Y,5,2025-12-26 20:32:12,2025-12-26 20:32:12,Active,Imported from mountain_gardens_premium_import_final.csv,5 gal,Plant,22.15,,49.99,22.15,49.99,,Mountain Gardens,2025-12-26,,,
PLA-6DB4D332,Plant,Plant,Plant,Plant,each,4.99,Y,5,2025-12-26 20:32:12,2025-12-26 20:32:12,Active,Imported from mountain_gardens_premium_import_final.csv,,Plant,1.47,,4.99,1.47,4.99,,Mountain Gardens,2025-12-26,,,
PLA-53C47DE9,Plant,Plant,Plant,Plant,each,14.99,Y,5,2025-12-26 20:32:12,2025-12-26 20:32:12,Active,Imported from mountain_gardens_premium_import_final.csv,1 gal,Plant,6.08,,14.99,6.08,14.99,,Mountain Gardens,2025-12-26,,,
PLA-7FEADEEE,Plant,Plant,Plant,Plant,each,25.99,Y,5,2025-12-26 20:32:12,2025-12-26 20:32:12,Active,Imported from mountain_gardens_premium_import_final.csv,5 gal,Plant,,,25.99,,25.99,,Mountain Gardens,2025-12-26,,,
PLA-E9AC6C19,Plant,Plant,Plant,Plant,each,5.99,Y,5,2025-12-26 20:32:12,2025-12-26 20:32:12,Active,Imported from mountain_gardens_premium_import_final.csv,,Plant,1.39,,5.99,1.39,5.99,,Mountain Gardens,2025-12-26,,,
PLA-91D9B22F,Plant,Plant,Plant,Plant,each,25.99,Y,5,2025-12-26 20:32:12,2025-12-26 20:32:12,Active,Imported from mountain_gardens_premium_import_final.csv,1 gal,Plant,,,25.99,,25.99,,Mountain Gardens,2025-12-26,,,
PLA-B1CEBD33,Plant,Plant,Plant,Plant,each,10.99,Y,5,2025-12-26 20:32:12,2025-12-26 20:32:12,Active,Imported from mountain_gardens_premium_import_final.csv,1 gal,Plant,,,10.99,,10.99,,Mountain Gardens,2025-12-26,,,
PLA-AC99DFAD,Plant,Plant,Plant,Plant,each,14.99,Y,5,2025-12-26 20:32:12,2025-12-26 20:32:12,Active,Imported from mountain_gardens_premium_import_final.csv,1 gal,Plant,6.08,,14.99,6.08,14.99,,Mountain Gardens,2025-12-26,,,
PLA-0A6A1135,Plant,Plant,Plant,Plant,each,49.99,Y,5,2025-12-26 20:32:12,2025-12-26 20:32:12,Active,Imported from mountain_gardens_premium_import_final.csv,,Plant,,,49.99,,49.99,,Mountain Gardens,2025-12-26,,,
PLA-CD5CFEFA,plant,Plant,Plant,plant,each,34.99,Y,5,2025-12-26 20:32:12,2025-12-26 20:32:12,Active,Imported from mountain_gardens_premium_import_final.csv,,plant,15.58,,34.99,15.58,34.99,,Mountain Gardens,2025-12-26,,,
PLA-369391C2,Plant,Plant,Plant,Plant,each,499.99,Y,5,2025-12-26 20:32:12,2025-12-26 20:32:12,Active,Imported from mountain_gardens_premium_import_final.csv,25 gal,Plant,285.0,,499.99,285.0,499.99,,Mountain Gardens,2025-12-26,,,
PLA-678E3253,Plant,Plant,Plant,Plant,each,129.99,Y,5,2025-12-26 20:32:12,2025-12-26 20:32:12,Active,Imported from mountain_gardens_premium_import_final.csv,15 gal,Plant,59.0,,129.99,59.0,129.99,,Mountain Gardens,2025-12-26,,,
PLA-BC43DDEC,Plant,Plant,Plant,Plant,each,14.99,Y,5,2025-12-26 20:32:12,2025-12-26 20:32:12,Active,Imported from mountain_gardens_premium_import_final.csv,,Plant,4.5,,14.99,4.5,14.99,,Mountain Gardens,2025-12-26,,,
PLA-F4162913,Plant,Plant,Plant,Plant,each,69.99,Y,5,2025-12-26 20:32:12,2025-12-26 20:32:12,Active,Imported from mountain_gardens_premium_import_final.csv,"8""",Plant,25.2,,69.99,25.2,69.99,,Mountain Gardens,2025-12-26,,,
PLA-4035A43A,Plant,Plant,Plant,Plant,each,24.99,Y,5,2025-12-26 20:32:12,2025-12-26 20:32:12,Active,Imported from mountain_gardens_premium_import_final.csv,,Plant,8.85,,24.99,8.85,24.99,,Mountain Gardens,2025-12-26,,,
PLA-22AF3D60,Plant,Plant,Plant,Plant,each,14.99,Y,5,2025-12-26 20:32:12,2025-12-26 20:32:12,Active,Imported from mountain_gardens_premium_import_final.csv,,Plant,5.0,,14.99,5.0,14.99,,Mountain Gardens,2025-12-26,,,
PLA-0E8BA578,Plant,Plant,Plant,Plant,each,399.99,Y,5,2025-12-26 20:32:12,2025-12-26 20:32:12,Active,Imported from mountain_gardens_premium_import_final.csv,"24""",Plant,150.0,,399.99,150.0,399.99,,Mountain Gardens,2025-12-26,,,
PLA-C30E9943,Plant,Plant,Plant,Plant,each,49.99,Y,5,2025-12-26 20:32:12,2025-12-26 20:32:12,Active,Imported from mountain_gardens_premium_import_final.csv,5 gal,Plant,19.99,,49.99,19.99,49.99,,Mountain Gardens,2025-12-26,,,
PLA-2A968428,Plant,Plant,Plant,Plant,each,99.99,Y,5,2025-12-26 20:32:12,2025-12-26 20:32:12,Active,Imported from mountain_gardens_premium_import_final.csv,15 gal,Plant,60.0,,99.99,60.0,99.99,,Mountain Gardens,2025-12-26,,,
PLA-97496164,Plant,Plant,Plant,Plant,each,19.99,Y,5,2025-12-26 20:32:12,2025-12-26 20:32:12,Active,Imported from mountain_gardens_premium_import_final.csv,1 gal,Plant,6.99,,19.99,6.99,19.99,,Mountain Gardens,2025-12-26,,,
PLA-4AE48D50,Plant,Plant,Plant,Plant,each,39.99,Y,5,2025-12-26 20:32:12,2025-12-26 20:32:12,Active,Imported from mountain_gardens_premium_import_final.csv,5 gal,Plant,11.95,,39.99,11.95,39.99,,Mountain Gardens,2025-12-26,,,
PLA-D20F1736,Plant,Plant,Plant,Plant,each,14.99,Y,5,2025-12-26 20:32:12,2025-12-26 20:32:12,Active,Imported from mountain_gardens_premium_import_final.csv,1 gal,Plant,4.25,,14.99,4.25,14.99,,Mountain Gardens,2025-12-26,,,
PLA-6BC21778,Plant,Plant,Plant,Plant,each,39.99,Y,5,2025-12-26 20:32:12,2025-12-26 20:32:12,Active,Imported from mountain_gardens_premium_import_final.csv,5 gal,Plant,12.83,,39.99,12.83,39.99,,Mountain Gardens,2025-12-26,,,
PLA-527B176A,Plant,Plant,Plant,Plant,each,79.99,Y,5,2025-12-26 20:32:12,2025-12-26 20:32:12,Active,Imported from mountain_gardens_premium_import_final.csv,"24""",Plant,32.0,,79.99,32.0,79.99,,Mountain Gardens,2025-12-26,,,
PLA-609AD321,Plant,Plant,Plant,Plant,each,34.99,Y,5,2025-12-26 20:32:12,2025-12-26 20:32:12,Active,Imported from mountain_gardens_premium_import_final.csv,2gal,Plant,15.0,,34.99,15.0,34.99,,Mountain Gardens,2025-12-26,,,
PLA-D030E485,Plant,Plant,Plant,Plant,each,39.99,Y,5,2025-12-26 20:32:12,2025-12-26 20:32:12,Active,Imported from mountain_gardens_premium_import_final.csv,3gal,Plant,14.0,,39.99,14.0,39.99,,Mountain Gardens,2025-12-26,,,
PLA-E3BFEE45,Plant,Plant,Plant,Plant,each,69.99,Y,5,2025-12-26 20:32:12,2025-12-26 20:32:12,Active,Imported from mountain_gardens_premium_import_final.csv,"24""",Plant,23.0,,69.99,23.0,69.99,,Mountain Gardens,2025-12-26,,,
PLA-998F55DA,Plant,Plant,Plant,Plant,each,39.99,Y,5,2025-12-26 20:32:12,2025-12-26 20:32:12,Active,Imported from mountain_gardens_premium_import_final.csv,3gal,Plant,15.0,,39.99,15.0,39.99,,Mountain Gardens,2025-12-26,,,
PLA-A6043F38,Plant,Plant,Plant,Plant,each,59.99,Y,5,2025-12-26 20:32:12,2025-12-26 20:32:12,Active,Imported from mountain_gardens_premium_import_final.csv,"30""",Plant,23.99,,59.99,23.99,59.99,,Mountain Gardens,2025-12-26,,,
PLA-F0907FD9,Plant,Plant,Plant,Plant,each,59.99,Y,5,2025-12-26 20:32:12,2025-12-26 20:32:12,Active,Imported from mountain_gardens_premium_import_final.csv,3gal,Plant,15.68,,59.99,15.68,59.99,,Mountain Gardens,2025-12-26,,,
PLA-FB544498,Plant,Plant,Plant,Plant,each,49.99,Y,5,2025-12-26 20:32:12,2025-12-26 20:32:12,Active,Imported from mountain_gardens_premium_import_final.csv,3 gal,Plant,20.0,,49.99,20.0,49.99,,Mountain Gardens,2025-12-26,,,
PLA-9F01C8AD,Plant,Plant,Plant,Plant,each,59.99,Y,5,2025-12-26 20:32:12,2025-12-26 20:32:12,Active,Imported from mountain_gardens_premium_import_final.csv,5 gal,Plant,20.0,,59.99,20.0,59.99,,Mountain Gardens,2025-12-26,,,
PLA-286DD2AC,Plant,Plant,Plant,Plant,each,59.99,Y,5,2025-12-26 20:32:12,2025-12-26 20:32:12,Active,Imported from mountain_gardens_premium_import_final.csv,6 gal,Plant,23.99,,59.99,23.99,59.99,,Mountain Gardens,2025-12-26,,,
PLA-7916BFD5,Plant,Plant,Plant,Plant,each,59.99,Y,5,2025-12-26 20:32:12,2025-12-26 20:32:12,Active,Imported from mountain_gardens_premium_import_final.csv,5 gal,Plant,20.0,,59.99,20.0,59.99,,Mountain Gardens,2025-12-26,,,
PLA-0E6A2DCB,Plant,Plant,Plant,Plant,each,15.99,Y,5,2025-12-26 20:32:12,2025-12-26 20:32:12,Active,Imported from mountain_gardens_premium_import_final.csv,,Plant,,,15.99,,15.99,,Mountain Gardens,2025-12-26,,,
PLA-28F71729,Plant,Plant,Plant,Plant,each,44.99,Y,5,2025-12-26 20:32:12,2025-12-26 20:32:12,Active,Imported from mountain_gardens_premium_import_final.csv,5 gal,Plant,18.25,,44.99,18.25,44.99,,Mountain Gardens,2025-12-26,,,
PLA-D590063C,Plant,Plant,Plant,Plant,each,29.99,Y,5,2025-12-26 20:32:12,2025-12-26 20:32:12,Active,Imported from mountain_gardens_premium_import_final.csv,5 gal,Plant,11.6,,29.99,11.6,29.99,,Mountain Gardens,2025-12-26,,,
PLA-130FF70A,Plant,Plant,Plant,Plant,each,29.99,Y,5,2025-12-26 20:32:12,2025-12-26 20:32:12,Active,Imported from mountain_gardens_premium_import_final.csv,2 gal,Plant,12.75,,29.99,12.75,29.99,,Mountain Gardens,2025-12-26,,,
PLA-BE72D56F,Plant,Plant,Plant,Plant,each,44.99,Y,5,2025-12-26 20:32:12,2025-12-26 20:32:12,Active,Imported from mountain_gardens_premium_import_final.csv,5 gal,Plant,19.75,,44.99,19.75,44.99,,Mountain Gardens,2025-12-26,,,
PLA-275B0280,Plant,Plant,Plant,Plant,each,24.99,Y,5,2025-12-26 20:32:12,2025-12-26 20:32:12,Active,Imported from mountain_gardens_premium_import_final.csv,2 gal,Plant,10.36,,24.99,10.36,24.99,,Mountain Gardens,2025-12-26,,,
PLA-DEAED6B2,Plant,Plant,Plant,Plant,each,34.99,Y,5,2025-12-26 20:32:12,2025-12-26 20:32:12,Active,Imported from mountain_gardens_premium_import_final.csv,3 gal,Plant,13.75,,34.99,13.75,34.99,,Mountain Gardens,2025-12-26,,,
PLA-BF08BF89,Plant,Plant,Plant,Plant,each,29.99,Y,5,2025-12-26 20:32:12,2025-12-26 20:32:12,Active,Imported from mountain_gardens_premium_import_final.csv,5 gal,Plant,12.5,,29.99,12.5,29.99,,Mountain Gardens,2025-12-26,,,
PLA-2078D957,Plant,Plant,Plant,Plant,each,24.99,Y,5,2025-12-26 20:32:12,2025-12-26 20:32:12,Active,Imported from mountain_gardens_premium_import_final.csv,3 gal,Plant,11.15,,24.99,11.15,24.99,,Mountain Gardens,2025-12-26,,,
PLA-2315F05B,Plant,Plant,Plant,Plant,each,14.99,Y,5,2025-12-26 20:32:12,2025-12-26 20:32:12,Active,Imported from mountain_gardens_premium_import_final.csv,1 gal,Plant,5.95,,14.99,5.95,14.99,,Mountain Gardens,2025-12-26,,,
PLA-E4B812C7,Plant,Plant,Plant,Plant,each,49.99,Y,5,2025-12-26 20:32:12,2025-12-26 20:32:12,Active,Imported from mountain_gardens_premium_import_final.csv,5 gal,Plant,22.25,,49.99,22.25,49.99,,Mountain Gardens,2025-12-26,,,
PLA-71653EFB,Plant,Plant,Plant,Plant,each,29.99,Y,5,2025-12-26 20:32:12,2025-12-26 20:32:12,Active,Imported from mountain_gardens_premium_import_final.csv,5 gal,Plant,13.36,,29.99,13.36,29.99,,Mountain Gardens,2025-12-26,,,
PLA-C3D5612F,Plant,Plant,Plant,Plant,each,44.99,Y,5,2025-12-26 20:32:12,2025-12-26 20:32:12,Active,Imported from mountain_gardens_premium_import_final.csv,5 gal,Plant,19.75,,44.99,19.75,44.99,,Mountain Gardens,2025-12-26,,,
PLA-2D2B8884,Plant,Plant,Plant,Plant,each,32.99,Y,5,2025-12-26 20:32:13,2025-12-26 20:32:13,Active,Imported from mountain_gardens_premium_import_final.csv,5 gal,Plant,,,32.99,,32.99,,Mountain Gardens,2025-12-26,,,
PLA-FA6373D8,Plant,Plant,Plant,Plant,each,29.99,Y,5,2025-12-26 20:32:13,2025-12-26 20:32:13,Active,Imported from mountain_gardens_premium_import_final.csv,3 gal,Plant,11.65,,29.99,11.65,29.99,,Mountain Gardens,2025-12-26,,,
PLA-EDB8DFFE,Plant,Plant,Plant,Plant,each,14.99,Y,5,2025-12-26 20:32:13,2025-12-26 20:32:13,Active,Imported from mountain_gardens_premium_import_final.csv,1 gal,Plant,5.45,,14.99,5.45,14.99,,Mountain Gardens,2025-12-26,,,
PLA-D15130AE,Plant,Plant,Plant,Plant,each,31.99,Y,5,2025-12-26 20:32:13,2025-12-26 20:32:13,Active,Imported from mountain_gardens_premium_import_final.csv,3 gal,Plant,,,31.99,,31.99,,Mountain Gardens,2025-12-26,,,
PLA-542998E6,Plant,Plant,Plant,Plant,each,29.99,Y,5,2025-12-26 20:32:13,2025-12-26 20:32:13,Active,Imported from mountain_gardens_premium_import_final.csv,5 gal,Plant,12.5,,29.99,12.5,29.99,,Mountain Gardens,2025-12-26,,,
PLA-CE5EDFF9,Plant,Plant,Plant,Plant,each,14.99,Y,5,2025-12-26 20:32:13,2025-12-26 20:32:13,Active,Imported from mountain_gardens_premium_import_final.csv,1 gal,Plant,5.1,,14.99,5.1,14.99,,Mountain Gardens,2025-12-26,,,
PLA-A67F2549,Plant,Plant,Plant,Plant,each,39.99,Y,5,2025-12-26 20:32:13,2025-12-26 20:32:13,Active,Imported from mountain_gardens_premium_import_final.csv,5 gal,Plant,16.0,,39.99,16.0,39.99,,Mountain Gardens,2025-12-26,,,
PLA-94E6BD4D,Plant,Plant,Plant,Plant,each,34.99,Y,5,2025-12-26 20:32:13,2025-12-26 20:32:13,Active,Imported from mountain_gardens_premium_import_final.csv,5 gal,Plant,15.0,,34.99,15.0,34.99,,Mountain Gardens,2025-12-26,,,
PLA-97A3ED6D,Plant,Plant,Plant,Plant,each,34.99,Y,5,2025-12-26 20:32:13,2025-12-26 20:32:13,Active,Imported from mountain_gardens_premium_import_final.csv,5 gal,Plant,14.35,,34.99,14.35,34.99,,Mountain Gardens,2025-12-26,,,
PLA-A9D847C0,Plant,Plant,Plant,Plant,each,34.99,Y,5,2025-12-26 20:32:13,2025-12-26 20:32:13,Active,Imported from mountain_gardens_premium_import_final.csv,,Plant,15.0,,34.99,15.0,34.99,,Mountain Gardens,2025-12-26,,,
PLA-BFAD854D,Plant,Plant,Plant,Plant,each,29.99,Y,5,2025-12-26 20:32:13,2025-12-26 20:32:13,Active,Imported from mountain_gardens_premium_import_final.csv,3 gal,Plant,13.25,,29.99,13.25,29.99,,Mountain Gardens,2025-12-26,,,
PLA-F93E0C9B,Plant,Plant,Plant,Plant,each,34.99,Y,5,2025-12-26 20:32:13,2025-12-26 20:32:13,Active,Imported from mountain_gardens_premium_import_final.csv,5 gal,Plant,14.45,,34.99,14.45,34.99,,Mountain Gardens,2025-12-26,,,
PLA-7FD10EE5,Plant,Plant,Plant,Plant,each,34.99,Y,5,2025-12-26 20:32:13,2025-12-26 20:32:13,Active,Imported from mountain_gardens_premium_import_final.csv,5 gal,Plant,15.26,,34.99,15.26,34.99,,Mountain Gardens,2025-12-26,,,
PLA-DB0876F1,Plant,Plant,Plant,Plant,each,19.99,Y,5,2025-12-26 20:32:13,2025-12-26 20:32:13,Active,Imported from mountain_gardens_premium_import_final.csv,5 gal,Plant,6.93,,19.99,6.93,19.99,,Mountain Gardens,2025-12-26,,,
PLA-FC84F23F,Plant,Plant,Plant,Plant,each,44.99,Y,5,2025-12-26 20:32:13,2025-12-26 20:32:13,Active,Imported from mountain_gardens_premium_import_final.csv,5 gal,Plant,19.75,,44.99,19.75,44.99,,Mountain Gardens,2025-12-26,,,
PLA-F5F2BB98,Plant,Plant,Plant,Plant,each,24.99,Y,5,2025-12-26 20:32:13,2025-12-26 20:32:13,Active,Imported from mountain_gardens_premium_import_final.csv,2 gal,Plant,8.29,,24.99,8.29,24.99,,Mountain Gardens,2025-12-26,,,
PLA-8B903609,Plant,Plant,Plant,Plant,each,29.99,Y,5,2025-12-26 20:32:13,2025-12-26 20:32:13,Active,Imported from mountain_gardens_premium_import_final.csv,5 gal,Plant,12.75,,29.99,12.75,29.99,,Mountain Gardens,2025-12-26,,,
PLA-F61E20BD,Plant,Plant,Plant,Plant,each,34.99,Y,5,2025-12-26 20:32:13,2025-12-26 20:32:13,Active,Imported from mountain_gardens_premium_import_final.csv,5 gal,Plant,13.95,,34.99,13.95,34.99,,Mountain Gardens,2025-12-26,,,
PLA-8C71845C,Plant,Plant,Plant,Plant,each,24.99,Y,5,2025-12-26 20:32:13,2025-12-26 20:32:13,Active,Imported from mountain_gardens_premium_import_final.csv,2 gal,Plant,9.2,,24.99,9.2,24.99,,Mountain Gardens,2025-12-26,,,
PLA-C80F5CC3,Plant,Plant,Plant,Plant,each,34.99,Y,5,2025-12-26 20:32:13,2025-12-26 20:32:13,Active,Imported from mountain_gardens_premium_import_final.csv,3 gal,Plant,13.75,,34.99,13.75,34.99,,Mountain Gardens,2025-12-26,,,
PLA-7AD2886D,Plant,Plant,Plant,Plant,each,49.99,Y,5,2025-12-26 20:32:13,2025-12-26 20:32:13,Active,Imported from mountain_gardens_premium_import_final.csv,3 gal,Plant,20.25,,49.99,20.25,49.99,,Mountain Gardens,2025-12-26,,,
PLA-01E69622,Plant,Plant,Plant,Plant,each,29.99,Y,5,2025-12-26 20:32:13,2025-12-26 20:32:13,Active,Imported from mountain_gardens_premium_import_final.csv,3 gal,Plant,,,29.99,,29.99,,Mountain Gardens,2025-12-26,,,
PLA-F7DB745F,Plant,Plant,Plant,Plant,each,29.99,Y,5,2025-12-26 20:32:13,2025-12-26 20:32:13,Active,Imported from mountain_gardens_premium_import_final.csv,3 gal,Plant,,,29.99,,29.99,,Mountain Gardens,2025-12-26,,,
PLA-2D646DC3,Plant,Plant,Plant,Plant,each,44.99,Y,5,2025-12-26 20:32:13,2025-12-26 20:32:13,Active,Imported from mountain_gardens_premium_import_final.csv,5 gal,Plant,19.75,,44.99,19.75,44.99,,Mountain Gardens,2025-12-26,,,
PLA-9CD79BF4,Plant,Plant,Plant,Plant,each,44.99,Y,5,2025-12-26 20:32:13,2025-12-26 20:32:13,Active,Imported from mountain_gardens_premium_import_final.csv,3 gal,Plant,19.75,,44.99,19.75,44.99,,Mountain Gardens,2025-12-26,,,
PLA-67AA07E5,Plant,Plant,Plant,Plant,each,14.99,Y,5,2025-12-26 20:32:13,2025-12-26 20:32:13,Active,Imported from mountain_gardens_premium_import_final.csv,1 gal,Plant,3.57,,14.99,3.57,14.99,,Mountain Gardens,2025-12-26,,,
PLA-1C5BE634,Plant,Plant,Plant,Plant,each,34.99,Y,5,2025-12-26 20:32:13,2025-12-26 20:32:13,Active,Imported from mountain_gardens_premium_import_final.csv,5 gal,Plant,14.5,,34.99,14.5,34.99,,Mountain Gardens,2025-12-26,,,
PLA-144CAEF2,Plant,Plant,Plant,Plant,each,29.99,Y,5,2025-12-26 20:32:13,2025-12-26 20:32:13,Active,Imported from mountain_gardens_premium_import_final.csv,3 gal,Plant,,,29.99,,29.99,,Mountain Gardens,2025-12-26,,,
PLA-D54E8513,Plant,Plant,Plant,Plant,each,34.99,Y,5,2025-12-26 20:32:13,2025-12-26 20:32:13,Active,Imported from mountain_gardens_premium_import_final.csv,5 gal,Plant,14.5,,34.99,14.5,34.99,,Mountain Gardens,2025-12-26,,,
PLA-E05E1896,Plant,Plant,Plant,Plant,each,34.99,Y,5,2025-12-26 20:32:13,2025-12-26 20:32:13,Active,Imported from mountain_gardens_premium_import_final.csv,3 gal,Plant,13.75,,34.99,13.75,34.99,,Mountain Gardens,2025-12-26,,,
PLA-36717BA2,Plant,Plant,Plant,Plant,each,29.99,Y,5,2025-12-26 20:32:13,2025-12-26 20:32:13,Active,Imported from mountain_gardens_premium_import_final.csv,3 gal,Plant,11.65,,29.99,11.65,29.99,,Mountain Gardens,2025-12-26,,,
PLA-07C5E4E2,Plant,Plant,Plant,Plant,each,49.99,Y,5,2025-12-26 20:32:13,2025-12-26 20:32:13,Active,Imported from mountain_gardens_premium_import_final.csv,3 gal,Plant,20.25,,49.99,20.25,49.99,,Mountain Gardens,2025-12-26,,,
PLA-BB4E4E89,Plant,Plant,Plant,Plant,each,24.99,Y,5,2025-12-26 20:32:13,2025-12-26 20:32:13,Active,Imported from mountain_gardens_premium_import_final.csv,3 gal,Plant,6.43,,24.99,6.43,24.99,,Mountain Gardens,2025-12-26,,,
PLA-3EE8A934,Plant,Plant,Plant,Plant,each,29.99,Y,5,2025-12-26 20:32:13,2025-12-26 20:32:13,Active,Imported from mountain_gardens_premium_import_final.csv,3 gal,Plant,9.9,,29.99,9.9,29.99,,Mountain Gardens,2025-12-26,,,
PLA-3C38E9F3,Plant,Plant,Plant,Plant,each,34.99,Y,5,2025-12-26 20:32:13,2025-12-26 20:32:13,Active,Imported from mountain_gardens_premium_import_final.csv,5 gal,Plant,14.0,,34.99,14.0,34.99,,Mountain Gardens,2025-12-26,,,
PLA-2229A707,Plant,Plant,Plant,Plant,each,24.99,Y,5,2025-12-26 20:32:13,2025-12-26 20:32:13,Active,Imported from mountain_gardens_premium_import_final.csv,3 gal,Plant,11.0,,24.99,11.0,24.99,,Mountain Gardens,2025-12-26,,,
PLA-421A8408,Plant,Plant,Plant,Plant,each,34.99,Y,5,2025-12-26 20:32:13,2025-12-26 20:32:13,Active,Imported from mountain_gardens_premium_import_final.csv,3 gal,Plant,13.75,,34.99,13.75,34.99,,Mountain Gardens,2025-12-26,,,
PLA-806E3C82,Plant,Plant,Plant,Plant,each,24.99,Y,5,2025-12-26 20:32:13,2025-12-26 20:32:13,Active,Imported from mountain_gardens_premium_import_final.csv,3 gal,Plant,6.43,,24.99,6.43,24.99,,Mountain Gardens,2025-12-26,,,
PLA-E8247168,Plant,Plant,Plant,Plant,each,29.99,Y,5,2025-12-26 20:32:13,2025-12-26 20:32:13,Active,Imported from mountain_gardens_premium_import_final.csv,3 gal,Plant,,,29.99,,29.99,,Mountain Gardens,2025-12-26,,,
PLA-8CD8D5E7,Plant,Plant,Plant,Plant,each,34.99,Y,5,2025-12-26 20:32:13,2025-12-26 20:32:13,Active,Imported from mountain_gardens_premium_import_final.csv,3 gal,Plant,13.75,,34.99,13.75,34.99,,Mountain Gardens,2025-12-26,,,
PLA-E78D4393,Plant,Plant,Plant,Plant,each,29.99,Y,5,2025-12-26 20:32:13,2025-12-26 20:32:13,Active,Imported from mountain_gardens_premium_import_final.csv,5 gal,Plant,12.5,,29.99,12.5,29.99,,Mountain Gardens,2025-12-26,,,
PLA-B165A2FA,Plant,Plant,Plant,Plant,each,34.99,Y,5,2025-12-26 20:32:13,2025-12-26 20:32:13,Active,Imported from mountain_gardens_premium_import_final.csv,5 gal,Plant,13.95,,34.99,13.95,34.99,,Mountain Gardens,2025-12-26,,,
PLA-4A2AA1C0,Plant,Plant,Plant,Plant,each,29.99,Y,5,2025-12-26 20:32:13,2025-12-26 20:32:13,Active,Imported from mountain_gardens_premium_import_final.csv,3 gal,Plant,,,29.99,,29.99,,Mountain Gardens,2025-12-26,,,
PLA-646B8142,Plant,Plant,Plant,Plant,each,29.99,Y,5,2025-12-26 20:32:13,2025-12-26 20:32:13,Active,Imported from mountain_gardens_premium_import_final.csv,3 gal,Plant,11.65,,29.99,11.65,29.99,,Mountain Gardens,2025-12-26,,,
PLA-61F2423D,Plant,Plant,Plant,Plant,each,29.99,Y,5,2025-12-26 20:32:13,2025-12-26 20:32:13,Active,Imported from mountain_gardens_premium_import_final.csv,3 gal,Plant,9.2,,29.99,9.2,29.99,,Mountain Gardens,2025-12-26,,,
PLA-994AAB90,Plant,Plant,Plant,Plant,each,44.99,Y,5,2025-12-26 20:32:13,2025-12-26 20:32:13,Active,Imported from mountain_gardens_premium_import_final.csv,3 gal,Plant,19.75,,44.99,19.75,44.99,,Mountain Gardens,2025-12-26,,,
PLA-4BC328C7,Plant,Plant,Plant,Plant,each,34.99,Y,5,2025-12-26 20:32:13,2025-12-26 20:32:13,Active,Imported from mountain_gardens_premium_import_final.csv,3 gal,Plant,13.75,,34.99,13.75,34.99,,Mountain Gardens,2025-12-26,,,
PLA-92632C70,Plant,Plant,Plant,Plant,each,89.99,Y,5,2025-12-26 20:32:13,2025-12-26 20:32:13,Active,Imported from mountain_gardens_premium_import_final.csv,5 gal,Plant,45.0,,89.99,45.0,89.99,,Mountain Gardens,2025-12-26,,,
PLA-C1505DE9,Plant,Plant,Plant,Plant,each,24.99,Y,5,2025-12-26 20:32:13,2025-12-26 20:32:13,Active,Imported from mountain_gardens_premium_import_final.csv,3 gal,Plant,6.43,,24.99,6.43,24.99,,Mountain Gardens,2025-12-26,,,
PLA-2B3232B3,Plant,Plant,Plant,Plant,each,29.99,Y,5,2025-12-26 20:32:13,2025-12-26 20:32:13,Active,Imported from mountain_gardens_premium_import_final.csv,5 gal,Plant,13.25,,29.99,13.25,29.99,,Mountain Gardens,2025-12-26,,,
PLA-37F6F41F,Plant,Plant,Plant,Plant,each,24.99,Y,5,2025-12-26 20:32:13,2025-12-26 20:32:13,Active,Imported from mountain_gardens_premium_import_final.csv,3 gal,Plant,7.63,,24.99,7.63,24.99,,Mountain Gardens,2025-12-26,,,
